AA	PHI	PSI	_COUNT	COUNT	PROB	B_CHI1	B_CHI2	B_CHI3	B_CHI4	B_CHI1Sig	B_CHI2Sig	B_CHI3Sig	B_CHI4Sig
ARG	-150	-180	8	47	0.1702127659574468	60.48530143654824	-174.51078082957767	173.20425129536906	90.87128023662332	4.668941011712231	11.150347649980091	10.419247350324873	8.0438454272729
ARG	-150	120	6	58	0.10344827586206896	178.62307502792976	166.1891213584422	173.79998705821987	82.90740274846418	8.47034977837595	8.188061721052886	14.316273577956808	11.420672704421696
ARG	-150	120	7	58	0.1206896551724138	-177.6456902659337	-173.79881373685728	175.93286705835487	-175.54961537670184	7.303816995589304	7.279648109161766	5.892535122571965	8.99851150905422
ARG	-150	120	5	58	0.08620689655172414	-171.75195169405498	171.00171219270067	-72.27947421052984	162.22714856070863	10.285728120813184	15.847995702881272	16.33636045578523	20.158861979021662
ARG	-150	120	5	58	0.08620689655172414	-61.567714168766216	-170.63151202275952	178.63724847352702	176.7676870698788	4.754426309274762	3.804348730158104	10.97357641891885	3.5162833033703187
ARG	-150	150	5	196	0.025510204081632654	58.85455143767493	-174.52074321779583	57.64046935853763	90.67891087694991	7.816983042108524	10.717357374217345	9.120318051474161	5.8710423596464825
ARG	-150	150	5	196	0.025510204081632654	61.082574329100964	-166.1555340788874	67.30484619086776	-110.24830046766355	7.541587179289321	10.004096783214008	9.194730275536198	6.544003095153213
ARG	-150	150	17	196	0.08673469387755102	66.17177995815405	-179.4435592961786	178.35187333011902	82.5601199364664	4.744025882498506	11.248957312706025	6.62106889894368	4.01067290579683
ARG	-150	150	19	196	0.09693877551020408	66.27502669868849	179.9512425744677	177.78623090803802	-177.1589841190959	7.674415367998427	10.723153813535317	9.26594679129787	12.200786306512658
ARG	-150	150	8	196	0.04081632653061224	65.45373049254438	-161.8889720725044	-175.75190797029236	-78.53162379350887	4.858974143427385	4.044396425845718	4.000954913091243	9.25486471910616
ARG	-150	150	6	196	0.030612244897959183	-166.81411297957146	175.24536670045742	68.06886982383308	-173.08418997664037	11.623436436715513	6.508823027386808	8.869080905812302	12.169713204790808
ARG	-150	150	9	196	0.04591836734693878	-172.64884161466543	170.09310060438202	179.48633455182068	-174.68974947048574	9.920321727169739	11.136300186710343	10.125289349633887	11.725279408064818
ARG	-150	150	6	196	0.030612244897959183	-177.34878439319024	178.72971912319917	-69.2929571242554	158.36565699909733	7.065187918869517	9.183786476397401	10.158159597615072	15.0338178805257
ARG	-150	150	10	196	0.05102040816326531	-53.5630476385634	176.32359642133287	68.95277757928419	175.0396332775019	15.53055804205922	20.521125072546393	9.69153464912434	16.183688059634513
ARG	-150	150	10	196	0.05102040816326531	-71.54342265884009	-174.55378655711849	175.0154093603791	78.26519841004351	11.443869752786176	9.77589929559025	8.726557961470364	10.340190364473182
ARG	-150	150	7	196	0.03571428571428571	-62.84930922814578	-173.9824453589381	-177.38947066592786	177.50394748181094	6.214102674896194	11.74308948386137	10.655206642870382	17.195901999317744
ARG	-150	150	6	196	0.030612244897959183	-75.90140987978555	173.33333981535324	177.4447832479753	-81.55038870635491	9.254539203224713	10.288041337661408	8.559503292129634	5.19011495370992
ARG	-150	150	7	196	0.03571428571428571	-73.46119069509125	-179.3377244803145	-70.9755519555615	-165.0018337009186	12.288462347669483	9.298829003004142	10.485422060525794	15.26757601003664
ARG	-150	150	5	196	0.025510204081632654	-61.30326280649523	-173.99419038388038	-60.739101605274755	-87.76169600729486	2.828231935567712	14.436005820981626	15.915295733653064	20.27898261921275
ARG	-150	150	16	196	0.08163265306122448	-67.36154065436357	-71.17155241572517	-174.8991955094253	-82.25270239187468	4.977130348889975	4.598255971390178	2.218006282706101	5.57611229764012
ARG	-150	150	9	196	0.04591836734693878	-22.95009589056437	-10.166750961680721	-9.40145059546827	-10.178356144224017	30.79468167401806	27.6484961334124	22.628757837773076	28.00916084522011
ARG	-120	-180	5	32	0.15625	-50.66569203145391	-177.92815080357798	-78.70712400218989	159.98795837189633	8.042074570526989	13.452556829050748	3.4284937341278754	9.06552335916257
ARG	-120	-30	5	32	0.15625	-50.13639268641637	-43.71504067356811	-39.59957572509786	-20.042238456165837	30.77014261583009	29.38613933813728	27.549853803354708	39.13010455004187
ARG	-120	0	7	69	0.10144927536231885	-63.49644606651551	175.70731194390174	57.95574234892437	87.33214684221916	3.68911756084118	5.526109760629483	6.280992955651467	6.131879776487138
ARG	-120	0	5	69	0.07246376811594203	-68.08987732340125	177.46357211979577	72.0328630061744	-170.84532141129853	6.678832693928936	18.39246862253134	13.703680414506955	8.201025540357671
ARG	-120	0	5	69	0.07246376811594203	-63.10818192829892	179.50555513879456	179.72878518605762	79.82640500959387	5.228875711738383	6.52862703521876	11.350092034203055	9.65519379223899
ARG	-120	0	10	69	0.14492753623188406	-62.683451471078776	176.736086471391	170.96284431218336	168.7186592524568	4.948919277376992	9.683213619158678	6.589178664661846	8.645717924701401
ARG	-120	0	5	69	0.07246376811594203	-56.40540692102644	178.76794310188524	171.95675465682706	-86.24930374233779	4.301581888390684	12.73147470982721	31.597363051522436	10.910489551753706
ARG	-120	0	6	69	0.08695652173913043	-63.222751106437045	-174.400633975243	-64.68678287207814	147.2939441416191	5.662034046527704	10.724238427662028	6.1042618794518315	25.610310604758173
ARG	-120	0	5	69	0.07246376811594203	-61.03445135260466	-168.55354705931785	-61.60351608213899	-90.33056715990594	5.832962303552307	19.12176232083157	16.522164541851737	17.627185117720245
ARG	-120	30	8	40	0.2	-50.34628523987873	-167.13147928666933	-177.49017811308198	-175.18157286834983	7.288191664025073	9.330884357396817	6.393670185005234	11.898961890493162
ARG	-120	30	6	40	0.15	-70.99886084373337	176.32682619747138	171.46723648519216	-90.32398151538438	11.542548155765175	10.4712399998259	13.31445964103986	13.437716708825766
ARG	-120	60	6	19	0.3157894736842105	-65.83413878707853	-61.53608736762001	-57.25395923939011	-83.70606245978301	3.0468016415267605	7.231750385006175	8.26139503175427	6.980111040888499
ARG	-120	90	5	32	0.15625	178.69696252642223	175.04391568391807	-91.11467271372649	173.8259104017763	4.189488478130722	4.428813431592758	8.307878585464783	4.289635170752302
ARG	-120	120	11	181	0.06077348066298342	-176.461595283257	170.8922008925327	65.26822557879743	86.59962712621386	7.841853311300868	11.258014060119327	12.024655384857855	10.070562554313593
ARG	-120	120	9	181	0.049723756906077346	179.74808221599977	171.63296446357907	66.2649752004814	-149.74612820728174	3.9115213604694192	10.283698074167038	10.047820314399125	21.910254604800873
ARG	-120	120	6	181	0.03314917127071823	-171.43654090436416	177.12765451738667	81.44028736265336	-104.63153942094796	2.821027654229013	7.438636473186381	12.18943573502038	4.7949613855192155
ARG	-120	120	5	181	0.027624309392265192	175.5320589580535	-171.85042742975614	-173.0554441229831	93.04365543193576	7.492955427264729	6.438315705120603	12.109752591368979	9.82619723570958
ARG	-120	120	13	181	0.0718232044198895	179.61794799282384	-173.08502461621927	-174.46729686964142	168.14092954240644	7.9970462646105425	12.453866301663727	7.673160335155692	18.76571703417477
ARG	-120	120	11	181	0.06077348066298342	178.71398607479472	-177.14768317164095	-77.95606131462759	106.47861637833365	6.285171363382218	8.411133785171062	15.199547085028387	6.255738323126722
ARG	-120	120	15	181	0.08287292817679558	-178.27065306447295	171.9818118111458	-65.97590422240935	179.58047647734898	9.013834705668947	10.204693140965354	13.100997559104417	19.217559112509313
ARG	-120	120	14	181	0.07734806629834254	-174.8889805073053	-179.04387491233905	-65.90304163547503	-83.56064759753974	5.372342832333217	8.42201698613696	8.219112450885904	7.977027736510731
ARG	-120	120	11	181	0.06077348066298342	-64.16051374275095	-177.59702004743474	66.26560476826181	-170.57558414749113	7.747417378361127	11.840161421336589	7.018595557832695	12.509113024823455
ARG	-120	120	5	181	0.027624309392265192	-64.86036648323409	-179.0735952407675	174.29010522880046	83.08643804257777	6.68630503627356	13.901690296904787	16.46372154412105	7.742624970613427
ARG	-120	120	15	181	0.08287292817679558	-68.4072800208596	-179.6730926697713	178.84539208566693	167.0665510652029	8.830555462241636	11.737750088334371	15.479664287565273	19.770386012834933
ARG	-120	120	10	181	0.055248618784530384	-69.92838460737865	177.6211001552275	-175.58716405617875	-88.96365547335319	7.542848649202127	10.646745802757918	8.416996023955349	8.939843473042444
ARG	-120	120	6	181	0.03314917127071823	-62.56111773407533	-163.81378226375523	-57.599334254951515	169.12964725346453	10.93980611998877	5.981345497381931	11.12920409006255	13.469709430952664
ARG	-120	120	6	181	0.03314917127071823	-63.52172633320272	-66.61800537570255	176.69420267575552	173.79826844239483	8.286718308043818	3.965752134235694	5.818002852784252	14.889828407516104
ARG	-120	120	11	181	0.06077348066298342	-40.65481542397631	-54.7383344208908	-46.95480788785744	-73.524183207726	25.526927697459143	29.68526434227133	30.110130894438257	37.87230537376474
ARG	-120	150	5	197	0.025380710659898477	176.6485923815859	179.74435491120985	61.14209991795185	92.37202015672905	10.361293890602669	7.493162892600157	11.790642942671646	5.534797268430882
ARG	-120	150	7	197	0.03553299492385787	-166.4031132162238	172.9546610351047	58.329607383930295	-174.39524079607833	7.634858098372893	13.284817086377533	7.479554970923835	17.34100694296486
ARG	-120	150	5	197	0.025380710659898477	-172.72885430528086	-167.46675141141122	-166.14236473463853	-173.40889359098372	7.598312311525948	9.892843864996191	10.031808722136724	10.096848702151572
ARG	-120	150	5	197	0.025380710659898477	-179.6768314401076	-170.4839281436251	-59.78033161621467	-87.96787731175678	6.1059160763413995	10.74252994840864	8.135026240708324	10.46041090288434
ARG	-120	150	6	197	0.030456852791878174	-67.80334944209257	178.02259315404135	60.09004162535709	76.29863539832006	5.577137713863828	5.912039789621646	2.631460407241823	8.573539533843615
ARG	-120	150	9	197	0.04568527918781726	-61.19434666993705	177.76157780172642	64.75327425813258	-176.55483673184855	16.239588628597247	8.764252665131965	10.997125413660424	12.792435753233956
ARG	-120	150	12	197	0.06091370558375635	-69.47593482953721	-177.4180774895914	169.63882037350535	83.24141124269109	10.591890891046296	18.092000547960442	14.390115559540783	10.747468117215961
ARG	-120	150	18	197	0.09137055837563451	-63.708141369697636	178.87627101121285	179.7123256988766	-166.2939313113573	6.85117784245675	9.716464487380172	12.381844247095076	22.42063149924068
ARG	-120	150	25	197	0.12690355329949238	-66.30117400770085	175.0425951929621	-177.87991836309678	-86.13486702219095	6.054325521616593	10.725472366029758	10.197393947075431	11.281055978052526
ARG	-120	150	12	197	0.06091370558375635	-68.10104970832509	-167.39284253839534	-68.15681475577763	176.60736653517836	14.17814615509605	28.14830018001575	13.470945606831501	23.315457395334665
ARG	-120	150	8	197	0.04060913705583756	-64.16580725932188	176.77619104110434	-57.874494537890556	-83.09732591758873	4.58828551845411	4.196507864148467	16.055010253823102	19.442213689889044
ARG	-120	150	5	197	0.025380710659898477	-58.398191343591684	-74.36734525219335	-177.60865593929418	80.82136090826113	10.840764233398197	8.34587910424921	15.108194778087968	10.254941846960511
ARG	-120	150	13	197	0.06598984771573604	-61.86831998830812	-69.02737287149186	178.71441181755952	-88.54763043077958	6.161182467933457	5.278282578616394	3.720647120479708	7.8594448871725575
ARG	-120	150	13	197	0.06598984771573604	-6.852563128510342	-7.661842276210377	-3.0324158383107167	-3.4087828194233514	17.68575941406245	23.84522873335688	16.377677191817927	15.789461970587848
ARG	-90	-180	6	32	0.1875	-0.7048106765244703	0.0	0.0	0.0	6.461765166849023	0.0	0.0	0.0
ARG	-90	-30	5	217	0.02304147465437788	62.285560394915	-167.8913102003195	58.702322720709056	-165.298568331643	10.488491887876908	9.207295901809397	10.473210880998002	10.065422060698895
ARG	-90	-30	10	217	0.04608294930875576	178.36392215550848	65.60124399523687	-173.24975824247596	83.80647579312793	10.23621102769424	4.853823284998456	9.87113156311473	7.676656266664408
ARG	-90	-30	8	217	0.03686635944700461	-173.0510856309524	166.1416253998114	159.35582715816867	80.97409659099074	10.161359135741632	14.538276530246025	13.222644082470966	9.776975090164477
ARG	-90	-30	7	217	0.03225806451612903	-175.03016113677972	176.55131926887088	179.6078022958098	-83.6596564696533	9.707247718016882	10.961190751399519	9.884588301747897	8.94081000174923
ARG	-90	-30	8	217	0.03686635944700461	-168.4284686901131	174.9312751200592	-56.679728175536226	174.29653929274488	13.190235218278925	9.5843630078092	13.347905485559192	14.633764739001585
ARG	-90	-30	5	217	0.02304147465437788	-171.29290365588335	169.62550522620532	-61.17365628123842	-95.91559837299083	3.9418668156342656	3.3401574030546257	5.582916821981221	9.209118506100383
ARG	-90	-30	8	217	0.03686635944700461	-66.31597218655814	176.73337940534793	68.54272609517533	79.82268677754347	11.88555222152245	8.258803995134762	11.960302291010201	5.931274995615901
ARG	-90	-30	17	217	0.07834101382488479	-69.10240269299636	-177.7438200053633	66.01663792277505	-175.69792171278385	8.794393543892369	16.19939261433458	10.116734669678777	15.09710490325248
ARG	-90	-30	5	217	0.02304147465437788	-57.620860935972686	-167.74407631654486	57.31029653503522	-105.01277922822307	2.494073133850291	5.615153671078366	5.27116304127349	1.2466898518145066
ARG	-90	-30	10	217	0.04608294930875576	-74.95638531274771	-176.65566462243132	-170.5479179725721	78.7553336183102	4.265724770983184	13.175207543079997	10.376263483298807	14.393349398679879
ARG	-90	-30	19	217	0.08755760368663594	-65.44782610150119	-179.2275212225577	-176.28115840419542	-177.51088736663928	7.00955762789632	7.9976237541702035	11.547173028022373	14.181536928334376
ARG	-90	-30	9	217	0.041474654377880185	-70.17185965971002	-178.12731340439657	-176.87223266529656	-89.66077223435698	6.703798638837218	15.64155044989175	18.110541116718473	7.032884061411265
ARG	-90	-30	13	217	0.059907834101382486	-70.5765745660569	-175.12762461239222	-60.17365231366864	169.17797303229645	11.981724542259846	20.081476711166427	16.041977024781225	11.475154356596494
ARG	-90	-30	11	217	0.05069124423963134	-70.48055960906645	-167.35948841472654	-64.40533491885441	-85.82683676785393	9.06406306035812	9.164443939940163	11.754795576555523	5.872746769708458
ARG	-90	-30	11	217	0.05069124423963134	-62.418378910245266	-66.49925966185374	-172.37602383276746	-177.97690135638874	8.309542443121412	11.149564643286949	14.994368345328798	17.321555128549818
ARG	-90	-30	7	217	0.03225806451612903	-57.03085225840577	-58.46873141118353	-66.74845258914681	172.91551382380655	7.009665582162582	11.872196681241912	8.260787631073992	6.143714083333901
ARG	-90	-30	13	217	0.059907834101382486	-15.667795284219364	-23.145892794720698	-15.319177120666708	-16.68364809185315	24.784897221078744	29.300411520435084	28.29887866733218	36.42711351028837
ARG	-90	0	10	178	0.056179775280898875	-60.88892070608536	-179.5783543106353	67.64641496094154	86.43693676890466	8.47448432839003	9.271254113517577	9.700877397922813	11.785927707797144
ARG	-90	0	17	178	0.09550561797752809	-65.27653132105144	178.544343312087	60.91965203962567	-173.55492973419342	5.307382846799677	16.205029308702763	11.145792750445887	18.653089261733722
ARG	-90	0	16	178	0.0898876404494382	-68.49742480890092	169.2275939987722	172.0975474830697	88.6743179616057	5.820416445485372	16.644791025598177	10.947315048123087	11.604411567135488
ARG	-90	0	31	178	0.17415730337078653	-63.0304318670643	178.30583900522882	177.41940085728044	179.15628383639947	5.473493581157077	10.89680456536379	12.742858502788232	16.602951260611135
ARG	-90	0	12	178	0.06741573033707865	-67.70578947107009	174.1732542810536	173.88261570347095	-88.84344238239093	4.609271063886188	7.3768195134129995	10.066810319952573	11.43798333875089
ARG	-90	0	5	178	0.028089887640449437	-64.26220343303287	-171.93401777623257	-77.47046237232631	101.38593373453647	4.97442300011108	4.228218055345092	12.737813505818421	5.563099687279077
ARG	-90	0	9	178	0.05056179775280899	-59.04788734356616	-175.64345963331962	-71.50853455389905	167.26012636536117	7.749088617758955	27.6729905875715	19.83547190029648	12.96411431882971
ARG	-90	0	10	178	0.056179775280898875	-61.02390450275433	-167.22227383862034	-60.263803940169566	-95.59042568370195	9.613520022222165	15.176458976510748	10.87053730356909	12.09375126336841
ARG	-90	0	5	178	0.028089887640449437	-58.14551305151863	-63.36260543364774	173.4411940210272	98.1175941879407	5.610635196990173	8.115507543522293	8.846894711903605	8.108831501217965
ARG	-90	0	11	178	0.06179775280898876	-62.991371940620205	-69.32211972735726	-179.14311849204054	-179.74072298743891	10.738351275796553	7.790084036546236	9.062174098614221	6.049731030768967
ARG	-90	0	7	178	0.03932584269662921	-56.47730156799981	-64.97672267394528	-57.62411741359046	154.38956793878492	6.04165918192619	16.474274908009622	8.58240650798855	12.490616198762497
ARG	-90	0	11	178	0.06179775280898876	-22.612951044120113	-27.78492266108679	-23.57253744564101	-30.885407349206414	28.555799361722176	36.909836522409776	29.967949754017777	41.34404166828882
ARG	-90	60	5	22	0.22727272727272727	-65.48641762559006	176.09594983320838	64.49078357600087	-178.83010748849384	4.942360311600298	6.470606310522764	4.463200998341745	8.827923019854685
ARG	-90	90	6	29	0.20689655172413793	-65.26016261261134	-159.895125632637	-71.52191000737227	-73.04406494955504	10.831950276799848	12.586333321671253	17.59481066597112	23.856770464230465
ARG	-90	90	5	29	0.1724137931034483	-1.926076259066118	-18.467355909898693	-16.29611502700016	-20.309880720252274	8.405224544290165	35.72501976278597	28.24956686116052	42.52407216217931
ARG	-90	120	8	158	0.05063291139240506	-178.72441667009124	165.84471783360857	59.16353263847188	81.33773182411495	4.792916603999892	6.965989932403966	5.094382197828692	12.061718842312656
ARG	-90	120	9	158	0.056962025316455694	-176.4918816543256	160.6729963654274	66.1088865934107	-177.25028466287023	11.36969342306648	16.68992545478023	7.889966897661889	28.351692256872216
ARG	-90	120	11	158	0.06962025316455696	-174.27756754702628	179.91031503677766	175.45988111363326	179.923429045669	10.001718858889587	7.461574559948038	12.865688648002573	9.815685188175857
ARG	-90	120	8	158	0.05063291139240506	-172.9904487724766	-170.02524146719688	-175.86236798428453	-88.63594579685441	8.038572367708149	12.55582720413765	10.355534960312262	5.725836323887914
ARG	-90	120	13	158	0.08227848101265822	-174.89445138988515	171.88738395822412	-62.55488279346486	160.9468604213551	8.454649194735241	9.223743346048972	13.745819336010978	15.293536305388308
ARG	-90	120	6	158	0.0379746835443038	-66.9486370381461	175.7253720422388	63.008222553336715	84.81579111968311	13.450612804313877	6.184440182603892	10.13596924254326	10.632141112670656
ARG	-90	120	8	158	0.05063291139240506	-63.703185559286794	168.93575422763712	62.407651449616985	-160.2491669780759	9.52352365536583	10.667748014148211	6.679168660384194	16.820539118166817
ARG	-90	120	12	158	0.0759493670886076	-62.38115406451914	-179.6448836373862	174.97246061847522	173.71525680063692	7.574444199388752	15.316013296246796	11.427801226825652	20.02118602388147
ARG	-90	120	11	158	0.06962025316455696	-61.85706943664518	176.43241376991725	-66.66708602967381	172.8266447200401	4.335897346073476	10.418088126726468	10.09134315897715	12.521445455125301
ARG	-90	120	8	158	0.05063291139240506	-65.68404762473607	-174.0159199605817	-58.446170985967335	-85.73525225404263	9.198857087180839	3.1996220206758137	21.24405596144787	24.533457008865906
ARG	-90	120	13	158	0.08227848101265822	-15.74169348003425	-7.737245983695274	-5.428511068615519	-7.597517078976059	30.70781887501004	24.79717932955976	16.22256483067959	23.044169039531035
ARG	-90	150	7	180	0.03888888888888889	175.9740124739337	178.5369989512142	-72.51967480071457	153.0974527564152	12.218853458946992	10.975968266094677	9.472789377917538	19.87057297748172
ARG	-90	150	7	180	0.03888888888888889	-167.59695473696166	-173.54968584998036	-73.31474267514461	-81.86657991668157	10.300658826413171	19.985996379535262	16.549481941811074	12.247457090385758
ARG	-90	150	8	180	0.044444444444444446	-60.05238560302689	-177.62307255331075	65.92451182687725	-171.15881048072586	3.779916758660951	8.06924184448967	7.737425587683542	13.610774185729134
ARG	-90	150	13	180	0.07222222222222222	-64.6227227444805	-177.45239613079062	-179.50385795658872	87.79985253298965	7.550511992664104	7.087824474332934	9.950333256827525	8.615452239491303
ARG	-90	150	23	180	0.12777777777777777	-66.55902741456318	-176.66229448015375	-174.89451441046097	178.84931198322082	8.041795334396015	7.217757566068016	9.359598957310322	10.6422097391094
ARG	-90	150	11	180	0.06111111111111111	-66.24793228455594	176.13266914823075	178.6635694425629	-74.13260268128724	5.57850984935016	16.416300089483492	12.924213621527628	12.795934006898234
ARG	-90	150	19	180	0.10555555555555556	-67.68019470741497	175.19091323852737	-64.59721758847137	-177.1829271419072	7.9507856525708425	8.094589922385813	7.013312448892737	10.887625151135095
ARG	-90	150	7	180	0.03888888888888889	-74.88735874957622	-176.97490475467205	-66.92267385724395	-56.35308274636004	3.271086309384917	6.350624573145892	23.988259317658663	43.476064145236336
ARG	-90	150	11	180	0.06111111111111111	-59.459694202148654	-69.07659145478719	177.2487342652739	-175.49766830687378	6.967077271678319	9.973953134749184	5.181182811566624	13.605443241774056
ARG	-90	150	12	180	0.06666666666666667	-9.274223225270235	-3.629298911978415	-3.8285261490599987	-3.6783679983482256	22.22577991396956	18.591371806187375	17.000134541837493	17.174161957936814
ARG	-60	-60	6	561	0.0106951871657754	176.2918783403235	72.89941891324533	56.098937409567945	-177.70025052010024	8.028057926379732	17.582346084388167	5.4910839605143575	7.278608614975373
ARG	-60	-60	11	561	0.0196078431372549	175.7161480556279	73.26669651324183	-179.75837336194977	-178.24893266387497	7.783303569969589	8.809565159233886	18.156691397783312	8.615400238777086
ARG	-60	-60	9	561	0.016042780748663103	-178.3948219769475	63.42574781604368	-179.61336756368493	-72.08615803764322	7.323546833365276	6.198535264540936	18.89054340461614	6.787437836419168
ARG	-60	-60	5	561	0.008912655971479501	-171.14137638702005	68.35089329484835	-100.2754363500032	168.45807825567934	7.536746807138401	6.563980441135446	16.610103704624844	4.0641754013663185
ARG	-60	-60	46	561	0.08199643493761141	-177.35902892633496	-178.67664518880812	65.0672020936358	79.1464785857265	8.759055329495709	12.372206775700661	9.13397952276283	8.29348028241113
ARG	-60	-60	37	561	0.0659536541889483	-177.2641632925687	-178.1588468407102	66.62270683164705	-159.92499385966843	8.740196853881455	11.85756975570232	8.370052511008998	18.47415369636581
ARG	-60	-60	22	561	0.0392156862745098	-173.5753752234739	178.45011944211765	68.49248301860298	-107.7628752969669	7.239273465449949	10.783830470259142	13.410315346802918	4.661641040124581
ARG	-60	-60	30	561	0.053475935828877004	176.74725017984284	-178.35812656788366	174.2871137184347	81.15828948221524	10.829184730432667	16.10376795188783	12.106170936826723	9.537700038028294
ARG	-60	-60	28	561	0.049910873440285206	178.27379595796734	-179.47996480551816	175.0992203884632	-177.27301060826184	9.397802750775188	7.51380099778097	9.731932967039912	13.418646553046662
ARG	-60	-60	24	561	0.0427807486631016	-175.12232263243698	177.59447295342932	174.84424463084935	-81.27016684805105	6.314642172306879	14.45128300867936	12.794571193869333	7.3906401587014905
ARG	-60	-60	24	561	0.0427807486631016	-174.7004327037707	174.8424728435839	-58.16237684894271	111.28683695953691	14.670081183487879	8.446254465116874	12.066734465487107	3.775742548671626
ARG	-60	-60	23	561	0.040998217468805706	-178.81374926938355	176.1420415387168	-67.83847746813021	165.58112776237263	8.067791255053729	15.284013436577375	12.177016288350952	16.67586567570389
ARG	-60	-60	27	561	0.0481283422459893	-177.95706480095652	-179.16349866414765	-60.68887637098846	-82.89319774234114	11.09280826748818	9.682740618555217	14.638141275671487	13.1712486955902
ARG	-60	-60	6	561	0.0106951871657754	-139.58583268461487	-73.3528874591474	171.7502017256604	-166.59682681616536	18.933324524495315	17.833088999027776	31.19228914808228	10.454859983139706
ARG	-60	-60	6	561	0.0106951871657754	-156.78063063264912	-85.66830538041464	-69.6881336636353	160.12141124985573	10.88031453620563	7.501423366732927	16.78729853514138	18.971829243752502
ARG	-60	-60	12	561	0.0213903743315508	-75.11632158791447	175.1375697814985	70.14021404688982	79.31778581305703	8.18212093988572	10.88386139890874	11.975203726424981	4.852144379632896
ARG	-60	-60	27	561	0.0481283422459893	-66.90366076483484	-175.74879670705064	62.92044092958153	-166.53595539398108	8.145346463541319	10.598653323347397	10.265976733672835	12.881954224523948
ARG	-60	-60	23	561	0.040998217468805706	-71.64775323286436	-167.6340067325246	-170.2658276218527	92.15421583666803	8.916432174564008	11.461147114836155	13.270829269219172	7.9150360979943
ARG	-60	-60	37	561	0.0659536541889483	-67.80196623978196	179.9464224014633	-179.14200190005053	177.3400662550198	5.684597880852358	10.921701309692809	10.889053967652023	11.622969383583738
ARG	-60	-60	17	561	0.030303030303030304	-74.2655065064069	-178.48721830356888	174.75232188249637	-82.37991657945389	6.542474758645177	9.552877295899151	13.884853655008966	9.809442408257583
ARG	-60	-60	8	561	0.0142602495543672	-81.78740696246447	-168.00927654641143	-97.43107362604863	110.32498271412294	2.249448577086782	4.852754533914795	8.838795333832776	5.791526105855586
ARG	-60	-60	19	561	0.0338680926916221	-83.77762026897719	-176.20984810520935	-88.42737772379293	156.21262725638823	13.73742941248926	12.996185476410375	11.80588886688828	23.21581793377544
ARG	-60	-60	28	561	0.049910873440285206	-77.99213129879202	-167.12095276392208	-62.15891105878134	-84.92770556318837	12.636950284914672	6.693728803730059	11.137728338962555	9.712813475011885
ARG	-60	-60	12	561	0.0213903743315508	-68.9466223326685	-69.52989579142783	172.29999977329032	-174.22733225635358	16.100826979001692	10.89239191683224	9.887482401998554	8.381808758395835
ARG	-60	-60	5	561	0.008912655971479501	-69.3117125005617	-71.78980409751304	178.11634426075	-92.21824996674664	1.8670372957279429	4.637581470028687	18.052170445055392	4.3250603785141815
ARG	-60	-60	33	561	0.058823529411764705	-4.962492347377229	-4.004215106272458	-3.905304538263128	-3.3421317432939035	16.319175753007595	14.994981432587917	15.33868031282462	17.26737831546116
ARG	-60	-30	5	1362	0.003671071953010279	65.27175108443517	177.50591761212465	68.21627963925137	81.14500806961965	16.79082808656715	11.297006160973696	19.123128038802882	6.946562819481127
ARG	-60	-30	11	1362	0.008076358296622614	72.38415763779821	176.3418215156529	57.36863941154143	-177.16995371297642	14.831995856025355	15.394530049792563	15.365738601244013	7.322065280458098
ARG	-60	-30	15	1362	0.011013215859030838	75.50646954562603	-177.726046668715	-175.95147282907345	87.59171824758835	9.296646052736204	4.296366430535303	5.678745721913463	8.170009369424838
ARG	-60	-30	16	1362	0.011747430249632892	60.72866396634311	-178.13307556378575	175.83828238710566	179.9375219647814	7.332272526263773	3.8941447274938077	11.831876558152233	15.113410434365111
ARG	-60	-30	12	1362	0.00881057268722467	64.15470627433923	177.29370358766394	179.52691853238278	-82.2140330342715	3.1820948510972418	7.817606278842077	8.407941322226216	4.297976206307466
ARG	-60	-30	10	1362	0.007342143906020558	56.494955647998474	177.48144023556344	-56.33643684064058	169.77748319852296	12.665395835959668	8.939288148719047	7.93033314519397	14.181364876278748
ARG	-60	-30	8	1362	0.005873715124816446	67.80898552909656	-176.94668862427324	-51.59525267678535	-77.20087433562674	5.3002429244216325	13.020441382377646	17.621161744262867	20.357781122047104
ARG	-60	-30	13	1362	0.009544787077826725	-175.66251324645216	64.94923616113226	72.79058856048563	82.91218482007902	7.715763866399468	8.768627877358998	20.21006308574462	5.525747343112815
ARG	-60	-30	15	1362	0.011013215859030838	-175.92840001587817	80.29200648903316	65.32825869776192	-176.91319154735052	15.986848029513391	17.608751810712253	12.66161729614555	16.306273382681688
ARG	-60	-30	15	1362	0.011013215859030838	-177.99566368125124	66.56801695086531	178.3140062204264	94.40992052541172	7.830604313589795	8.599233215499106	11.541351198178939	15.097412118532368
ARG	-60	-30	37	1362	0.027165932452276064	-178.88577311951914	61.61173720489641	175.75133958533118	176.57088704912258	4.88288270990441	6.6951570044799595	8.338691109923039	13.123101023274387
ARG	-60	-30	11	1362	0.008076358296622614	179.326810832745	66.27188354053514	-170.85435990561317	-84.04715450458296	7.7668916718943395	7.923544612805268	6.377955895540818	16.6378350075131
ARG	-60	-30	7	1362	0.005139500734214391	-179.55522775449924	72.36500587703557	-86.36426357333022	169.0089127850837	3.610492073588101	6.436396711392034	11.126424817874742	11.470613662112582
ARG	-60	-30	54	1362	0.039647577092511016	-177.99951764295471	177.9858553826984	67.04526563047773	81.53300786498451	9.829327259921305	13.948982242249508	10.762303793083584	11.387886887997436
ARG	-60	-30	58	1362	0.042584434654919234	-173.74858150483288	-175.73545445689246	64.0629687488627	-158.97199645251956	12.224395427360813	16.160453061009754	10.566682386782324	18.959773401797396
ARG	-60	-30	24	1362	0.01762114537444934	-170.76786145293826	170.23283222127532	68.9547102480515	-102.56582094397837	9.272662006414295	19.660342228344618	16.6966707456585	11.901396822571883
ARG	-60	-30	32	1362	0.023494860499265784	-177.2856454994431	178.71616645118158	176.87306465406704	86.31356653613308	9.51002961407109	11.868422164341679	14.159121991061792	8.848692158289518
ARG	-60	-30	69	1362	0.05066079295154185	-176.83157724318045	175.920881411598	178.2902100453398	-178.60062636890797	8.725795644678678	12.032700047463111	11.518497238471774	13.897997795904697
ARG	-60	-30	49	1362	0.035976505139500736	-179.5558170910648	-179.7597676120047	175.27792642351	-84.88972899558692	9.094310411256824	10.405496228350156	15.677137221250348	10.56194394188495
ARG	-60	-30	23	1362	0.016886930983847283	-175.9564113694656	177.80888862027064	-63.84837693137872	105.09550970787078	11.105406523301554	9.469478618305267	10.97519204682096	6.547284806447623
ARG	-60	-30	50	1362	0.03671071953010279	-174.9173142613124	-177.6779665525572	-64.27885802057241	171.10660332941973	11.70558369537339	14.889928619355766	9.550578228842152	18.06440554634017
ARG	-60	-30	38	1362	0.027900146842878122	-176.56180266783383	178.09636971126162	-58.648828103279186	-82.29071819652997	9.937482417434822	9.51678377401217	16.88816313087273	11.53266287109581
ARG	-60	-30	6	1362	0.004405286343612335	-159.55237008267065	-92.9800941254728	178.67821593258267	179.357717557869	18.406061217661076	18.298340855048778	6.036832738190365	6.450154800130398
ARG	-60	-30	7	1362	0.005139500734214391	-153.92967290103627	-96.32240261077168	-55.27333505503546	175.43175159239254	15.303620794805578	12.223318636490522	12.997618563767801	7.22837199736031
ARG	-60	-30	7	1362	0.005139500734214391	-170.34231937115152	-81.99380743568706	-52.63918813806722	-68.54201117375409	5.534555966411029	29.91178254539571	24.32333427986532	25.09849084123066
ARG	-60	-30	46	1362	0.033773861967694566	-70.82062419305942	174.06732586480777	64.30190744788494	83.15241590775005	7.095715768322298	7.5071343515385465	9.74317183684411	9.750156127811787
ARG	-60	-30	75	1362	0.05506607929515418	-69.57674603141076	177.28584875814516	63.40667734627162	-168.1309979380241	9.03998532757206	13.202244737983802	9.870421198840203	15.480570606888842
ARG	-60	-30	13	1362	0.009544787077826725	-65.78926677829833	179.43585242549528	73.96159588709332	-111.22448031298663	5.919360908038725	6.685018221155102	8.737979892068141	6.494399918048755
ARG	-60	-30	77	1362	0.0565345080763583	-68.7998116734604	-169.32851843434148	-175.24573402422863	89.48440826940646	7.101446430557025	12.074709082811212	11.254300102894794	11.17099757415687
ARG	-60	-30	137	1362	0.10058737151248165	-69.77738304100002	-179.43439742096066	-178.35541676773414	177.33729253703888	7.739129956008746	10.08711438512713	9.471876259788406	13.761784960343515
ARG	-60	-30	64	1362	0.04698972099853157	-69.33264652979018	178.84309279211544	179.39779579578598	-83.73253440254598	7.520966454211364	10.240963925913883	10.363263756964814	10.582889312414439
ARG	-60	-30	16	1362	0.011747430249632892	-73.17578366853422	-172.6043060615881	-88.84513636323557	107.58743521729964	10.947942053031973	5.789251424464156	15.252294382699205	8.838188408684687
ARG	-60	-30	76	1362	0.055800293685756244	-73.71615233351999	176.91815830826067	-68.0337667916299	168.29802182300824	10.64721834493731	10.792643931907323	10.791207227763982	18.946534309848207
ARG	-60	-30	75	1362	0.05506607929515418	-71.11501872795625	-167.75002772094987	-66.47732423680974	-87.61449802751493	6.523325711189341	5.783565637783294	9.920006438845881	9.868396508291232
ARG	-60	-30	7	1362	0.005139500734214391	-63.97107799232737	-80.71288375230405	74.93093151868726	79.62695402789188	5.529515251730985	22.5315190517674	22.00210381896823	4.591662595640529
ARG	-60	-30	8	1362	0.005873715124816446	-65.10561701619548	-53.066689286851116	89.96570595614453	-144.16364311503244	3.374814738074184	12.920126713638707	11.125914228127586	6.070356936122788
ARG	-60	-30	8	1362	0.005873715124816446	-71.42797717461559	-74.14061209589822	178.01252804444022	82.53733022460874	8.541588302563948	18.461097164962258	9.837271710926412	17.282487931707067
ARG	-60	-30	27	1362	0.019823788546255508	-70.9821865490922	-70.70251051889389	179.43100764564943	-178.15036564689925	7.207285647019839	13.40487934439205	16.27699729733611	17.912536916601493
ARG	-60	-30	15	1362	0.011013215859030838	-66.24171944831795	-63.57606486668046	-173.30104653019984	-89.95538879620312	8.324247652582159	11.282658686813084	12.03225658993678	10.893181156872181
ARG	-60	-30	17	1362	0.012481644640234948	-69.60030995018994	-60.73352942800659	-62.41128364984644	171.23301515776072	10.201826211260192	10.885251549849341	8.728608673599503	8.3330453025863
ARG	-60	-30	71	1362	0.052129221732745964	-4.062542130063614	-4.199591623463407	-4.33568480392911	-3.936050136754709	16.827467369163806	16.652211313132327	16.104205206679257	19.96450842284871
ARG	-60	0	7	94	0.07446808510638298	-64.79929133140047	-169.3882894395192	57.67285530024779	-164.5066197337045	4.783279601269866	6.236252412418444	7.027897260494844	14.32829795710188
ARG	-60	0	5	94	0.05319148936170213	-63.57956681981029	179.36146896360603	-176.28699555731222	95.45875892543037	5.96477430207912	14.44466361675366	7.296694797916603	11.28692407367897
ARG	-60	0	8	94	0.0851063829787234	-73.71200345747131	174.4782376842126	178.7429298261537	-176.58765380806196	6.140300069148856	5.611689940273058	8.406861601534132	9.98723474943801
ARG	-60	0	5	94	0.05319148936170213	-65.94572365084682	179.8968735008194	-175.24379803931276	-83.33908509021197	5.317308663450725	12.299182634731245	14.455721648584507	10.406811656690806
ARG	-60	0	6	94	0.06382978723404255	-67.22871967526606	-179.58897306195504	-71.00346954371231	178.73215736224182	10.890387239469087	4.565067513942801	10.252688025078653	11.690086478738746
ARG	-60	0	6	94	0.06382978723404255	-83.04676704375096	-169.3268344613861	-70.27358352597065	-91.11422759411589	13.627344898325308	3.7219175540695355	10.57722526540299	3.9727304059431385
ARG	-60	0	9	94	0.09574468085106383	-0.09800620483244789	-0.0979678159456221	-0.09531683952988365	-0.08697834266188233	2.8585193213042994	2.8802107407086126	2.476846440715803	3.4200143623580512
ARG	-60	120	5	118	0.0423728813559322	-179.79533615782145	76.06442718920901	173.2230077058765	-79.43944180019363	5.009268290018555	16.314367544747277	18.89132144402114	8.186845197699919
ARG	-60	120	8	118	0.06779661016949153	-172.0886632854979	171.10061102918291	70.23478124694105	95.06426690932065	11.897586909150906	8.670844143603606	9.201538355179032	6.800291315050694
ARG	-60	120	13	118	0.11016949152542373	178.53730425486532	179.34521513229433	179.81174852789493	-169.24393728957892	6.815344835800312	11.001891002591872	8.041272340900987	8.716369847558745
ARG	-60	120	16	118	0.13559322033898305	-169.34464607985996	-179.72453666648977	-174.13289364948648	-96.03114640628664	4.379784101636645	7.452447367488442	15.104831516471648	6.874825233398619
ARG	-60	120	8	118	0.06779661016949153	-175.27573670281993	-179.58770045969544	-66.71578611513199	-172.53591755351636	6.253697428342288	10.068453083970729	9.673589185725985	18.73386901032541
ARG	-60	120	6	118	0.05084745762711865	-175.0779294550696	-178.16560065147442	-44.63947325888713	-83.42034312709497	2.2192382587377932	6.1998321309371445	16.494774188207106	9.423259659231478
ARG	-60	120	5	118	0.0423728813559322	-66.66793237300985	-179.66203345242465	74.12090062695344	175.74807707660517	9.116348305462319	7.502963408614796	7.5107758724661355	14.298131337406952
ARG	-60	150	6	173	0.03468208092485549	-174.1159417486929	166.53482811922464	59.276018733385904	-170.13742687233008	14.679472401320975	16.02217931700613	11.329746452741487	14.153769700363858
ARG	-60	150	15	173	0.08670520231213873	179.47482764057835	172.74744973226444	-176.59485461845736	178.4686109186516	6.88084523846535	6.9224357388595505	10.012413354198411	9.388610449963714
ARG	-60	150	7	173	0.04046242774566474	-170.10914330324454	-162.5877295701014	-160.51376924064127	-99.17946298656899	5.093648695282851	10.893574222015829	3.4478251882389683	6.858338122132775
ARG	-60	150	6	173	0.03468208092485549	-176.13594274409095	174.95617907595215	-59.384511096207795	-94.30452529681862	10.526592799338243	13.894308225965633	12.39342696539695	8.99365484935707
ARG	-60	150	14	173	0.08092485549132948	-68.2928422188379	174.72819167048664	67.2360529749345	176.63008862688167	6.312419318122637	14.54848923373886	15.215047665987779	12.5567459541222
ARG	-60	150	11	173	0.06358381502890173	-64.25253385359323	178.92621571602024	169.83938733232293	95.03106834435363	6.080960779413276	6.150554255848102	10.004501359123397	10.642568998064963
ARG	-60	150	14	173	0.08092485549132948	-65.43063646479469	-177.28770055662486	173.92622641939758	-178.89666769030603	6.4743269743946605	5.773751881582771	8.890924399479607	6.852088100609901
ARG	-60	150	6	173	0.03468208092485549	-66.48959318143297	-178.45582572157744	-176.64704252926236	-73.66642555063899	5.36029585310443	13.025573044360186	8.797457909887108	9.635667158514325
ARG	-60	150	20	173	0.11560693641618497	-60.897648276830715	179.0767968926426	-75.22839172697776	-179.6382151561162	10.914548379789409	13.613860085339448	12.038916886898107	13.204515379715433
ARG	-60	150	7	173	0.04046242774566474	-63.5682867124009	-69.56824297772216	178.65468613544292	-176.64611713308688	3.08821766193885	4.188155415891093	7.13812424890418	13.785883682253598
ARG	-60	150	10	173	0.057803468208092484	-7.111912645504933	-6.947023467444353	-6.5661381216766435	-6.81261692779033	21.892193443543878	19.515304118426034	15.957884864952966	27.01069780236705
ARG	60	30	7	45	0.15555555555555556	-74.86008494641689	177.0291041785818	-177.49162576573823	170.75183619569577	9.59096909870012	18.37431051152684	6.329884482454134	6.713132536466829
ARG	60	60	7	39	0.1794871794871795	-65.5987621152528	177.84267995525502	159.88570033834742	77.31434311619309	9.011668646400645	15.829568727622298	23.719243727247857	18.061525921345062
ARG	60	60	5	39	0.1282051282051282	-68.3367652376559	167.21286397228636	-63.47362779157637	169.8035908953159	5.606718091572251	21.607284354634082	3.9867587117828456	15.48508183964855
LYS	-150	-180	8	26	0.3076923076923077	59.72810539997643	-175.88000787094686	-177.60873340364265	177.58541323267238	8.366358291435294	7.492033089262879	9.56797175106179	13.155217311331645
LYS	-150	-180	6	26	0.23076923076923078	-0.7300586725090588	-0.7076398130442113	0.0	0.0	7.05118653878375	8.815950591335346	0.0	0.0
LYS	-150	120	8	72	0.1111111111111111	-174.8136571946714	178.05997446891698	176.03987769976516	56.750123379331804	7.364253619899747	7.075638957168915	8.62008139187681	5.833646837884404
LYS	-150	120	15	72	0.20833333333333334	-171.61908668455845	178.68121230325744	-172.33260664656464	-177.05923198791103	6.48601419298827	10.836658750405821	10.429375324942956	12.488308420394489
LYS	-150	120	5	72	0.06944444444444445	-174.76803442523524	178.57002150682706	-152.81594809808502	-71.06947514730227	4.073646433440932	5.591828311991911	8.374576001011722	18.943757133697076
LYS	-150	120	12	72	0.16666666666666666	-64.6310627398429	-176.9710154820319	179.9377654355524	176.88912676667417	11.122611513828035	6.3543923455623466	7.64493483774145	8.300052280183047
LYS	-150	120	8	72	0.1111111111111111	-0.18710947783659254	0.0	0.0	0.0	3.851491908926468	0.0	0.0	0.0
LYS	-150	150	21	125	0.168	64.99040643354297	179.83200783116064	178.17183530992367	177.11119396278306	6.149403402097065	5.549991250768059	5.896932631089746	7.070682141647118
LYS	-150	150	8	125	0.064	59.267663822632315	-172.08143234690922	-175.13201698493128	-76.00143843391807	8.023197487144422	10.609816793452323	4.633251375558434	12.725848975840046
LYS	-150	150	7	125	0.056	60.707477438595376	-179.16260837398755	-67.973083729782	-163.18211617417452	8.81185666345812	13.495526959238246	5.306501071210486	11.875065007955715
LYS	-150	150	7	125	0.056	-176.46317645834458	171.1945061643884	-178.60367203527042	-178.0058157605807	19.495333319214097	15.376548579305686	10.191678484094076	12.385581937682055
LYS	-150	150	7	125	0.056	-169.36638370435293	172.66875392403554	-64.06544180967357	175.48266124370542	7.558386932329124	11.220382068946229	8.041984371438245	5.50421899224619
LYS	-150	150	5	125	0.04	-84.39477334607922	-171.81059700225327	71.90079236845393	-179.3199288758607	24.995928133437133	19.152069834846486	9.45520539421265	6.702500000676379
LYS	-150	150	6	125	0.048	-66.09961549755327	177.21151551393223	177.26756748278282	179.57157689372903	4.743079046319783	3.1983438841401943	8.871944933725626	4.569923644510501
LYS	-150	150	5	125	0.04	-61.620304516517926	175.7168532444323	-169.21870099112417	-64.969850202973	5.38219323488383	5.699400039243028	7.656320984509606	11.512700875483661
LYS	-150	150	7	125	0.056	-62.632755173135685	-72.6125909888683	179.12155016582867	-179.24217379517532	6.879871489448642	8.877626588737545	11.733204132822726	4.707436711128611
LYS	-150	150	12	125	0.096	-0.014817108398724882	-0.015398985308857503	-0.015245558970864227	-0.015247259860335552	0.943440499027169	1.0603147872052832	1.0181945116332205	1.226094123811252
LYS	-120	-180	13	45	0.28888888888888886	-61.939960840031574	-174.72541242040265	177.78755510454064	-179.98178892434504	10.794897842262422	3.633285717518439	5.712084894281586	5.937549701651328
LYS	-120	-30	14	45	0.3111111111111111	-66.67424930965012	-176.88900742004395	178.67132679028998	176.57719475677578	6.781044050805454	5.442672398315282	6.829354307817124	8.50174497628457
LYS	-120	-30	5	45	0.1111111111111111	-58.957568059626965	-84.91019561054516	176.05823215001445	-179.33096870390045	6.149309977105461	5.685838517500555	5.8858679516555386	18.30091750036115
LYS	-120	0	5	72	0.06944444444444445	-61.377685869503416	178.33317321718	176.9273046262403	55.882502250710914	6.44129016832513	8.292825455082072	5.68743949826751	12.146794075158272
LYS	-120	0	15	72	0.20833333333333334	-61.49624849079876	-176.80682315591147	179.0681283629177	178.5578310283073	4.355190875285625	9.843997214536854	7.311308932695899	9.088118764388055
LYS	-120	0	8	72	0.1111111111111111	-64.74463399834347	-63.11354717061266	-176.4238002263404	-179.57797941889586	5.400028848310643	3.149788676480973	7.857836759030723	4.929218871824251
LYS	-120	0	7	72	0.09722222222222222	-0.366403704220364	0.0	0.0	0.0	5.417647646169702	0.0	0.0	0.0
LYS	-120	30	5	47	0.10638297872340426	-68.45725449736243	166.59440706140512	69.83105190593196	157.79853244536181	6.752378724321733	17.019015416521306	8.013907483489511	22.061426918056668
LYS	-120	30	13	47	0.2765957446808511	-64.15556511941149	-179.55113021022788	177.35815858738547	-179.22174250727093	3.7216389756466306	6.38661162191978	4.442975279377208	4.961195560151998
LYS	-120	30	8	47	0.1702127659574468	-0.1864390346791087	-0.18658253219196458	-0.1499044531351471	-0.16557796034007546	3.7332401558671626	4.0702436155271	4.90360965497283	2.8533639024553854
LYS	-120	60	5	19	0.2631578947368421	-60.629197125112526	178.51311025312853	-177.50253615273542	170.8040261702156	4.5663902963759355	6.493105309148915	6.49284714775164	5.04103939231034
LYS	-120	90	7	35	0.2	-57.664213532761664	-177.08262986636802	177.31417513590105	176.0159784848913	5.941445890269499	8.015526422580114	5.498743268353268	13.704803955082628
LYS	-120	120	6	179	0.0335195530726257	-175.13842365189728	71.81989410760086	-178.02933481289995	-176.92774318350348	13.281664900747908	7.7212779182419915	6.112602503088445	11.250798283375048
LYS	-120	120	9	179	0.05027932960893855	-178.53096720172493	168.9798264605246	71.12154768198147	167.3517244650512	11.729009661224616	5.0687023808132805	7.514567392774804	16.06650434211734
LYS	-120	120	7	179	0.03910614525139665	179.31760230095443	-166.97738646605305	172.0430665044039	67.99169535070618	6.145926873724063	17.151597280948764	16.150126108580093	14.09872434537572
LYS	-120	120	36	179	0.2011173184357542	-176.6010368041867	179.19152832939122	178.0677350419877	-177.08350452269835	7.752020754027098	10.64271056985689	8.86396541084096	10.029118851010805
LYS	-120	120	9	179	0.05027932960893855	-178.33408898754237	173.19856567568752	175.98630386957515	-69.13720684030787	6.929931170081795	12.70996057511363	15.940861421653894	8.438696890756678
LYS	-120	120	13	179	0.07262569832402235	-171.05095025201234	-161.29896077359479	-63.02608274694982	-179.28983955583283	7.796856728388887	12.155943827198776	5.56045896438029	9.409504279344807
LYS	-120	120	9	179	0.05027932960893855	-69.49976194921851	-173.97578850903105	-175.44686060582393	60.84483490528095	7.777801839605123	16.036902534940655	17.547194945919728	8.606551816307205
LYS	-120	120	17	179	0.09497206703910614	-63.64047771308339	-179.74196388594498	-174.924013696231	-178.49300175296366	9.328358246683788	8.615363623855705	13.167509465858632	9.520720472452764
LYS	-120	120	5	179	0.027932960893854747	-65.91910646251831	176.9536269638987	-70.109301399687	-176.29913554820712	10.633358568215439	12.889105953632006	5.549686613907838	7.816293558048268
LYS	-120	120	5	179	0.027932960893854747	-66.44369745116272	-60.88195620776891	-176.04940123876534	173.9273790263824	3.3850874787807776	9.95250673602615	3.923921885832726	8.643930761171319
LYS	-120	120	16	179	0.0893854748603352	0.0	0.0	0.0	0.0	0.0	0.0	0.0	0.0
LYS	-120	150	8	221	0.03619909502262444	59.58028658845435	-174.68601850039718	-175.426733706082	170.8262527727627	10.713653718732498	3.4484253200443953	7.783583233681986	10.759260803291172
LYS	-120	150	15	221	0.06787330316742081	-169.75471275627916	171.74908866399736	-177.6696510606266	176.71035401388255	7.684088565739562	11.444011008746651	8.404913862830789	6.187555898543255
LYS	-120	150	5	221	0.02262443438914027	-166.73920016942844	-173.2335678740571	-73.10241052398743	-177.18487662619313	13.59852960559059	8.651637897601343	21.817947180244598	6.6154537061882905
LYS	-120	150	14	221	0.06334841628959276	-61.57126621717995	-177.73656021765674	66.7931482321251	177.2572853570785	12.141051909231942	15.739674239500388	10.597711210644473	9.127833654057557
LYS	-120	150	12	221	0.05429864253393665	-61.21435251528674	-168.60856163313014	172.01590128120208	62.16394929127992	5.825156433018467	12.522835233574018	10.401727939399844	15.643160367994163
LYS	-120	150	40	221	0.18099547511312217	-62.85619814847123	-176.36697825837754	176.82343217789423	178.69403061396008	7.165160693893165	10.405449682488554	8.026558700516075	10.461299804538212
LYS	-120	150	16	221	0.07239819004524888	-67.62903417215047	178.96869803531268	-177.64363149340892	-62.08820902254279	8.444351341046339	11.17087268240857	7.751680294880647	13.907674410953673
LYS	-120	150	8	221	0.03619909502262444	-67.48363603262	-178.8557136124093	-64.48958936435912	165.9032385417236	11.192676288808316	8.84070776547941	14.215448371049263	18.750038016716804
LYS	-120	150	10	221	0.04524886877828054	-61.95681843576131	-67.35532000657345	176.67063809581063	69.19380267265815	5.398254814697224	12.846538159968723	14.413149947324763	12.967205999717383
LYS	-120	150	21	221	0.09502262443438914	-64.49444272749137	-67.85675902662216	-179.59614019349962	179.31182971014667	7.56478050803304	6.218275127789789	11.216466899810465	9.063416179224912
LYS	-120	150	10	221	0.04524886877828054	-63.77893485484731	-66.34316042746715	177.7376742389574	-66.60913480428778	4.934807468250187	7.9262479985385585	11.918273919935384	7.343306726427397
LYS	-120	150	16	221	0.07239819004524888	-0.21788693918385776	0.0	0.0	0.0	4.140084229228877	0.0	0.0	0.0
LYS	-90	-180	7	26	0.2692307692307692	-62.76519859536698	-177.70066298582285	176.69500780595288	179.35035799114584	13.645479716624868	4.966799072138185	4.04956397702539	4.378050753460374
LYS	-90	-180	5	26	0.19230769230769232	0.0	0.0	0.0	0.0	0.0	0.0	0.0	0.0
LYS	-90	-60	11	62	0.1774193548387097	-175.88941130737905	-177.1094470914765	-177.46834311912284	-169.89245435894645	8.3037765130727	14.718989873206276	8.918848607949752	11.591048602316851
LYS	-90	-60	5	62	0.08064516129032258	-174.16939145724052	160.96359865726393	-172.59863054460013	-76.48423861092367	7.223877749662122	13.418764974064473	9.044744143424401	15.518736393629458
LYS	-90	-60	13	62	0.20967741935483872	-68.21122462954085	-176.79937156108446	179.71420332168202	176.45874856790903	9.750919134356453	10.436095089594271	9.561941542672907	7.023758427751126
LYS	-90	-30	6	299	0.020066889632107024	31.40960093381681	-173.05035802287543	70.25066489907185	179.7349708665798	15.843810490482714	17.226536970999113	12.084957508407866	9.944702876971466
LYS	-90	-30	5	299	0.016722408026755852	-171.14171886903006	74.4183776245211	174.49558074108674	-175.30439411759508	8.659275499617213	10.928000074418081	13.537962194774773	4.324807311783333
LYS	-90	-30	6	299	0.020066889632107024	-176.8994285525603	63.68541478491085	-174.48786649022446	-79.3956335032789	8.810477385898329	12.443344818588743	9.760864342560946	23.18380626361361
LYS	-90	-30	10	299	0.033444816053511704	-177.46924954646627	-177.04639215313912	177.04011108731927	65.67583379557131	9.315013352466684	5.188808431890434	6.341014589671822	5.8126808751769525
LYS	-90	-30	24	299	0.0802675585284281	-177.31565295582337	177.82353521746828	-178.8899944463284	-177.45771569022173	9.532933730825574	9.506572417032023	7.4154501295567234	8.448727606815464
LYS	-90	-30	7	299	0.023411371237458192	-165.35006927604914	176.67438374389133	-172.48563772642677	-55.66912270117016	7.041425376557057	10.329796928937975	4.131865611260749	12.877910405907487
LYS	-90	-30	6	299	0.020066889632107024	-177.46954309487026	-166.1195500994058	-65.64876687769834	-82.90147043924917	7.578615024826279	7.810126991467456	4.825160832172963	18.386824609408087
LYS	-90	-30	6	299	0.020066889632107024	-65.0091005665393	-173.3070269783895	74.70843053754676	71.46914757140114	3.190008878035389	11.146800893096376	9.878033491115293	6.499519488481602
LYS	-90	-30	9	299	0.030100334448160536	-62.329803220331236	163.2576774001764	56.02784525578447	177.45672261721344	11.197053631382293	27.427683362467995	14.826262740392746	10.338695730392777
LYS	-90	-30	12	299	0.04013377926421405	-69.30666783901736	-176.0177425322998	176.25837535573478	66.34651470424849	8.379383972419532	7.992200906966387	11.150458633099184	14.405377564224253
LYS	-90	-30	59	299	0.19732441471571907	-67.21623521238197	-176.86719813428647	179.1564948404168	-179.13115024843438	9.281135648193787	9.803404333975312	10.292193491200033	11.105576841870532
LYS	-90	-30	22	299	0.07357859531772576	-63.24718356338953	-176.78394358190172	-176.3659496461885	-61.70229154693163	4.230175909846456	8.84759161468741	20.60329190664873	9.671905795956832
LYS	-90	-30	6	299	0.020066889632107024	-60.166494060712935	-57.44661471491442	-174.67084904750976	61.37617134476195	9.447630473167553	11.436849158175164	11.8367426888944	8.387084139786197
LYS	-90	-30	17	299	0.056856187290969896	-60.60245350106053	-62.64871557452124	173.24171678406097	-173.1598666232115	9.487072105444044	13.197486304874653	6.400006581397544	6.838335077914236
LYS	-90	-30	14	299	0.046822742474916385	-58.33664273547631	-55.80000193568876	179.70941194730742	-60.07415148927599	7.074718727362747	9.158544153741616	9.453423802808574	12.191795880307259
LYS	-90	-30	5	299	0.016722408026755852	-53.73903939711974	-70.40853702539329	-68.54552093707908	178.33529632621904	7.5240816527021686	16.201178458895466	1.132732400608525	3.822811460509285
LYS	-90	-30	26	299	0.08695652173913043	-0.01054849718354224	-5.942499616674855e-06	-5.934653330303098e-06	-5.976936138805405e-06	0.8476678696821529	0.02338768566473323	0.02351778621752682	0.021984966513172746
LYS	-90	0	6	249	0.024096385542168676	69.71752018706513	178.09470834433483	70.79588315770464	177.39813587268742	19.02837730045697	5.8237568400367365	8.644194572574955	10.662069369265136
LYS	-90	0	6	249	0.024096385542168676	60.6610671275593	-178.60801639444932	-179.18456012661997	-178.04535291944552	10.4550280908162	14.317712381945293	6.840433082584777	8.361199949357397
LYS	-90	0	9	249	0.03614457831325301	-70.9269028242487	171.71542846961162	62.401222579544516	68.85612362967007	6.735906520479038	18.075120745508833	4.077613436111477	12.055749543078887
LYS	-90	0	16	249	0.0642570281124498	-64.44772701956656	168.1287217074997	67.71690793657642	170.75284709391377	8.038116443610786	13.300972719458127	13.148487688992683	8.163287804412988
LYS	-90	0	11	249	0.04417670682730924	-70.58182496689761	-175.57275631366764	174.13721140524729	65.62317820520468	6.844606356365381	10.897467109236445	13.525569725927944	9.442669684021627
LYS	-90	0	56	249	0.2248995983935743	-66.35598211968242	178.56597925143024	-175.91747610021062	177.81707093270606	6.075810467434921	9.228585280529183	8.733974913516466	9.944830398436771
LYS	-90	0	24	249	0.0963855421686747	-65.16687476861154	-173.6874522456159	177.97356923586767	-59.765952625298624	6.190166749885195	11.491614270977724	11.778403719570923	7.695807308385966
LYS	-90	0	15	249	0.060240963855421686	-64.82108629056566	-170.37901309606232	-76.40062023389103	176.37466489476043	6.462204029064298	9.31765075203228	13.56804969228675	11.660815638180283
LYS	-90	0	6	249	0.024096385542168676	-62.664650577250136	-74.79063476196315	172.85903553434625	63.282722031830886	9.830770999138585	11.885150838153978	13.850866795590695	11.945970011470715
LYS	-90	0	28	249	0.11244979919678715	-59.649206605974804	-65.58566161203706	-175.38840830807015	-177.01030730674842	8.461977979482954	11.132083869153274	6.774468003850203	11.473102815288664
LYS	-90	0	12	249	0.04819277108433735	-56.18617044873632	-61.00245867202572	-171.6731489240628	-62.193567935366026	8.105743653297663	13.566473962738831	9.816161787656553	9.495098454540749
LYS	-90	0	5	249	0.020080321285140562	-50.13061532160469	-70.04671439863603	-92.21521896204489	-176.02423320612505	3.445704078077611	5.330044696122243	6.986826830328126	8.362621776586892
LYS	-90	0	23	249	0.09236947791164658	-0.8956138174280052	-0.3837082404582635	-0.06738767244791495	-0.021533499561169584	7.775229961708696	4.532843636064932	2.4570151345598212	1.5379356828236308
LYS	-90	30	11	36	0.3055555555555556	-64.9561962188289	-175.6474322571443	173.40628136573264	178.220530515916	8.290090094919265	11.66558425263411	7.904470876296062	7.67302083266305
LYS	-90	30	7	36	0.19444444444444445	0.0	0.0	0.0	0.0	0.0	0.0	0.0	0.0
LYS	-90	60	10	31	0.3225806451612903	-61.93082610247299	175.08335572772017	-175.69675070707197	175.44465873627885	6.792615568780024	7.335497286745663	14.139632215491945	7.165176425264865
LYS	-90	60	5	31	0.16129032258064516	-55.28033344502845	-67.89862773885591	173.1231728621391	-177.6588986704708	4.636976751723813	14.673999719294724	5.251767406732723	10.06605445464089
LYS	-90	60	6	31	0.1935483870967742	-0.6780883319860053	0.0	0.0	0.0	9.132297837411357	0.0	0.0	0.0
LYS	-90	90	6	38	0.15789473684210525	-176.85162215200208	177.91141062794108	-172.36094671584814	177.77269834154328	3.6856222031755688	9.841531703826648	7.529218203588981	7.692113812811584
LYS	-90	120	9	197	0.04568527918781726	178.8512445968739	58.8547361022683	-178.8400845598194	-178.35085315159162	4.274844905393096	8.576954980400327	10.70208257343753	7.1670046972062424
LYS	-90	120	7	197	0.03553299492385787	-176.5314395087871	176.78197878495814	65.7089162000782	177.30573185382656	4.720620646776223	12.276468723009144	5.262111267187113	8.279384830444817
LYS	-90	120	13	197	0.06598984771573604	-176.80601935732588	174.17743137900405	175.11655184720982	61.600590767150386	5.763861839099558	7.4650394518248975	11.165009090373248	11.404228662546029
LYS	-90	120	32	197	0.16243654822335024	-176.84510981329524	179.27629241436188	-179.33747281059166	174.11993199868564	5.951542051780738	7.772988272748022	7.171043660826007	11.129310665081604
LYS	-90	120	12	197	0.06091370558375635	-174.79761992273217	-178.50832211662518	175.43881221465466	-63.48727059866977	9.548661985496045	10.484425311826175	6.936740860486065	11.60942500173661
LYS	-90	120	13	197	0.06598984771573604	-169.08596424007098	177.40562852077733	-64.85717810542364	-174.47966661716316	13.688844381812965	13.630040016556972	6.8518491390674585	8.498291801958338
LYS	-90	120	8	197	0.04060913705583756	-71.33805478648243	177.61674058796717	172.5614691343984	62.28111889765888	5.385913803392535	8.314553789941208	14.110663629269473	10.850454158826782
LYS	-90	120	23	197	0.116751269035533	-66.26700508555705	-174.95507515706734	174.62158602285382	-179.49269241638564	9.850498828490613	8.820420495030339	8.465278554913647	7.958083605877099
LYS	-90	120	10	197	0.050761421319796954	-60.99628630454865	179.41169180449103	-178.83994459190743	-61.59611737617289	3.3663557312405215	5.478978226602491	5.521738947659548	4.8778298649328935
LYS	-90	120	7	197	0.03553299492385787	-57.954304692937285	-66.31334769659269	-179.18535861996955	178.99012215848558	6.351246527123243	6.134710049253636	3.045612730483274	10.578074691945698
LYS	-90	120	16	197	0.08121827411167512	-0.1891001694480651	-0.0015025758935557497	-0.0015068767680631204	-0.0014993554269048532	4.038696450054972	0.33409333350309595	0.3616687983281586	0.3721069997428701
LYS	-90	150	5	172	0.029069767441860465	63.0998544859191	179.25408808376366	179.19880401251405	176.08512972579925	5.780513646482389	5.863303938193434	10.489152346161223	9.51176732672319
LYS	-90	150	8	172	0.046511627906976744	-171.8865964910988	176.86116115874094	-177.69846250545467	-178.6731409888115	7.326065965210745	9.664690302795737	11.22269198327794	9.476421250684957
LYS	-90	150	9	172	0.05232558139534884	-67.03385929716535	-178.43593882089317	175.77479985098034	67.96730984438253	8.560044541679233	3.796723828775568	11.751235937514293	10.341207986291993
LYS	-90	150	34	172	0.19767441860465115	-70.15968431717491	-173.10221879132348	177.801149420065	-179.73069595624082	9.2246707266001	6.90750950133331	9.96475993878932	7.9176030145955725
LYS	-90	150	12	172	0.06976744186046512	-65.36181291702283	-175.59375834409488	-72.43893613560051	176.31846714332556	11.362516963764275	10.449435414152466	6.735662111814366	14.167306983640998
LYS	-90	150	7	172	0.040697674418604654	-64.36187388378026	178.8502544923847	-19.93392384371111	-20.618400559914832	6.16317865307052	8.488129993761484	28.72502106482522	29.617366083692552
LYS	-90	150	8	172	0.046511627906976744	-65.1037561777503	-66.62427795484096	178.1047163267832	58.989764986325355	7.65853289956473	10.679340094779795	8.560579525438872	7.544329593167473
LYS	-90	150	18	172	0.10465116279069768	-59.28573156061623	-64.95227134895863	179.52919737885836	-178.3533842363376	5.66212393191653	9.827279068734645	11.517573321720437	10.816563458629183
LYS	-90	150	12	172	0.06976744186046512	-56.25514861069768	-62.358924662600465	-175.80975409549492	-58.83541453892376	7.906422564746343	12.246101597383168	9.487092685473247	12.052773073016855
LYS	-90	150	14	172	0.08139534883720931	-12.76076198907317	-6.45078810227233	-0.004770900788093178	-0.004293362891735417	28.779263433657462	19.43496465558104	0.6210218361987877	0.7567400834102789
LYS	-60	-60	5	669	0.007473841554559043	179.0144955103055	59.72923142597876	73.36309544611204	173.75936337691138	2.0252364181348073	11.123020558012222	8.884516863650571	2.198971691904947
LYS	-60	-60	12	669	0.017937219730941704	-177.5170189539536	76.49770271356459	170.81649365552735	63.59316316917756	11.906962251896754	12.854229827857004	17.356957282717772	6.982634616638411
LYS	-60	-60	25	669	0.03736920777279522	179.40762394558905	68.00932812314558	177.745597950646	179.07206309648913	10.288323374073368	9.228769357795162	8.308834207203533	10.385413854145664
LYS	-60	-60	13	669	0.01943198804185351	-178.76816154264526	75.394826619996	176.6184452328991	-58.342521181454515	5.128808080214938	16.082016682007477	9.152740577570224	8.596840601620372
LYS	-60	-60	6	669	0.008968609865470852	-174.4372015707067	168.70020412548865	78.32190177709028	64.69737539019698	7.5154902270734825	9.38832478980895	14.812500926866944	7.013430434272647
LYS	-60	-60	25	669	0.03736920777279522	-171.61131539229578	-176.56264377939686	64.92765425799114	175.74029985685087	9.869022584081765	11.200596161197002	12.719841483297921	11.003006612368441
LYS	-60	-60	27	669	0.04035874439461883	-175.21820080741983	-178.07302904230093	179.71200467922384	63.079271361209045	7.388885505918502	9.066726725102734	12.24785209427587	8.858698174940306
LYS	-60	-60	102	669	0.15246636771300448	-177.7168874686252	179.02012315092665	178.31730878142758	-179.92242943554578	7.835788853949474	8.697012551233076	7.459659439885945	8.417415376486705
LYS	-60	-60	27	669	0.04035874439461883	-177.68863938606535	-179.98080871075265	178.13446056198546	-63.4318695837797	11.057750709385472	10.213255020973595	11.298016283126074	11.153938592896735
LYS	-60	-60	36	669	0.053811659192825115	-174.18553863641066	-172.39343595337465	-63.304735339378446	179.6355381589174	8.42369836919321	12.695584619458264	11.9536925152351	11.162604816928015
LYS	-60	-60	10	669	0.014947683109118086	178.88538439400736	-172.22239737366718	-52.34786016320655	-60.19440615411915	12.21885386599241	14.282644405916276	26.250106947307312	25.831511754649313
LYS	-60	-60	6	669	0.008968609865470852	-168.5507763775059	-0.5867065350232352	-0.733482497587917	-0.7331882228762189	7.932692525412012	9.71477047948144	8.337483324454212	8.345942429006918
LYS	-60	-60	7	669	0.01046337817638266	-98.0415293704635	88.96359439743057	175.59103850683582	172.62645573790562	20.143315745367772	19.525379080295618	2.7338068842870134	6.124151439629299
LYS	-60	-60	5	669	0.007473841554559043	-63.22165504639222	170.4501083434144	73.11357007891709	68.59631376153683	9.232875328154577	6.76155972220187	5.454331736884399	3.4238560378858103
LYS	-60	-60	22	669	0.03288490284005979	-72.47079121214804	177.20820335336106	63.452349518147976	176.22979209424759	6.88084154307769	11.302391533319248	6.56702792800414	6.792238327451463
LYS	-60	-60	26	669	0.03886397608370702	-73.93528817336725	-169.24550660249437	-178.92141993603715	65.48981514117948	8.389045444445836	12.106342067487988	11.549009134821711	8.2349234186209
LYS	-60	-60	101	669	0.15097159940209268	-73.7366829423591	179.84142526827986	-178.94539636113268	178.00577595115982	8.259217624179048	9.452960457086181	9.027958735008665	10.241809757530008
LYS	-60	-60	25	669	0.03736920777279522	-70.96391099131704	177.40810444418784	179.22724243019007	-68.50619565090751	9.007358230235205	10.855091033988897	14.497140662456568	10.934864390467023
LYS	-60	-60	12	669	0.017937219730941704	-75.29065862537611	-169.2050226326114	-67.7237096865556	176.3326589804712	6.246581769708963	11.21146279307853	13.828585003529488	10.367151245914389
LYS	-60	-60	11	669	0.016442451420029897	-67.81208922545848	-70.83465256506143	-172.18884642070702	59.07086429391635	9.581491888814334	11.613923789426204	18.70871720603694	8.620253245957716
LYS	-60	-60	27	669	0.04035874439461883	-77.63480998989847	-64.54586734138464	-178.9573568070565	-178.53451704637305	10.64092851514454	13.225730741040746	8.466667415332255	6.7375379740354004
LYS	-60	-60	5	669	0.007473841554559043	-66.5354637362901	-67.25295469756372	-176.66531785334257	-55.13870234963365	12.300568504143884	6.846820467910805	15.169427337489894	13.24937217983848
LYS	-60	-60	94	669	0.14050822122571002	-0.7075741369882659	-0.014555131860064957	-8.734044468827068e-05	-4.630494675060888e-05	6.315007091003635	1.1046094361182637	0.07988735772250387	0.056240565687528665
LYS	-60	-30	5	1670	0.0029940119760479044	63.30215116779804	170.9457119359287	69.4160962443886	61.4580094248318	13.469777478843886	6.942193903533727	10.532870187439078	16.367541736887482
LYS	-60	-30	11	1670	0.006586826347305389	71.36501819405845	-179.94800241422215	65.20544892678339	165.04998428791995	15.742622999940632	8.032187769562132	10.299843953241352	13.569698805699366
LYS	-60	-30	8	1670	0.004790419161676647	74.0653628929448	-173.30903247988272	178.42105746063353	63.29703928039436	13.376625095552155	7.161268229356655	9.962379314548967	13.89921441959755
LYS	-60	-30	25	1670	0.014970059880239521	61.371772010343925	-178.5494185794456	177.7296293404325	-179.89619440229842	8.7280907983591	8.911062964813276	6.543363062552077	6.633023950507467
LYS	-60	-30	13	1670	0.007784431137724551	62.50908399154062	179.38159836274255	-174.86704697468042	-63.820557642963045	4.519765580688946	7.957355226092613	10.352815429213885	6.801857931120038
LYS	-60	-30	10	1670	0.005988023952095809	65.16003532704806	-178.6364180644998	-67.05631537911624	-172.78610692647976	13.64059415522206	15.048826439352757	14.58024560789513	11.654632267143676
LYS	-60	-30	6	1670	0.003592814371257485	-170.05135542765873	73.88490789883322	65.66741325908721	67.75350650436975	11.256279620954151	16.320682428507006	8.312758414798148	7.223083301158366
LYS	-60	-30	17	1670	0.010179640718562874	-174.13667058815386	61.925232860788284	66.09930681289364	-178.7695192616697	6.649005662037357	15.01573180434811	8.157885228774264	7.837077438507991
LYS	-60	-30	15	1670	0.008982035928143712	-173.362873720573	62.33649917472053	177.2993196032645	62.14584612478725	10.355348282136019	17.199529318377454	14.05289935468133	7.168668665324052
LYS	-60	-30	52	1670	0.031137724550898204	-174.2651288104387	62.94600511635402	176.46932508921427	176.59037816464053	9.529343963112012	6.252107538076435	8.897830326072047	8.803598499007943
LYS	-60	-30	14	1670	0.008383233532934131	-162.74838411602906	60.504105514926636	176.40076599435739	-65.0002805263423	14.913485891199974	7.752988698759838	7.027124112210156	5.646199710193235
LYS	-60	-30	16	1670	0.009580838323353293	-176.59176344318305	165.93753429169507	73.8459648235111	65.58872260618757	11.239777087491003	15.651316084340905	18.045858229260308	5.02217153053568
LYS	-60	-30	48	1670	0.02874251497005988	-169.0701786244443	171.67024977037977	69.71575627185749	177.7764731142053	12.443476038123839	14.162714906253614	13.031495878273486	11.384729749756104
LYS	-60	-30	5	1670	0.0029940119760479044	178.5034489950916	156.60676226751812	77.04852109907664	-80.28408432083229	11.494987449076875	9.789777696499552	12.739041797493343	7.035609212799924
LYS	-60	-30	47	1670	0.0281437125748503	-176.19038298602112	176.6391381317737	175.437113964829	63.817852340651115	8.401420917196837	10.073380623633586	9.895807490741596	12.764393753074632
LYS	-60	-30	201	1670	0.12035928143712575	-175.56800186592415	178.13176961895246	179.2347122859857	-179.75782884102463	7.521072139270409	8.897583526525894	8.267925655629108	8.216968693560819
LYS	-60	-30	62	1670	0.037125748502994015	-174.4250193340905	179.71839801138046	-177.27260053147631	-64.22517885410535	10.770155691239898	11.490621391950553	11.684080182584628	11.288293617698256
LYS	-60	-30	42	1670	0.025149700598802394	-172.1327861076725	177.84158993126272	-71.96794210074515	179.2254985598701	11.012487791693818	13.38637736159352	12.33331949010199	12.493631087973702
LYS	-60	-30	23	1670	0.013772455089820359	-173.98666469228243	-178.3784456927193	-60.42409224736944	-56.83246382834162	9.121379412049798	12.153380346497947	26.724703575038017	27.75416046413515
LYS	-60	-30	12	1670	0.00718562874251497	-140.58805183794186	-74.25436289245039	179.4027912405846	64.83940545556392	11.926123270492013	12.41681410990711	13.922131296973872	13.04260179864344
LYS	-60	-30	8	1670	0.004790419161676647	-143.05753431743506	-77.81522574599718	-179.8629984914788	-173.18042761253824	16.86221948264841	20.463669649753033	6.750695583564847	8.900255912771401
LYS	-60	-30	6	1670	0.003592814371257485	-167.75556932798136	-91.12255553831997	-173.48193436199406	-60.13965260692254	17.27380350566109	16.139922089817077	8.727196875972231	10.67313706430805
LYS	-60	-30	7	1670	0.004191616766467066	-172.14944659345994	-0.35328556654297816	-0.33079840928118304	-0.20307444001474947	11.128269917585591	6.134065847884949	4.133116815019324	2.236703294888125
LYS	-60	-30	5	1670	0.0029940119760479044	-91.79487783336117	103.6087819931497	62.35882361446711	-163.25598832326818	13.850401481939427	20.9279325368287	10.649825427658362	11.40800799795164
LYS	-60	-30	5	1670	0.0029940119760479044	-88.46298880727582	57.832272990691266	170.9971568888538	59.560075870095	9.317661974250553	10.89042161950565	12.82924598342866	12.346016439776822
LYS	-60	-30	11	1670	0.006586826347305389	-91.54673698053823	70.65994513670255	-179.17381251039038	175.10054122586266	17.226652625706148	18.91419202593899	14.911726030663095	11.92381637808442
LYS	-60	-30	33	1670	0.01976047904191617	-70.7934990130576	177.67942552691466	73.87308449156414	63.36373993081349	10.41789305525203	13.037292831525564	10.173314038661454	10.41860610018896
LYS	-60	-30	68	1670	0.0407185628742515	-71.15955898111041	176.74098140501502	71.02863106771407	178.78793953188287	10.824464699409258	13.895452603109087	11.641836778009097	7.613450755291521
LYS	-60	-30	12	1670	0.00718562874251497	-65.45793958247273	-177.40486877449447	81.839789173276	-67.73811825016907	12.89409135753313	12.142148072139683	12.182856670022856	9.160834046489843
LYS	-60	-30	61	1670	0.03652694610778443	-70.44981527112138	-175.72626685277191	176.95992739552025	66.33801024920115	8.251240713792917	13.713413099776659	15.037792345104151	12.588121406637896
LYS	-60	-30	338	1670	0.20239520958083831	-69.0113911985559	-179.82511079941426	179.51729231613066	179.4090710374237	6.890249889067702	8.53236328077327	8.417523638843145	8.894470799533844
LYS	-60	-30	67	1670	0.040119760479041915	-71.32745212745402	179.37014574151377	-178.72360957950386	-64.45544428911988	7.2845532952351375	8.59905475132617	11.105451737453675	11.970355247030332
LYS	-60	-30	5	1670	0.0029940119760479044	-69.10881566587796	-171.9272937449788	-88.66765197343734	75.02254912355873	10.446566744512344	4.932636162182577	15.082138119111168	9.91918360782684
LYS	-60	-30	68	1670	0.0407185628742515	-69.01057990668417	-168.77108059811562	-69.48118019000496	-173.72148645318904	6.672738152200851	10.954306197983882	10.960190799669432	10.011651810333131
LYS	-60	-30	30	1670	0.017964071856287425	-72.07096507882099	-167.8167621288854	-63.295347913936475	-61.47924210783304	6.894799059024057	9.882184431285136	21.330895961372082	25.503278352444042
LYS	-60	-30	5	1670	0.0029940119760479044	-56.25225360012852	-84.76754156061908	80.93431949624711	172.31247285611602	9.261003761021396	15.339096423781937	8.995170357818656	8.286163882185585
LYS	-60	-30	23	1670	0.013772455089820359	-66.01088949663357	-72.4690053468541	-178.157751093946	62.235239771047915	9.507691221937725	15.579871707474593	10.557376709904524	12.661470725214635
LYS	-60	-30	50	1670	0.029940119760479042	-68.70672449769292	-65.6988737558223	179.50278668469505	179.521449478561	10.561915234396803	9.769581326326136	9.807618623152393	8.030453672916954
LYS	-60	-30	19	1670	0.011377245508982036	-62.29967794757231	-66.09430931720472	174.4494876326093	-58.490178164338616	11.411347289605102	9.329515244870665	9.85324206542351	10.343195304304288
LYS	-60	-30	16	1670	0.009580838323353293	-61.42177512853426	-70.30585420454025	-69.98905949477805	178.5185546526417	12.946893988349672	13.780929725082949	9.131131692020675	9.4923309339012
LYS	-60	-30	167	1670	0.1	-0.029360765375924188	-5.965828610619279e-13	-2.2655424567346423e-08	-1.287087380815005e-07	1.1956909032568757	1.2961648849503676e-05	0.00114245545880725	0.0031319537410271774
LYS	-60	0	10	81	0.12345679012345678	67.52390800147298	173.313703210178	-174.96787493291137	177.48106862832128	6.397635987338473	9.188713244093018	7.130209815819659	5.649270449204006
LYS	-60	0	5	81	0.06172839506172839	-163.45171139841509	163.03109978980115	168.21039365634337	-64.98466947405802	24.03559965935729	17.248613536075705	4.107779121551182	4.617595631786729
LYS	-60	0	18	81	0.2222222222222222	-67.05858534998376	-178.50226424816432	-177.92366557153474	-179.52026803833147	7.967198644788799	8.847834646933014	12.059257495460571	8.716257925161143
LYS	-60	0	6	81	0.07407407407407407	-66.5312305394452	-157.18420103957686	-77.99886687745219	174.8683489603919	3.913754485984509	12.830147406634163	20.823260363082095	10.247268273609256
LYS	-60	0	10	81	0.12345679012345678	-0.05062721916624256	0.0	0.0	0.0	2.318010955573702	0.0	0.0	0.0
LYS	-60	120	9	127	0.07086614173228346	-176.20234746698307	-172.2923759110507	172.00079491095087	65.36813030340703	9.126219517867485	9.500564344968428	8.175515357211733	12.899919775860983
LYS	-60	120	24	127	0.1889763779527559	177.89654264149974	-179.5956143741382	177.54865854041657	-178.35029284915805	6.972122128041656	8.785301884449623	7.109263048702019	8.604437696763021
LYS	-60	120	6	127	0.047244094488188976	-178.00361186874534	177.95731927270407	-171.5764504350322	-58.46494609427786	5.739763346430517	4.52950781943569	7.282845562505519	7.116569193132698
LYS	-60	120	6	127	0.047244094488188976	-175.91261606711478	-172.31768296986158	-79.82692323363779	-178.27713091378212	5.924325723508116	12.52987267967417	9.172183879965322	2.7829046294365916
LYS	-60	120	13	127	0.10236220472440945	-62.387087211915315	-178.448681443737	-176.82767354746775	177.45928619044275	12.164056359161766	7.725047360419629	8.111763910152126	6.099990445865846
LYS	-60	120	5	127	0.03937007874015748	-58.43424702768546	174.12065089731976	-155.86125615475777	-59.909552725985826	4.307138997696545	15.791722235059087	11.566706163488456	12.39025863766885
LYS	-60	120	11	127	0.08661417322834646	-1.2166161183540636	-0.027069383086523645	0.0	0.0	11.386382714888084	1.7362140139217463	0.0	0.0
LYS	-60	150	6	178	0.033707865168539325	63.60980394244707	-178.24770949330082	-172.42807101223835	178.44638467614845	3.82392303484275	9.606614350092876	3.879944032024326	4.142155331511724
LYS	-60	150	14	178	0.07865168539325842	-169.767855664247	176.55582945054655	-178.38883321142058	179.29706420485408	8.846451554365439	5.416297600927637	4.530048103188987	6.615679504166643
LYS	-60	150	5	178	0.028089887640449437	-176.02551322051627	-177.26131911133334	177.72699944005015	-70.59364079190713	4.972339612096966	13.06138911052203	10.810955774666837	7.134074309903057
LYS	-60	150	14	178	0.07865168539325842	-71.6183536174995	-171.3421223892114	169.73205820973226	67.23603427835485	7.733064926081453	10.52372940981921	17.39996315051017	9.906362792971414
LYS	-60	150	33	178	0.1853932584269663	-63.53569424558182	-178.90584832242362	-178.5110349999429	176.11857448282566	8.2635772103355	9.495741378540531	8.8606183824583	11.495584846394191
LYS	-60	150	8	178	0.0449438202247191	-61.32764065515314	-172.53019524641724	-179.39628493942757	-60.47384514999062	3.393578068821998	13.820839220051067	10.963928474829471	10.021278784087396
LYS	-60	150	5	178	0.028089887640449437	-59.95228154566759	-178.5293739895385	-73.19577754890648	-176.93245257591033	5.20129889098123	15.897316840496275	10.491507860216926	15.016987451553309
LYS	-60	150	8	178	0.0449438202247191	-67.34364401859422	-175.81412297320702	-68.21866206199402	-69.29814823073949	6.314030598753166	8.774119613340076	5.796316886351258	11.985112688140582
LYS	-60	150	8	178	0.0449438202247191	-59.16103804447077	-63.397971528212686	171.4285136770074	57.53156048293739	5.516215677101678	17.721180197722646	12.462585186875158	12.65721426704826
LYS	-60	150	11	178	0.06179775280898876	-67.49956822390801	-72.67393457880964	-170.73954657451583	-177.10633259073938	10.647002608060275	9.830936048152772	7.740106381501489	8.224675931945335
LYS	-60	150	19	178	0.10674157303370786	-2.1058208830754865	-0.07835001366440751	-0.23848070925594847	-0.07019030979073497	11.478216016344666	2.9202167360821054	3.9536392176463537	2.1702304978939333
LYS	-30	-60	6	35	0.17142857142857143	-71.67647707000894	-173.25530579471442	176.86180214056876	178.92287299128557	5.328240774317276	8.645095295890737	7.8900343395893815	6.704180935126622
LYS	-30	-30	7	21	0.3333333333333333	-67.25431332613624	-178.269584772257	-175.68754324146835	-170.94172677280392	14.50152835818986	8.392444844293633	17.36839878958555	12.025546513869998
LYS	30	-60	5	10	0.5	-70.58241498320152	-163.5531165484095	-179.98838067957124	-163.26914453963812	2.6468366929959637	9.982783151762384	14.86900530562295	13.045120979020654
LYS	60	30	6	62	0.0967741935483871	-79.5374104594489	57.615790054129995	-173.16777161958296	176.81569222321073	7.97280491208901	12.352300821024086	4.1283576076891455	2.9597376925036687
LYS	60	30	18	62	0.2903225806451613	-62.868727165073295	177.43430274407305	-179.00055192493997	176.3245556536618	7.772055924031995	11.424586736122647	7.620674997996639	11.6901449095839
LYS	60	30	5	62	0.08064516129032258	-64.03587852663763	-175.88438096259742	179.4923053851186	-66.12419282288161	7.86500574540351	8.741138196453774	9.19118249892454	17.78462714074379
LYS	60	30	16	62	0.25806451612903225	-7.499548781640875	-1.331347496623992	-0.20713454952571997	-0.22833581804339037	17.659735841079993	8.893370200890582	4.207954636432685	4.287500122337497
LYS	60	60	9	42	0.21428571428571427	-63.634470983783565	-176.48221117912203	-175.4712985787341	174.65306162392685	7.084935767532812	12.298546534456733	7.798732544511095	9.710868056519999
LYS	60	60	5	42	0.11904761904761904	-55.213400559603734	-66.82125180921287	174.60719330852694	-176.10462018878155	8.425567145865863	10.177752648469912	6.944259459975202	9.458411050999107
LYS	60	60	6	42	0.14285714285714285	-60.54702627064513	-58.99544932847906	170.23230052602892	-62.41316339712861	7.280932846355328	5.7848173437980615	12.188547900490317	7.880738071495234
GLU	-180	150	7	14	0.5	55.32119107815291	179.56217466448092	48.15374934668961		13.17212383893432	5.943757329411772	27.0032147315781	
GLU	-150	-180	9	36	0.25	55.76340885617432	-172.14577320864606	62.185246002864275		3.2532094562991336	11.27555354645381	16.764954853987177	
GLU	-150	-180	12	36	0.3333333333333333	60.804708531486654	-172.1597915424566	-38.406475235420224		7.75995835491342	6.144618174304353	22.933477430094623	
GLU	-150	-180	5	36	0.1388888888888889	-53.62184571495521	-75.26093645135666	-28.99750776899134		11.606423528691597	15.018855759434924	14.933111146470909	
GLU	-150	120	13	61	0.21311475409836064	178.6901959656336	168.36608688171708	38.38657974788039		2.277589605759026	8.570924056200397	13.387729981885263	
GLU	-150	120	19	61	0.3114754098360656	-175.9408520567638	-177.37059182229606	-45.370294109952866		10.475566334723768	8.295319457007718	18.42594458925862	
GLU	-150	120	6	61	0.09836065573770492	-75.67652049461702	-172.96744490670972	31.40469467441413		7.697710019418945	7.120706305100675	5.568465705800604	
GLU	-150	120	6	61	0.09836065573770492	-78.00267485097847	175.94680432935436	-14.635904512718234		10.608890243797777	6.960117256467312	21.277747489427913	
GLU	-150	120	5	61	0.08196721311475409	-60.807605666797315	-70.61350655399504	-15.866566103395973		24.53269669492366	15.443090486909076	11.144580270005934	
GLU	-150	150	28	142	0.19718309859154928	59.57437271485425	-178.79044204186607	44.89450152134526		11.219424506422893	8.57930680547866	20.592791588559678	
GLU	-150	150	23	142	0.1619718309859155	60.40669875529008	-176.73709012888585	-28.307262550137175		6.550241580020594	8.69349642026513	18.539665792287078	
GLU	-150	150	11	142	0.07746478873239436	-178.70514275329487	176.694816371453	49.34240826610413		10.407872744228335	6.330138925211094	21.81843969615548	
GLU	-150	150	13	142	0.09154929577464789	-178.27403886458828	179.46856586429715	-15.896556951747922		10.354112821606993	5.619859378682891	19.275687169212247	
GLU	-150	150	24	142	0.16901408450704225	-64.33236640640179	177.36824192074053	27.762434104260695		9.201168365753057	6.484360298688637	19.893974532968166	
GLU	-150	150	18	142	0.1267605633802817	-64.69546320330257	-169.49045080291552	-40.639900664372036		11.441097424460782	13.400420446155529	20.679222519999033	
GLU	-150	150	11	142	0.07746478873239436	-56.28132159272458	-65.93226528010956	-19.20481863292461		18.7019622749282	21.64702282146571	14.67649823696891	
GLU	-120	-180	11	26	0.4230769230769231	-55.374630453810575	-63.32213674958092	-21.322500812386263		11.494525086946867	8.639359535896174	14.205746590547825	
GLU	-120	-30	5	55	0.09090909090909091	-149.27856456936337	66.00721146512385	27.411386019506754		14.662374113537624	9.222437983012387	9.974726030411126	
GLU	-120	-30	7	55	0.12727272727272726	-172.28848199072857	173.9337214434902	46.50298794460201		6.324211475834268	12.435907690217977	24.42856385451952	
GLU	-120	-30	11	55	0.2	-58.30747600407693	175.80076609046495	21.55991732772009		8.626484878903536	13.026097735423809	14.447969220687789	
GLU	-120	-30	7	55	0.12727272727272726	-65.0935631658453	-175.78460042497812	-19.37315356390333		6.727489643486628	5.447843785941234	13.485212358361752	
GLU	-120	-30	12	55	0.21818181818181817	-54.54596539524815	-64.65796685827458	-30.591621663835728		22.366064382252887	20.79909689872999	22.228566916413072	
GLU	-120	0	13	68	0.19117647058823528	-66.11494128164848	172.07040758352906	28.84314951589381		9.22108018195175	8.026251164129791	10.399790448859608	
GLU	-120	0	25	68	0.36764705882352944	-61.75985278829348	-178.41078978140848	-36.758607422666564		13.124671639952837	9.932448613513952	14.010198788033787	
GLU	-120	0	14	68	0.20588235294117646	-66.3384648800394	-61.65513477205085	-40.34098818108205		13.372969529666658	18.64030911158899	14.709944260969339	
GLU	-120	30	11	30	0.36666666666666664	-65.99794097147199	179.327501891683	40.402069233639914		9.782328906561766	8.543491914843685	14.36362108901653	
GLU	-120	30	5	30	0.16666666666666666	-61.84390270975465	177.94725584492485	-22.959064344714267		7.212269569974278	14.92671141169178	19.900015685471008	
GLU	-120	30	12	30	0.4	-55.13117242773632	-62.57806653825038	-25.616899583570547		18.395699492382477	15.157645678353832	13.86325407958474	
GLU	-120	90	8	35	0.22857142857142856	-66.870536068184	-176.61119467749492	22.477635784102972		10.571048532606932	10.3760264007891	13.974814758567497	
GLU	-120	90	6	35	0.17142857142857143	-64.63588745746439	176.10809710598159	-55.63115906390357		7.5324873071266465	13.539198098646196	14.463819346310132	
GLU	-120	90	9	35	0.2571428571428571	-46.703258380383026	-59.534175343881145	-24.558854961832814		15.07443735137965	14.144768331527027	15.067526162036003	
GLU	-120	120	7	153	0.0457516339869281	-174.26589755739155	70.34344733649218	41.97441767473352		12.069484175915854	13.518164593064803	11.132307309821066	
GLU	-120	120	23	153	0.1503267973856209	176.60909861961798	179.87643996178187	24.681677416028695		8.833699331421986	9.917377034462229	16.314345690887443	
GLU	-120	120	39	153	0.2549019607843137	-177.1445591454167	-176.30492372327092	-32.20448437423945		7.850301284988102	11.941341417320459	16.340434443793423	
GLU	-120	120	24	153	0.1568627450980392	-64.31041761042006	178.14503671278962	40.87182168157877		13.411837734820642	9.812467025803631	18.990448843943128	
GLU	-120	120	19	153	0.12418300653594772	-62.0535984061866	-177.49009068791005	-31.48032765747012		6.887442248981588	12.536852096691675	17.483930288579188	
GLU	-120	120	19	153	0.12418300653594772	-54.53504379483169	-66.58341466297246	-20.802322135782184		22.371121215818658	24.7256287658334	16.30591005455122	
GLU	-120	150	17	191	0.08900523560209424	59.40982293822931	-177.888068917442	45.338562707407526		11.726241800075298	8.30306066593892	19.612765685938815	
GLU	-120	150	11	191	0.05759162303664921	61.80710210165025	-175.2116377271975	-34.224004005559664		13.765400062522273	5.981318649246142	21.040297432332924	
GLU	-120	150	5	191	0.02617801047120419	-160.10721556462514	57.279276016790725	-76.22858245958005		20.69710430595533	3.887603691435636	5.425751530176746	
GLU	-120	150	13	191	0.06806282722513089	-166.46843219213315	178.3038274937112	45.65034540706678		11.701446514785143	12.353414841349563	13.944653197801202	
GLU	-120	150	12	191	0.06282722513089005	-170.74154453716162	172.74635111725974	-20.270821761349836		12.660968735772249	10.237717728201625	13.652040452934429	
GLU	-120	150	35	191	0.18324607329842932	-65.67398764900942	176.0313484462296	28.37283016234928		8.459253025761818	9.729047460601524	19.583535879996234	
GLU	-120	150	37	191	0.193717277486911	-63.60441584553308	177.82348245953474	-32.630383724047064		8.250313725474506	7.9282474456838345	13.721185957346202	
GLU	-120	150	10	191	0.05235602094240838	-63.97507341225804	-84.74409457548667	37.441850184666414		13.8596400020284	13.780826649177614	17.286541257050146	
GLU	-120	150	40	191	0.2094240837696335	-52.01357302921499	-56.02910702201243	-17.1755219407535		23.573157701040074	26.68671632183461	15.811790420561737	
GLU	-90	-180	5	29	0.1724137931034483	-65.26962862765869	-170.9017028156184	36.4931099178882		11.570994866526448	18.34103267751833	21.012496133218495	
GLU	-90	-180	6	29	0.20689655172413793	-56.40992863779861	179.7979814935956	-51.44718759559024		3.9604241619882035	10.43388973535188	20.0222794181462	
GLU	-90	-180	7	29	0.2413793103448276	-61.2167971835092	-66.08746316814346	-32.69073313725833		13.120306363807236	8.38904793198559	14.080284099694243	
GLU	-90	-60	6	57	0.10526315789473684	-166.63131607282097	66.69759688655849	21.61379809135271		11.690000711399316	7.621805075958706	12.147388685050414	
GLU	-90	-60	6	57	0.10526315789473684	-176.55268421126928	-173.83921223521205	-59.10437624294487		12.61223029044185	10.412764060616631	12.363266706617166	
GLU	-90	-60	5	57	0.08771929824561403	-82.99160053010598	171.24947769626397	44.56532297362147		10.632750387232702	12.437589640755645	13.7547091682743	
GLU	-90	-60	8	57	0.14035087719298245	-62.64576953934527	-178.00393001503335	-33.422583719116936		8.06630977902931	11.026487782499322	16.05223346110676	
GLU	-90	-60	19	57	0.3333333333333333	-48.981796732243644	-41.74873639674422	-36.7847178604367		27.978447543524766	26.284514338744128	25.392924259453796	
GLU	-90	-30	12	319	0.03761755485893417	61.5803319656366	-174.27012287395596	26.055330158082334		20.582703018180066	11.05754386816772	15.198761917420752	
GLU	-90	-30	7	319	0.0219435736677116	56.41448714188596	-177.18408892017715	-40.806662214795836		10.863478443902283	9.640086235123553	28.325857028916136	
GLU	-90	-30	5	319	0.01567398119122257	73.53639721034614	-84.31404818211831	31.733049325093845		13.25080666497089	8.123886878364885	16.66235497653455	
GLU	-90	-30	30	319	0.09404388714733543	-163.4958051890837	64.08781467508152	36.350674371155364		13.813066298087264	7.6562606502525545	15.89617927058746	
GLU	-90	-30	7	319	0.0219435736677116	-165.1003383957688	85.01676620612051	-45.1343779078436		12.28787514429505	10.575114033645407	18.746272654085224	
GLU	-90	-30	19	319	0.05956112852664577	179.5003673911553	178.58870545680938	38.286763539582886		14.135880778085795	14.411092966522222	17.96016260403784	
GLU	-90	-30	29	319	0.09090909090909091	-174.12824674059001	-176.8036065998843	-34.07899814255511		13.646247025203873	7.450567261636978	21.278345672348205	
GLU	-90	-30	5	319	0.01567398119122257	157.35898825244743	-98.28257970662331	-51.30140630474849		13.29436256649138	7.970466426759014	8.879518555608275	
GLU	-90	-30	14	319	0.0438871473354232	-62.87932695273472	79.14917060215805	25.78765833585306		9.059028295359436	8.782361818833618	16.664589964998445	
GLU	-90	-30	6	319	0.018808777429467086	-68.00602293604143	88.20436985141352	-30.508327098416753		10.861486651220861	5.7916804468748335	14.686172528118036	
GLU	-90	-30	54	319	0.16927899686520376	-65.7332895692381	175.8563487253724	23.785592139702327		7.746999526889226	12.24185239117798	17.77017978808619	
GLU	-90	-30	54	319	0.16927899686520376	-63.36542364715108	179.29358932175867	-28.905550969465885		6.252305676050572	8.677194258435685	20.052681118870396	
GLU	-90	-30	9	319	0.02821316614420063	-65.98413770048496	-77.5803854478834	61.04806044009415		12.665355326159107	10.021622564191365	13.587890559793546	
GLU	-90	-30	66	319	0.20689655172413793	-54.403319009035854	-50.76107471412793	-26.287535972134016		27.403866098063723	26.452559849710127	21.96354579827136	
GLU	-90	0	11	231	0.047619047619047616	61.97085678114941	-170.9262347035739	47.32191067138313		14.50098838972256	16.07826672832774	16.502389005587116	
GLU	-90	0	11	231	0.047619047619047616	59.5846324100629	-177.16673743874892	-29.787645698293737		9.525863371513788	15.188654701269366	19.268362767079445	
GLU	-90	0	8	231	0.03463203463203463	75.01134313188142	-88.71304977777372	21.120835199402446		4.629270636769625	5.61779842604753	17.59792900291644	
GLU	-90	0	9	231	0.03896103896103896	63.243963113834475	-74.88542919294419	-27.136032214083052		17.756799385294403	8.671777831831703	16.318496170078742	
GLU	-90	0	6	231	0.025974025974025976	-145.09143511732506	60.31863422418998	49.6046832356891		7.791882111400516	13.601936574187652	10.468184764438872	
GLU	-90	0	5	231	0.021645021645021644	-154.0883411337166	-160.9958826851542	39.78439961083397		9.883901272479624	12.3728671339145	24.234689232624618	
GLU	-90	0	9	231	0.03896103896103896	-173.92675239948167	176.15341150573144	-20.8756050860321		14.059554696411114	10.306217322356659	14.121312637400662	
GLU	-90	0	18	231	0.07792207792207792	-72.03666029713165	72.04629180857914	43.54633056994008		13.616248977964716	10.769665096798944	15.369298378427098	
GLU	-90	0	7	231	0.030303030303030304	-68.26714529108769	77.1303202270429	-36.087239930902655		15.118215963196045	5.82405803685782	27.601611026363493	
GLU	-90	0	56	231	0.24242424242424243	-68.06230507244146	174.45243866815483	34.17825672266127		9.997918560570138	11.529164915371073	18.84238061485992	
GLU	-90	0	42	231	0.18181818181818182	-65.24872475985526	179.79959231558024	-32.73224106493525		9.330690092861024	9.519871436518264	22.187433480914027	
GLU	-90	0	10	231	0.04329004329004329	-58.430314407251785	-72.92425799602049	31.502025398782532		7.445661927792293	10.922620457118503	23.745613305763083	
GLU	-90	0	37	231	0.16017316017316016	-61.18623187790658	-56.484477527592006	-35.16880889454034		14.182637577766721	17.282237050303255	22.726456170717874	
GLU	-90	30	7	23	0.30434782608695654	-64.35594023487727	178.36810046281192	-28.836903324110224		6.96893805192352	8.42055140363751	18.756158525867725	
GLU	-90	30	5	23	0.21739130434782608	-55.23647173296114	-56.943984238474734	-20.798996637516787		13.827889834275984	11.902786276789342	23.140342729457462	
GLU	-90	60	6	20	0.3	-62.00635691078603	-53.68899013128369	-45.432323367499635		6.595426569968821	12.297122392640153	8.787171099627857	
GLU	-90	90	7	38	0.18421052631578946	-179.49856736502474	174.2348848263216	53.36256802406496		3.8749392307889643	7.323878033916886	17.075664123767787	
GLU	-90	90	8	38	0.21052631578947367	-64.49818654564322	170.7292944427907	24.321887338706134		6.977618344463955	11.906376346538455	21.728994434638725	
GLU	-90	90	10	38	0.2631578947368421	-57.423937731752375	-64.42250921268001	-15.666448714466387		29.10868806463981	24.936036703443516	18.524813988162357	
GLU	-90	120	15	171	0.08771929824561403	-168.14271210383382	72.17091064864788	51.867931979092155		11.009712479321177	7.507858240201579	11.92082399545489	
GLU	-90	120	29	171	0.1695906432748538	-177.5685103612347	-178.8788629034055	49.5025454210286		7.9064107846010305	6.237877414058522	20.551609375409246	
GLU	-90	120	39	171	0.22807017543859648	-174.77330664806422	179.05837069378603	-28.861167330853444		8.563458239991457	10.363057922465222	19.856855454194218	
GLU	-90	120	17	171	0.09941520467836257	-65.22617972086485	177.00325510216783	35.815179868064845		11.994366319838166	6.741004293897139	25.31087631672215	
GLU	-90	120	26	171	0.15204678362573099	-68.8182537224199	-177.58005343530078	-31.728074657632614		5.924439994772612	10.484954212402725	17.731433350546226	
GLU	-90	120	27	171	0.15789473684210525	-51.03902320688473	-60.13114872441556	-17.78966013743752		25.454348193748764	28.378809729965933	16.374941581521416	
GLU	-90	150	5	190	0.02631578947368421	72.9663872920187	174.8313015998913	-57.305009192848715		12.067878820306161	14.000194247142412	18.039942255235957	
GLU	-90	150	11	190	0.05789473684210526	-161.46920322321637	70.01789733311776	33.50517924400276		10.297290043652328	7.333198567161134	16.23841357332337	
GLU	-90	150	9	190	0.04736842105263158	-164.12747393979913	173.7523763369637	27.52146751371296		11.184391426282106	13.290299161764985	17.38499136042155	
GLU	-90	150	21	190	0.11052631578947368	-166.10579460213208	178.265466609489	-32.59046753725811		10.021816270419889	9.592075585083155	17.687464332714647	
GLU	-90	150	36	190	0.18947368421052632	-64.22756328426802	172.80835148044727	41.92816037023263		9.167736294627925	11.614078497503806	14.557422092615168	
GLU	-90	150	39	190	0.20526315789473684	-64.02652783361852	-177.02873863780496	-31.57758940226098		8.118786982391615	10.394941955500155	16.521709882352287	
GLU	-90	150	5	190	0.02631578947368421	-69.59916893126835	-70.53956907079102	9.23229183950047		9.439321936680399	2.1674377550687036	13.964170635233222	
GLU	-90	150	52	190	0.2736842105263158	-56.45747012606668	-60.97056260507314	-32.877047066339046		16.91384111715032	19.59074390303183	22.486802376681375	
GLU	-60	-60	5	715	0.006993006993006993	46.03262943820383	170.108728288645	52.588603620054535		12.135212606299952	12.774184920179621	7.617182429136861	
GLU	-60	-60	8	715	0.011188811188811189	66.22048070170993	-53.56250664380546	-45.88769042998794		16.47785484803956	5.642896638203601	7.680042730019956	
GLU	-60	-60	60	715	0.08391608391608392	-172.61008577959527	61.9116981072508	44.944284780382254		10.927082680933408	9.449976875411393	18.583185112264214	
GLU	-60	-60	18	715	0.025174825174825177	-173.8290187825597	68.05112986532383	-30.101366491083226		16.688025526525244	9.375954925856355	20.25423918640003	
GLU	-60	-60	113	715	0.15804195804195803	-175.00382832952232	176.0282628957259	29.11380046570012		11.449140405889434	9.659250157029451	20.301516106486197	
GLU	-60	-60	118	715	0.16503496503496504	-172.60697892613746	-177.49373925608407	-36.79603996177262		11.116350595992165	9.35220689620753	18.499611215898295	
GLU	-60	-60	12	715	0.016783216783216783	-158.53500743609047	-76.60989347576762	-39.70372224194191		19.745304163033953	16.41102528614559	21.11934681683231	
GLU	-60	-60	28	715	0.039160839160839164	-71.03825717923947	74.6696465183104	39.06770339767731		12.450427756796094	10.177282071251547	20.77930571447029	
GLU	-60	-60	19	715	0.026573426573426574	-71.80474282321251	84.76388914787476	-34.49241406438872		7.362339992778773	7.364085474283247	24.364691153217954	
GLU	-60	-60	131	715	0.18321678321678322	-72.49078348569282	174.6320791793469	30.09863709009778		11.152043823595156	11.314719707912644	18.532467807833108	
GLU	-60	-60	87	715	0.12167832167832168	-68.4899600656676	177.92629941616846	-32.057319286000045		7.900343274455664	8.853696280741499	21.17122399795776	
GLU	-60	-60	12	715	0.016783216783216783	-77.14944050643129	-82.33389448346226	46.092051562173296		15.113708343580527	12.798711018146756	24.26653860296727	
GLU	-60	-60	97	715	0.13566433566433567	-58.38865738517702	-48.969248693822856	-25.53376134330497		32.51934045501328	25.141369297498247	23.824791126913876	
GLU	-60	-30	34	1905	0.01784776902887139	60.53928335276074	-178.51148588473475	34.27981619042719		9.611417292156881	10.839458052792091	23.2559342668015	
GLU	-60	-30	38	1905	0.01994750656167979	66.29168937839326	179.2893659210747	-42.76931795134353		8.470783126676297	10.510535939091053	19.93503608069482	
GLU	-60	-30	27	1905	0.014173228346456693	56.24055414667484	-89.20552091286511	31.59712869768211		7.000811958173778	6.384165587463362	13.687834504303318	
GLU	-60	-30	24	1905	0.012598425196850394	43.33389813079087	-80.89116860590829	-41.15142929469141		13.741104769725887	13.313559669889901	15.110594407532693	
GLU	-60	-30	178	1905	0.09343832020997375	-170.86763743595145	63.248871822139186	31.706712899210626		11.171638264276185	7.7831511573801455	14.744644609545592	
GLU	-60	-30	31	1905	0.01627296587926509	-173.8110792797014	77.64890607106044	-30.421410984174702		12.446001388992102	10.027357732348566	22.860515318873585	
GLU	-60	-30	179	1905	0.09396325459317585	-177.46148060236993	178.23070001720347	29.224436452737624		8.746166544282508	10.445670615118212	18.6340640392165	
GLU	-60	-30	210	1905	0.11023622047244094	-175.8987882210651	178.12851336642404	-29.843434693942452		8.206331859393304	9.59283133164142	18.34203292154363	
GLU	-60	-30	6	1905	0.0031496062992125984	-170.6992638853543	-97.5757637716978	33.74746496841281		25.21805631458732	5.8746414647536005	24.913252797537044	
GLU	-60	-30	55	1905	0.028871391076115485	-169.11859193521875	-83.73643463504601	-21.85966178820799		12.210425815940367	15.717909795310566	16.9004311744588	
GLU	-60	-30	83	1905	0.04356955380577428	-66.95924960617303	75.61626410599854	34.547666397746106		12.6575957029983	8.264537444690466	20.894240755716627	
GLU	-60	-30	81	1905	0.04251968503937008	-65.05120495575707	87.65624660362931	-26.76176661952916		8.148616153629476	7.355933139437067	19.03389814164469	
GLU	-60	-30	266	1905	0.13963254593175853	-69.90360215141672	177.1183432470789	28.75528516709466		8.978379999794154	10.784039304546384	20.52340782318701	
GLU	-60	-30	344	1905	0.1805774278215223	-68.61633480453965	178.87156225942746	-26.863246025956204		7.547136009890107	9.41140552239561	17.196948836097672	
GLU	-60	-30	48	1905	0.025196850393700787	-67.77068173111311	-78.99749216242925	27.75401952794687		7.886168478732122	11.44611456379776	19.739912667414586	
GLU	-60	-30	297	1905	0.15590551181102363	-55.3325947775904	-44.618660162813974	-23.168020083364567		29.605730710434038	28.173448758874667	23.00297930570111	
GLU	-60	0	10	112	0.08928571428571429	70.73681323469741	-178.09518353541955	50.877691342297716		5.481925013408599	9.983711717577027	26.216983382832694	
GLU	-60	0	10	112	0.08928571428571429	66.03313924924062	177.47943431952325	-35.18623003678216		8.548648241002883	9.75266614120737	17.9934945336417	
GLU	-60	0	9	112	0.08035714285714286	67.91531089975925	-92.08474884446788	28.231406320912765		3.889146185962723	6.470467270415474	6.923490412383951	
GLU	-60	0	5	112	0.044642857142857144	48.733096727255315	-72.30061829119066	-55.89746478204699		22.726299970558696	5.561019902462226	3.7593471535482204	
GLU	-60	0	5	112	0.044642857142857144	-143.44482089485095	161.33953215796927	-28.92081700963695		13.026810874099715	14.813772582419544	18.011280338826413	
GLU	-60	0	6	112	0.05357142857142857	-66.75935061236866	81.31357984082166	-55.23786939755528		8.662889621696198	4.92596060897493	12.945445193305767	
GLU	-60	0	15	112	0.13392857142857142	-70.97752293269214	178.13238519590072	32.399938109487714		5.892092534163271	12.755639651413537	15.158817193683808	
GLU	-60	0	20	112	0.17857142857142858	-60.16870816560467	-178.47386659648313	-20.275719038967008		9.95670053691341	10.528003379811334	16.274025417539516	
GLU	-60	0	17	112	0.15178571428571427	-58.19859178722813	-49.87451344025621	-45.372530610304764		22.10184800873075	25.67571010524562	30.80069538991133	
GLU	-60	90	5	13	0.38461538461538464	-35.00230577519903	-46.97754720463337	-17.408744398781028		27.14961568659228	29.295356096409368	16.374909230591527	
GLU	-60	120	11	138	0.07971014492753623	-168.0067632342838	69.51445692826697	34.43849190225941		10.98114836343815	9.740701376675725	15.593861224376704	
GLU	-60	120	27	138	0.1956521739130435	-172.86045123754784	178.43723616621995	34.89370353630622		9.817623660780274	7.659055352643225	17.83610605466641	
GLU	-60	120	25	138	0.18115942028985507	-173.018342200631	177.42927333318798	-32.67832202257704		6.438262111300082	8.119461235879339	17.269760678014883	
GLU	-60	120	16	138	0.11594202898550725	-69.00988071674585	179.2670286027007	39.888427579012244		12.81074372257091	9.515456354540383	22.59325793540989	
GLU	-60	120	15	138	0.10869565217391304	-74.41139986540313	-176.26453376992214	-39.88195733043576		7.405159793324442	11.135646697723216	23.953671147846208	
GLU	-60	120	23	138	0.16666666666666666	-22.882587752653407	-15.975326007177351	-12.280708263265009		33.869547575258885	29.248729277428247	22.171809912568605	
GLU	-60	150	9	230	0.0391304347826087	61.69849118840913	-176.71376004931724	29.093970074490038		8.62957619992332	13.11566077907868	19.827632698246987	
GLU	-60	150	12	230	0.05217391304347826	62.07252339225545	176.82146515644504	-26.682409517490104		10.762832954355106	6.117948489706903	13.5612080668028	
GLU	-60	150	11	230	0.04782608695652174	178.50032854401834	69.05233046720068	27.492232578980584		11.973991671880768	8.72348465866855	13.595132458435117	
GLU	-60	150	30	230	0.13043478260869565	-174.61282387790035	178.60676221308194	32.959228910269424		9.741927239309938	7.750375340081959	19.5067822848948	
GLU	-60	150	20	230	0.08695652173913043	-170.69321982177541	-174.9874584029095	-20.264165541621345		9.27912071115584	8.826827745450775	12.41225889257946	
GLU	-60	150	8	230	0.034782608695652174	-74.9160777710225	74.84071477933716	19.903061561268622		11.62002993015953	5.555239156023688	8.063196955676851	
GLU	-60	150	12	230	0.05217391304347826	-63.282447873096075	89.31157397109412	-36.2165605973484		13.680336217234347	6.147826956285751	24.789957081986483	
GLU	-60	150	32	230	0.1391304347826087	-67.41052921621052	177.70241842639166	43.5032794301101		9.594591933762793	11.425092010549868	19.71103276990344	
GLU	-60	150	22	230	0.09565217391304348	-64.36007784358033	-179.1232499981637	-27.420250589619776		7.12376412818777	10.99772828079545	18.42654801724036	
GLU	-60	150	13	230	0.05652173913043478	-66.74658284883104	-86.20874374926083	33.51777428085039		9.75525220231802	11.439187514840619	25.433398309915244	
GLU	-60	150	48	230	0.20869565217391303	-58.770321679947074	-61.07216448098537	-28.826597562230244		16.40046225444898	19.691337573838062	21.695147516489538	
GLU	-30	-60	5	33	0.15151515151515152	179.03691193496175	91.43226663292782	46.70833173477135		9.675632103459991	12.630675991011726	29.631850612066792	
GLU	-30	-60	5	33	0.15151515151515152	178.46376087280495	-176.28156230765762	55.85719447260987		9.936056219603701	5.039975102733565	17.525750216009882	
GLU	-30	-60	5	33	0.15151515151515152	-84.04296506112621	-176.08877623265482	43.20026067090167		13.385229416437996	11.335749143932782	15.755951144908423	
GLU	-30	-30	5	28	0.17857142857142858	172.71902938718185	171.23038467368875	48.31404241401221		16.698403916666294	6.211962188665759	16.098827992937963	
GLU	60	30	14	49	0.2857142857142857	-60.85517600912589	179.08206258218877	53.41687823690335		9.734953113486116	18.85437637823283	16.284326644602483	
GLU	60	30	15	49	0.30612244897959184	-61.933137308325556	-174.4836949683816	-46.3195121484453		6.0785893794268775	7.0455779628553055	19.72489542246045	
GLU	60	30	12	49	0.24489795918367346	-62.727181106104226	-65.45463595341015	-41.75403260730214		12.066252796807678	11.497755424401303	18.78907435452464	
GLU	60	60	7	21	0.3333333333333333	-66.28445354810381	-179.40038168961746	-31.435244987843493		7.742314465505399	13.546174890539719	16.50910483177898	
GLU	60	60	5	21	0.23809523809523808	-58.11584067863206	-71.24283604411755	36.86370923051149		12.626964813643529	6.426745915424288	29.4283723654043	
GLU	60	60	5	21	0.23809523809523808	-63.40041622154935	-61.689847660044414	-21.28450670878111		14.429812817585734	4.487470003058289	15.405560401816658	
GLN	-150	120	11	42	0.2619047619047619	173.15623569679354	76.60273093937347	40.519445005382565		18.494720819337996	9.07139843245716	16.926868591807477	
GLN	-150	120	10	42	0.23809523809523808	-174.21052474481382	175.43762260701405	46.31201288641093		7.935407348982315	8.750299196373621	19.058431013692623	
GLN	-150	120	9	42	0.21428571428571427	-175.31855455765378	175.95528714837468	-50.78729096600776		9.418306890040748	3.4372835908151296	24.265248384202593	
GLN	-150	150	8	82	0.0975609756097561	61.808382495407244	-172.8316952537561	65.0832709351781		5.741141500709325	9.096815168349313	17.206875374764227	
GLN	-150	150	5	82	0.06097560975609756	55.04762495473063	-174.06976460840912	169.55927675347735		8.377527008285382	6.616132522882417	12.699059067696204	
GLN	-150	150	11	82	0.13414634146341464	65.61818796140373	-177.23143438016075	-54.93049805370134		9.437347587919444	8.91594146872566	19.741780483355818	
GLN	-150	150	10	82	0.12195121951219512	-174.0229159015955	174.46033853225097	52.87299039087245		10.277730704845775	10.54582007321599	21.685579185651985	
GLN	-150	150	13	82	0.15853658536585366	-177.3315231299287	-179.0458038974433	-32.22574594425487		7.2432529189440995	12.06841802140958	20.249972531483596	
GLN	-150	150	7	82	0.08536585365853659	-60.19920011880082	-171.27372942720734	30.258406431211025		15.171117990928877	10.013159150692848	9.589538609164359	
GLN	-150	150	12	82	0.14634146341463414	-63.41273781884614	-177.79796613295517	-50.59648040644351		5.402064647705357	8.475383456151203	33.52092756864402	
GLN	-120	-180	5	12	0.4166666666666667	-55.03200101498843	-58.773348602811495	-42.10834120769454		13.088967777486461	12.305485139140181	16.143274154931383	
GLN	-120	-30	5	22	0.22727272727272727	-61.616877782508006	-177.95667333436816	-26.198528808564024		4.810822804148768	1.4352483185276086	23.828556230001283	
GLN	-120	-30	6	22	0.2727272727272727	-33.335634355600305	-30.459309774658735	-23.41148673394621		33.48049793145877	32.30775104472321	25.335550500214815	
GLN	-120	0	12	34	0.35294117647058826	-69.73562654592043	172.75873786795145	49.249976494063866		11.97075017010855	7.963016417253786	15.76940964001752	
GLN	-120	0	6	34	0.17647058823529413	-71.30241762000276	177.38448074383714	-31.454261653014925		4.418387996437713	10.049616841145463	20.695483287402137	
GLN	-120	0	7	34	0.20588235294117646	-64.53654126639141	-64.56069306515374	-42.809986165875436		7.794879851050285	22.430070561851572	20.402459263592167	
GLN	-120	30	8	26	0.3076923076923077	-61.83487522499421	-177.5269578110247	24.219904204929072		7.1078863633615885	10.087708906273058	18.788086968994325	
GLN	-120	30	6	26	0.23076923076923078	-69.08728453264773	-175.70358962988809	-52.97476217400678		2.1208239902354484	8.252679726376007	22.555315537413538	
GLN	-120	90	6	34	0.17647058823529413	178.52497171284085	73.29039511427194	42.48357658087779		15.180041538128979	4.457286221554997	21.577211233303498	
GLN	-120	90	5	34	0.14705882352941177	-69.43222478083963	-51.225871097071945	-17.006042898642786		13.839627189573031	31.550622413413286	15.53314000922914	
GLN	-120	120	6	86	0.06976744186046512	177.31014019516394	74.2498024337106	59.92148530274024		5.060102558135623	8.280321126038595	24.707384669170203	
GLN	-120	120	15	86	0.1744186046511628	-174.41760423117543	175.5735384823276	46.64844216993321		5.242478188989281	8.84875991709667	19.073070489810103	
GLN	-120	120	6	86	0.06976744186046512	178.1095353029868	176.47911814970178	-151.9207116916913		7.191970082729896	6.04162489993945	20.117858736496842	
GLN	-120	120	9	86	0.10465116279069768	-174.4428554874703	179.95815591064076	-57.11782318270324		16.29788169051498	11.323599508690748	22.062154917370485	
GLN	-120	120	15	86	0.1744186046511628	-67.76091602185674	169.55110469886253	50.39957654316609		8.560551503139536	14.519494198447436	20.50708845504837	
GLN	-120	120	12	86	0.13953488372093023	-65.55593926163056	-175.8341656390506	-30.05188607068921		9.055700234941154	9.692947327154917	14.838177211797921	
GLN	-120	120	6	86	0.06976744186046512	-68.3548483940812	-64.5662659524304	-41.564953560240326		11.818442958862532	12.658046687892325	14.571109775525548	
GLN	-120	150	7	114	0.06140350877192982	54.90630398896798	179.3884330037616	-41.04863745582196		3.541571717003292	3.7279971312382116	27.858814789399283	
GLN	-120	150	6	114	0.05263157894736842	-175.13346098651078	176.41786506454966	-23.70093161878188		10.624458844291368	6.9150282516000114	14.69486866182515	
GLN	-120	150	28	114	0.24561403508771928	-63.293070389454186	-174.6745378781736	53.12684052097046		6.980368166698259	9.457434479688391	25.40610981172243	
GLN	-120	150	5	114	0.043859649122807015	-64.99983492630669	178.79555859874995	163.11800432718402		5.0651233164785525	4.939877123800634	15.326607759404547	
GLN	-120	150	21	114	0.18421052631578946	-62.08577611840434	-179.78287519488507	-37.85515063996448		5.457043852977604	6.2694384726753025	16.310326103505727	
GLN	-120	150	6	114	0.05263157894736842	-68.09055221858084	-83.41123261504734	77.1585795159976		10.916742186338745	7.57157118819331	32.10555047739244	
GLN	-120	150	17	114	0.14912280701754385	-61.346912327489505	-61.39640737261414	-43.537758422450295		8.866516952150342	18.16067834793928	17.902994605863768	
GLN	-90	-180	7	29	0.2413793103448276	-60.74043825927232	-178.4135562663696	-67.10949372148787		9.724290358257695	4.339024150224455	8.935982114125176	
GLN	-90	-180	11	29	0.3793103448275862	-55.54721185014235	-41.394056642410135	-44.21634816916238		19.31225474965586	23.263919581695067	27.234286349308718	
GLN	-90	-30	9	159	0.05660377358490566	-169.66762928601014	64.61270675538037	54.16704377460205		9.69552556415301	7.417331802202334	12.752389849983524	
GLN	-90	-30	13	159	0.08176100628930817	-171.68399876069944	177.81101876144606	43.25140886308424		7.44755329368024	5.050575573598861	27.353019039286522	
GLN	-90	-30	7	159	0.0440251572327044	-173.91328144112794	-173.71439941779863	-21.862572189964936		14.592042420934954	18.573290725175603	22.475627595204006	
GLN	-90	-30	6	159	0.03773584905660377	-75.35852704181931	75.68131895694833	38.070376448718434		5.657188214069565	13.318659622889497	18.93198708225608	
GLN	-90	-30	5	159	0.031446540880503145	-58.1245173222834	104.31937149050577	-58.658859681328956		5.084924336343982	8.191638765297007	19.397785108698592	
GLN	-90	-30	22	159	0.13836477987421383	-64.2776291118147	-179.12155088170576	46.30609137840267		7.320125575697118	8.943358647236238	18.11100712345945	
GLN	-90	-30	30	159	0.18867924528301888	-68.11645556432754	178.38138438716868	-46.18821087724222		6.717053150852581	9.120516567668705	18.10984585989676	
GLN	-90	-30	7	159	0.0440251572327044	-63.82384886879235	-68.51450672321774	77.50422177397705		11.127843302003264	11.06850352035009	25.563888059282995	
GLN	-90	-30	28	159	0.1761006289308176	-58.34804650241022	-63.65876408191574	-42.396824413254045		9.387999690666222	12.062987571240498	15.592514746479063	
GLN	-90	0	5	126	0.03968253968253968	67.53475061283827	-175.2312802458357	37.9844105345622		4.366448522722176	8.384147459205657	15.978828503105396	
GLN	-90	0	5	126	0.03968253968253968	-63.13798348009215	89.46303402597302	51.98170984897791		8.366164569117233	12.185962057194283	15.076944664620923	
GLN	-90	0	22	126	0.1746031746031746	-63.144242898904686	179.6089112896831	36.9658628859516		6.8955379703206505	10.138826570707707	16.392881316719112	
GLN	-90	0	13	126	0.10317460317460317	-62.402094203608875	174.76841521502266	-39.42679350402868		9.048583072667888	9.45057345624452	20.273267046737395	
GLN	-90	0	11	126	0.0873015873015873	-56.15466491703512	-67.51912472090075	64.81782335190661		6.60880652569392	12.49875168987201	33.07004126816566	
GLN	-90	0	5	126	0.03968253968253968	-67.87785194039894	-68.22451881067285	142.0267605754637		4.809139286954482	7.942766659700377	11.721196631019076	
GLN	-90	0	42	126	0.3333333333333333	-57.315184268271274	-60.73748384430109	-47.674639447620585		13.808370856200096	14.144056187911866	19.517519699993166	
GLN	-90	30	7	19	0.3684210526315789	-57.41165250023878	171.69012393732015	27.395654981605574		8.177826039993821	6.454285866237172	25.251709297304554	
GLN	-90	120	11	113	0.09734513274336283	-179.79453194558621	69.80198966667194	45.05312751476772		12.234327608891785	9.03679794256268	14.410339310899296	
GLN	-90	120	6	113	0.05309734513274336	-176.0842642769556	63.55921381517361	-144.83989872919136		17.328632027175253	12.891633786228985	25.10406091473149	
GLN	-90	120	14	113	0.12389380530973451	179.21848178478135	-179.00303333461	53.39830168724057		5.495718460245173	11.339324854826845	13.700492696475038	
GLN	-90	120	8	113	0.07079646017699115	-178.3977935899291	175.46498261427183	-161.7413598380337		10.875491486130992	5.309835405613549	21.599957831850055	
GLN	-90	120	16	113	0.1415929203539823	-172.70654653041632	179.09756446618562	-29.853047329644234		7.260880224265334	7.638225572253744	20.90142297379053	
GLN	-90	120	15	113	0.13274336283185842	-62.82459460852696	-176.3364166832729	44.46220853510434		4.795952310725183	10.792640491689367	19.4811525405589	
GLN	-90	120	12	113	0.10619469026548672	-65.71256922061963	178.39358381617745	-39.03262031021585		9.134397641181861	8.694156875544692	24.745274427933	
GLN	-90	120	13	113	0.11504424778761062	-63.25713232765032	-61.216282572271076	-31.30202087494409		15.468776935562019	13.3865312422907	17.937584910058813	
GLN	-90	150	7	104	0.0673076923076923	-175.85566584578794	-173.56470768708436	-29.830377724854376		5.403565721594794	6.032101709233796	14.299530437487439	
GLN	-90	150	23	104	0.22115384615384615	-61.39786252641426	179.42576515414967	45.580133998157365		6.240546611340862	10.192514309408239	25.374562014043917	
GLN	-90	150	7	104	0.0673076923076923	-70.43748090261641	171.14393950023938	-172.4991604610926		11.178667130473743	9.491549320498489	11.833949478659534	
GLN	-90	150	18	104	0.17307692307692307	-64.37882580497971	178.11756111932775	-38.94508059977192		4.608758760923901	10.920893900197886	12.424707470505055	
GLN	-90	150	5	104	0.04807692307692308	-58.06839349381384	-74.75140484959338	87.33282381112039		3.592878587443825	11.7867226610962	36.252572498670744	
GLN	-90	150	19	104	0.18269230769230768	-57.03726747043103	-54.6201933672586	-36.53895166882008		10.802219208497801	16.898684305765723	20.523440758565783	
GLN	-60	-60	39	308	0.1266233766233766	-175.4711775622198	61.89141083314389	51.600259622918585		10.11641521341169	8.473730310666696	16.616678735780088	
GLN	-60	-60	12	308	0.03896103896103896	-174.20295739800244	70.1043014668058	-85.76848666022184		12.079899163111715	5.792926454404713	26.160881963702618	
GLN	-60	-60	23	308	0.07467532467532467	-178.3744397716254	179.71500155496827	38.428156355846376		8.898095720737285	5.643396255341333	19.196215649289012	
GLN	-60	-60	14	308	0.045454545454545456	-177.12621286141544	-177.94896378736726	158.0620690662702		7.4128646266087195	4.629313643664141	22.09382377772682	
GLN	-60	-60	31	308	0.10064935064935066	-170.19802816260022	-178.94725561685163	-41.30832646023474		12.060054725234131	9.989650712437124	18.738421419625116	
GLN	-60	-60	8	308	0.025974025974025976	-177.47483130861443	-84.8261859276672	-41.845238402969045		12.676832712132402	14.114909461755838	17.764523535270143	
GLN	-60	-60	9	308	0.02922077922077922	-73.61224115316044	87.90955657162557	-56.84242339991863		16.887148331955355	19.42588995915707	25.018792128395702	
GLN	-60	-60	57	308	0.18506493506493507	-70.80583592582138	178.37353133588078	41.474066101410024		6.972277322545486	9.997292872167735	16.25825487206168	
GLN	-60	-60	19	308	0.06168831168831169	-72.83200690930896	175.42376742600072	-168.89592671765212		9.834957798638685	9.632203911611086	20.498156345556186	
GLN	-60	-60	45	308	0.1461038961038961	-70.57129585460049	-179.94320987765542	-45.235725711065534		8.154969396662409	7.716284351143586	18.909273360545704	
GLN	-60	-60	6	308	0.01948051948051948	-73.97408714226114	-62.92050270761172	95.8743795011884		10.123735315817996	16.514064953233962	12.358998689911365	
GLN	-60	-60	29	308	0.09415584415584416	-71.77932214339562	-57.38369292182303	-38.80312042344072		18.352396061007067	18.177166449818703	19.84100994265107	
GLN	-60	-30	9	847	0.010625737898465172	72.985980006807	172.966380227592	53.34623433319531		10.601230987888853	14.399630782053965	23.51380594972702	
GLN	-60	-30	14	847	0.01652892561983471	63.23576541633805	178.2131506681375	-55.22074509598793		6.282874273069427	7.004159699532169	11.49920405998229	
GLN	-60	-30	6	847	0.0070838252656434475	51.85449267844382	-88.0299983897297	34.1536507719268		12.509050190247713	6.376556121961214	14.493986074569081	
GLN	-60	-30	93	847	0.10979929161747344	-172.59840821190045	62.43212178918639	46.316858345181245		7.249851138641703	7.179361902831207	13.948997114070195	
GLN	-60	-30	14	847	0.01652892561983471	-173.91157907858815	67.24449454868191	-149.46714052937273		11.669380587004955	9.178447721975889	17.59776435237461	
GLN	-60	-30	22	847	0.025974025974025976	-173.03446453451733	67.17457874110087	-83.77542755977072		8.51386143493738	9.330974602906041	22.69714643892811	
GLN	-60	-30	68	847	0.08028335301062574	-175.89749278727004	179.1343490377631	52.314235728702194		9.159910987868084	10.596257571668229	18.752731929624645	
GLN	-60	-30	13	847	0.015348288075560802	-171.2713182030148	173.18007023765603	-176.82587488247296		8.789241696997893	10.977996477036964	19.848926654895347	
GLN	-60	-30	77	847	0.09090909090909091	-176.2649718098033	179.98397848381776	-33.66727463914277		9.044555238555963	8.626295729014293	20.53525508925839	
GLN	-60	-30	6	847	0.0070838252656434475	177.73052045618545	-95.85867542845777	26.756251664471037		4.849465505367638	3.408202732268594	17.449540797860813	
GLN	-60	-30	11	847	0.012987012987012988	-170.6738854391958	-87.91528385838431	-28.69250952193737		4.693884292809406	14.75381069015939	11.544756890302008	
GLN	-60	-30	17	847	0.020070838252656435	-71.99340683390037	73.03180681188799	40.83038058977916		8.908385709728003	8.265985351801413	17.624022759136142	
GLN	-60	-30	21	847	0.024793388429752067	-71.32317133822629	88.40796432865703	-43.35492471379372		15.866880912260786	12.618193260964595	18.949331844339195	
GLN	-60	-30	112	847	0.1322314049586777	-69.48328054761377	178.66205538886538	50.090301029428495		6.84204756387797	9.898279210091806	20.394870316198663	
GLN	-60	-30	31	847	0.03659976387249114	-70.09979371679923	173.9388791947268	-174.93480615492447		7.872429239125413	12.790374012180601	20.214949074541735	
GLN	-60	-30	168	847	0.19834710743801653	-70.58977791672567	176.82581102364375	-40.563937889251115		6.290892010367043	7.160969977432339	18.282855655133684	
GLN	-60	-30	26	847	0.030696576151121605	-68.09284668355001	-70.18231525196849	80.46936044096678		11.482794150411282	9.781865270798976	25.673671469712406	
GLN	-60	-30	19	847	0.02243211334120425	-67.93843504257131	-66.3870786230718	158.1390330643878		5.511956702255339	9.372682848033822	20.92767336768074	
GLN	-60	-30	107	847	0.12632821723730814	-62.9021803647919	-51.765033674019456	-33.430161396304776		21.873634783634873	20.57196883850629	21.47098701286494	
GLN	-60	0	6	57	0.10526315789473684	67.83928321510427	-176.3241626617329	58.57160767750857		8.064813164549669	8.127974691658261	30.947121004853717	
GLN	-60	0	7	57	0.12280701754385964	-78.56409143720731	177.702334040617	39.52819102711431		9.10522584519218	9.686709211658972	18.435246648299337	
GLN	-60	0	10	57	0.17543859649122806	-62.77207770139988	174.52701614171795	-39.94197021425555		5.90848361913331	8.217536684197315	23.522614085529558	
GLN	-60	0	6	57	0.10526315789473684	-64.25700206550773	-69.72079854620145	-36.8775633429825		12.689162824510133	19.16549272360815	25.956708652830436	
GLN	-60	120	5	61	0.08196721311475409	-171.83781463421954	69.46603381365219	41.83676968378162		6.592728759474442	6.54125477137504	13.016606858435612	
GLN	-60	120	7	61	0.11475409836065574	177.37994950358976	-173.57321875867726	-33.10971380108504		8.75300669518405	10.556629116518963	13.322883042640854	
GLN	-60	120	7	61	0.11475409836065574	-62.9006303989245	175.98915739885578	66.69445487700597		16.74710736043752	26.755739309043676	20.76589453158998	
GLN	-60	120	7	61	0.11475409836065574	-70.95545450242338	174.62851817650875	-35.1063333420589		13.466298615465655	9.52061367784755	13.423828932837475	
GLN	-60	120	15	61	0.2459016393442623	-67.38859137031098	-58.970025072929936	-32.301817457109294		18.640991099069932	14.5540376869671	20.239821965718072	
GLN	-60	150	5	68	0.07352941176470588	60.74401160387759	172.80504796787474	39.61950038655225		7.711403532390732	5.758856327352532	11.32320615040141	
GLN	-60	150	5	68	0.07352941176470588	-166.27642174297247	67.02953502368887	46.54025775846101		15.65189494727776	8.028007293975861	12.357229556931108	
GLN	-60	150	5	68	0.07352941176470588	-174.74187782550783	170.86759884868056	30.024659360596413		14.007866131509399	8.07316096275011	16.961241515433873	
GLN	-60	150	6	68	0.08823529411764706	178.49437249474954	-178.89458508236427	-62.06764793132266		4.575619688884357	13.558714908170609	26.471925616016442	
GLN	-60	150	5	68	0.07352941176470588	-65.72630502162622	-74.01984444782798	85.61001525558021		2.6677232007646516	17.50800840923118	29.612016530580377	
GLN	-60	150	12	68	0.17647058823529413	-69.29473220405393	-51.86744359604402	-32.697890486810394		13.233796868419732	17.694792377065486	19.26742748054141	
GLN	60	30	6	29	0.20689655172413793	-60.76536019691835	-177.3977250645401	29.64932617854489		4.691947561325775	4.241952925170036	8.122996789374485	
GLN	60	30	11	29	0.3793103448275862	-66.95252397017099	-170.01623594946616	-56.76513749722735		7.610773703679842	11.901800971081569	12.173421797579254	
GLN	60	30	6	29	0.20689655172413793	-54.84880788159649	-63.925956037549	-54.71502508840364		4.88046604264506	6.35987339581232	20.388741966316665	
GLN	60	60	9	21	0.42857142857142855	-70.16832503518705	-172.76330059310325	-17.05037296840923		7.686825597497593	9.844260700664169	9.566157199073482	
MET	-150	150	7	70	0.1	55.943983622986565	-175.0890679236894	68.65548345554899		7.350905783915176	13.590092529092853	15.192471590390605	
MET	-150	150	12	70	0.17142857142857143	63.34200331341656	-179.39269930651557	-71.39735119636126		6.973081220380606	8.299644570987434	12.465239973512405	
MET	-150	150	6	70	0.08571428571428572	-158.32980581748004	176.4649250098591	-87.54001695617715		7.641036239387662	2.277775283296882	10.942867359072006	
MET	-150	150	8	70	0.11428571428571428	-60.853303543114734	-171.2944009351534	84.17303621091854		3.1175556369693442	13.319841362912577	13.750535195295948	
MET	-150	150	6	70	0.08571428571428572	-66.45574345663287	-178.74375492590053	-69.01010424437526		8.709063390423518	11.951506739219889	15.818184748120553	
MET	-150	150	11	70	0.15714285714285714	-63.48887226146873	-13.702623809398526	-13.79673562227942		11.845709289081634	32.22719666210288	32.52609671284924	
MET	-120	0	8	20	0.4	-60.778085922937464	-44.79481479786897	-50.53455132951323		8.606614318276923	27.22592476355373	30.433903541869455	
MET	-120	120	5	58	0.08620689655172414	-174.4638566012136	-170.09206975762197	80.05061559056999		5.398719831358063	25.241016576063277	11.105038224080301	
MET	-120	120	11	58	0.1896551724137931	-178.15314576346006	-177.97152912995773	-86.18329086398342		10.096339381160035	5.151565184687145	12.371050485183137	
MET	-120	120	5	58	0.08620689655172414	175.8750414763151	0.0	0.0		7.371628930651987	0.0	0.0	
MET	-120	120	8	58	0.13793103448275862	-59.539265707642556	-175.63728452772494	74.11587592826878		10.517830128112106	9.221858843705695	7.395838179352823	
MET	-120	120	6	58	0.10344827586206896	-69.87991710832924	-172.23181802513344	-167.5874339499495		4.757508692040308	7.366872492626715	16.76926258708427	
MET	-120	120	12	58	0.20689655172413793	-63.72166072134446	-173.3203414737741	-66.28162727186789		8.502165571089424	15.583256207937957	8.964426021826643	
MET	-120	120	6	58	0.10344827586206896	-73.03211926579192	-62.99587541585708	-75.92405159998721		14.126028028583702	3.6605378812869183	10.660598896344212	
MET	-120	150	7	79	0.08860759493670886	66.46201985086532	-173.42018264159054	75.7354325761139		6.971984697053234	9.183620812281976	14.726177284827756	
MET	-120	150	7	79	0.08860759493670886	-172.3270630721418	-167.9004148290978	74.6686408580427		4.591208988193264	6.048614304472076	12.047016413528569	
MET	-120	150	15	79	0.189873417721519	-67.90231042730157	178.89819037595953	72.7317628567734		8.860717296540953	7.7089854782968255	14.067212130336342	
MET	-120	150	10	79	0.12658227848101267	-65.2698218816277	-174.6299284427386	-65.08011698203747		5.049894845850042	10.180815646360973	15.437980313176201	
MET	-120	150	17	79	0.21518987341772153	-60.1063539438117	-66.63652445262588	-62.32657542574897		6.1689215854399	11.138982637758511	19.35002097493785	
MET	-90	-60	5	12	0.4166666666666667	-93.59079916484987	-17.584824018836073	-18.852810256171576		17.422633116783594	30.05020240200665	36.51830185465713	
MET	-90	-30	12	75	0.16	-66.17103544692178	-175.6577264754173	72.63272466912028		5.948829996155761	6.944778394617184	11.243073663656602	
MET	-90	-30	6	75	0.08	-72.13021193756936	-173.99097976404437	-70.24236139178798		6.780904820921784	3.4355373401937315	13.716047021943703	
MET	-90	-30	5	75	0.06666666666666667	-64.25546638205883	-66.42185138327658	102.43876462676037		4.040249436096089	8.641354206218251	7.555715677295069	
MET	-90	-30	7	75	0.09333333333333334	-62.57748004806337	-65.36933982241091	154.92904952879536		8.099089219950319	10.969355815725073	21.67683000673584	
MET	-90	-30	26	75	0.3466666666666667	-60.0905423055007	-38.28297590608259	-42.887747992850414		7.8462219904176065	26.428026115164638	31.149311213160853	
MET	-90	0	19	76	0.25	-61.309429343768024	179.6265945290029	63.409851366622064		8.77717688892324	9.239494290360263	9.056929989171325	
MET	-90	0	6	76	0.07894736842105263	-58.94654432019757	173.20040001792987	162.11815086311245		4.913889648887909	3.206272648257908	16.473666228242948	
MET	-90	0	7	76	0.09210526315789473	-62.86006897198495	-176.67012006788136	-68.70257308219746		6.056943298841537	7.050162883111591	5.716268840097581	
MET	-90	0	7	76	0.09210526315789473	-65.01739075764849	-64.08647877859752	95.2495551632683		5.764778434760712	5.678010238184635	6.806962080983118	
MET	-90	0	25	76	0.32894736842105265	-62.264443268528616	-53.94859917897132	-66.08397025161085		8.580242565352181	18.807101852382587	24.03205318805022	
MET	-90	30	7	12	0.5833333333333334	-60.12181353285368	-5.780199959544144	-5.378229035588731		7.890393883771863	24.62685787314878	26.484704201545203	
MET	-90	120	5	56	0.08928571428571429	-163.38101354075008	-176.37049440802608	162.61316581443523		14.564591022942787	12.306259524743162	9.536471318284965	
MET	-90	120	8	56	0.14285714285714285	-173.9709378527882	-177.79096022913689	-72.64038470280954		11.841264345728147	8.51578088569623	12.125389793147733	
MET	-90	120	19	56	0.3392857142857143	-63.24891875300905	-57.549736724414664	-56.99966543315938		11.80006725763814	28.4745185572818	26.007677194415134	
MET	-90	150	9	58	0.15517241379310345	-65.21399496530925	-175.04590015893825	71.78350326372274		7.921905610177646	9.477577259454106	12.824091536940234	
MET	-90	150	22	58	0.3793103448275862	-60.92236099858561	-43.125363837911046	-47.14230050919271		9.589459883498776	25.698920084432345	32.46746642989056	
MET	-60	-60	12	168	0.07142857142857142	178.33701766796747	59.85685897164953	78.98125889971924		8.536590119912242	3.0578420955749888	10.829008199784269	
MET	-60	-60	21	168	0.125	177.86607001409314	-178.4737676796414	70.49723456394757		5.4091137448182955	7.52908771327491	10.41999537467843	
MET	-60	-60	9	168	0.05357142857142857	-162.48662541972388	179.5447903428645	-56.715908071225876		9.601787973071707	12.157499778918726	8.648306059566881	
MET	-60	-60	18	168	0.10714285714285714	-176.57570895809536	-43.30537945058945	-35.318221384491046		7.203599013276451	44.25921537487633	37.31729926021272	
MET	-60	-60	26	168	0.15476190476190477	-72.44566436599641	174.8102497804623	69.68845973168035		7.051084182092131	7.536100978631722	10.060205135100867	
MET	-60	-60	14	168	0.08333333333333333	-67.24107594453959	-176.20399442603866	173.89150821307058		7.94770551508941	6.736718897299241	8.650959743891793	
MET	-60	-60	13	168	0.07738095238095238	-73.56528353304964	-170.7730815110574	-73.5692334660945		5.683031577429297	6.557335198874496	18.59369705052355	
MET	-60	-60	11	168	0.06547619047619048	-60.74639670311579	-62.180088387944664	89.79307464327853		4.037850501373084	7.6508480215191845	6.6726166120904	
MET	-60	-60	7	168	0.041666666666666664	-68.35538103392788	-57.281387926353744	161.716657710312		9.261319846493738	16.81822345933816	25.502765329128643	
MET	-60	-60	25	168	0.1488095238095238	-66.17756957718802	-43.41356767216746	-47.61185856512209		7.932257425670879	24.780002079972668	30.873320307307704	
MET	-60	-30	6	431	0.013921113689095127	70.5123727062074	177.13607502110173	72.3207012098904		8.47313079192833	3.886300492222842	11.659487640920487	
MET	-60	-30	24	431	0.05568445475638051	-171.0927915210366	63.09938266817672	78.0341638745839		9.744783928322393	7.660148853054535	10.583637201645224	
MET	-60	-30	12	431	0.027842227378190254	-161.89718216370386	55.98033375612821	-170.09637829136608		8.511584990161944	5.899893257061241	15.477788147434708	
MET	-60	-30	5	431	0.01160092807424594	-143.01080532402304	61.0689474077824	-103.5390142474798		13.530385545637936	3.4014952965433074	10.729621926709946	
MET	-60	-30	31	431	0.07192575406032482	-175.75586008666224	-179.54295108993932	67.03735011700483		10.413419544601155	12.704584978089885	11.18232555170284	
MET	-60	-30	6	431	0.013921113689095127	-172.2139439941582	176.06008266405078	-170.16254530842176		2.0566321933776837	4.504540356839343	12.132667118922225	
MET	-60	-30	24	431	0.05568445475638051	-172.76522965564163	176.34912392051783	-65.44383150843616		9.130216408372005	10.861363594050557	10.08678803901239	
MET	-60	-30	22	431	0.05104408352668213	-169.10495449907356	-2.541448999053526	-2.24185681193226		15.609054701686876	17.629478332755735	11.195909959152853	
MET	-60	-30	66	431	0.1531322505800464	-70.62526451007449	174.76910045941506	68.56374162595112		6.246792328159731	7.501486107217742	10.759140828205041	
MET	-60	-30	25	431	0.058004640371229696	-69.41785452574209	-178.21801034826132	177.8367707808459		5.725600693803443	5.607909105048244	11.557009201038635	
MET	-60	-30	41	431	0.0951276102088167	-71.53721438604808	-172.77438729659525	-68.65722761155374		8.164979889633607	5.72202384604022	14.346782396724596	
MET	-60	-30	28	431	0.06496519721577726	-66.47401825592254	-62.0665538866045	96.48317263608469		4.271395281935466	9.242862115574527	7.738773457763783	
MET	-60	-30	13	431	0.030162412993039442	-67.65035117740652	-53.80303887594143	162.17017433797443		5.764808998613523	8.564131009690641	13.691837209406355	
MET	-60	-30	115	431	0.2668213457076566	-70.97063027037993	-51.087175712273336	-55.90209282859205		8.923409532637267	21.869270861122207	25.549604281506554	
MET	-60	0	19	29	0.6551724137931034	-71.65591891674049	-54.190816153545825	-63.812225636220255		6.451937314059939	20.325217008345174	23.998256405259262	
MET	-60	120	6	32	0.1875	-178.06009264470688	179.104468032671	-77.29687076348189		6.375478933970065	5.876718952558239	7.289719086915925	
MET	-60	120	6	32	0.1875	-68.4401782402393	-175.46400953534004	52.36597388042262		8.351400981597806	7.471006326312996	14.162478199214146	
MET	-60	150	7	59	0.11864406779661017	173.80654324790657	170.89223395946902	-62.652830985029745		7.933836952611629	7.129670229863666	6.0836646339620195	
MET	-60	150	6	59	0.1016949152542373	-67.12733192400216	-177.24621009861744	-172.7580699081762		9.37695602584053	5.02372630189619	8.988441967252268	
MET	-60	150	8	59	0.13559322033898305	-66.18294526447374	-177.14556697950758	-69.55019902081938		6.82195085817154	11.533914999352836	13.825080586961004	
MET	-60	150	10	59	0.1694915254237288	-58.67607834327615	-37.098878702498915	-56.28387871965458		22.704396484686452	28.75689071749325	39.75999565902343	
MET	60	60	5	10	0.5	-71.2621137615976	-13.032707784128903	-19.66926777597118		15.04251671820415	20.777639055914644	36.902184869669185	
ASP	-180	-180	7	14	0.5	57.26774451221707	62.55997565415026			4.134183743137888	7.545143006334777		
ASP	-180	150	6	9	0.6666666666666666	-162.02558083518613	-33.22204908012588			8.720497205684307	24.92457264731071		
ASP	-150	-180	22	49	0.4489795918367347	60.646420365486875	38.04598969461399			6.867676418460086	16.802241845874697		
ASP	-150	-180	10	49	0.20408163265306123	70.4886148146574	-24.03342832784987			5.540323896168372	7.407064088737514		
ASP	-150	-180	5	49	0.10204081632653061	-162.99271171412715	19.708651073131705			2.157159604582031	5.823132601675074		
ASP	-150	-180	8	49	0.16326530612244897	-153.79467642218185	-15.942249998403007			1.7618718799796662	8.395242499420062		
ASP	-150	-150	9	15	0.6	59.34555420157201	31.971184986909797			8.15932836885118	12.216512110458549		
ASP	-150	60	8	10	0.8	-168.5020264229422	31.019235585178087			6.021603662223619	11.725573422537368		
ASP	-150	90	21	40	0.525	-176.23551157796544	20.37765139040214			5.741967774465949	16.364704590196013		
ASP	-150	90	17	40	0.425	-169.58892986613353	-14.436454391869514			5.521752597409177	11.960067660245336		
ASP	-150	120	20	47	0.425531914893617	-174.38084892467404	43.191940364133124			8.781585437358741	23.6301852669092		
ASP	-150	120	18	47	0.3829787234042553	-173.460131738949	-29.003582972207326			3.9114737071297796	15.84787096197971		
ASP	-150	150	5	52	0.09615384615384616	62.1961099846677	-44.201190933982076			13.900020591155153	25.779568033288143		
ASP	-150	150	21	52	0.40384615384615385	-167.10695832743235	25.184269089767618			7.732681001791488	21.684355691613188		
ASP	-150	150	14	52	0.2692307692307692	-161.82781379625075	-49.582385226179966			6.019651361741067	31.351877859173026		
ASP	-150	150	10	52	0.19230769230769232	-6.815691679437522	-14.139680239681596			30.30943227839711	23.012513868974583		
ASP	-120	-180	16	27	0.5925925925925926	60.85822433500584	19.174429259845525			11.64702512747296	18.04319317931594		
ASP	-120	-180	5	27	0.18518518518518517	63.7910724732399	-17.804405827418087			3.3781516994289977	8.823286408108427		
ASP	-120	-150	5	8	0.625	55.40336560601984	24.381462156640147			6.682953912631257	17.530442707751373		
ASP	-120	-30	12	23	0.5217391304347826	-62.61314823916533	-57.75314209509711			7.158955541655908	15.838771376973412		
ASP	-120	0	13	60	0.21666666666666667	55.13013172555073	20.172550869225287			5.678121378082148	15.87647102895045		
ASP	-120	0	14	60	0.23333333333333334	61.664035732081345	-34.783093651220796			4.038449291843228	24.028619368574173		
ASP	-120	0	5	60	0.08333333333333333	-89.83128863297323	35.28836969037128			11.150584302147463	14.595980072579087		
ASP	-120	0	25	60	0.4166666666666667	-63.18119112667741	-31.914361079904165			13.142856500696514	18.94369009438476		
ASP	-120	30	6	59	0.1016949152542373	58.40327155562621	2.736841417362187			8.0712653506598	2.374649664289214		
ASP	-120	30	24	59	0.4067796610169492	64.01898655610175	-21.723426361888308			4.727997634814213	13.564302375921988		
ASP	-120	30	6	59	0.1016949152542373	-160.36673223492264	36.49411678481001			8.60945311177518	9.730379635204928		
ASP	-120	30	20	59	0.3389830508474576	-64.60353006145424	-42.48532998909738			7.922088989555331	17.525763539354056		
ASP	-120	60	8	15	0.5333333333333333	-76.03935138348224	-48.573912938195036			11.845271038342437	20.924151015356138		
ASP	-120	90	37	86	0.43023255813953487	179.85213784529492	31.412603940296062			7.912451709282663	16.51044080480867		
ASP	-120	90	35	86	0.4069767441860465	-173.48223001604575	-18.113833516806565			5.921467312098732	12.068237032552558		
ASP	-120	90	8	86	0.09302325581395349	-61.363182038134255	-48.91270443759016			11.098635941687046	11.895812264939485		
ASP	-120	120	46	140	0.32857142857142857	-177.01594104338045	26.912079197467666			5.781386940162949	18.860172918467455		
ASP	-120	120	55	140	0.39285714285714285	-172.05115459091292	-29.96260310033627			5.142754820105282	15.081768216148646		
ASP	-120	120	5	140	0.03571428571428571	-58.21561874401348	81.67797896433161			3.496293527036732	2.756083129806627		
ASP	-120	120	33	140	0.2357142857142857	-61.92588496621343	-36.481668192677866			13.304755507188203	22.743438510391343		
ASP	-120	150	6	66	0.09090909090909091	58.14561576411229	-47.056997286828654			9.673213302502766	26.305581508692182		
ASP	-120	150	13	66	0.19696969696969696	-171.38588817301513	40.952391386290486			9.40853904329407	23.83592816967968		
ASP	-120	150	10	66	0.15151515151515152	-77.20105231002815	35.95161155949299			19.437756747214404	14.5563242571319		
ASP	-120	150	31	66	0.4696969696969697	-64.4417560821454	-27.39827231108484			10.17171482950419	18.58369306952808		
ASP	-90	-180	45	91	0.4945054945054945	64.17113155763153	19.469719036734062			5.158249106807655	9.882649078359758		
ASP	-90	-180	18	91	0.1978021978021978	68.44716688568607	-23.44959473902468			7.657504764452162	12.299481041090814		
ASP	-90	-180	6	91	0.06593406593406594	-71.65273350132348	33.599205263261965			11.870163321335093	23.20079273465644		
ASP	-90	-180	16	91	0.17582417582417584	-70.16240033211052	-41.32531668847255			7.813393454410691	22.623114394897666		
ASP	-90	-60	6	30	0.2	-173.86579538918264	35.599328192394665			13.177951049013398	21.784911962884223		
ASP	-90	-60	5	30	0.16666666666666666	-74.73995608001017	61.287305595668286			6.982553240906824	28.451392171792314		
ASP	-90	-60	15	30	0.5	-67.73635922861618	-52.83576476786313			4.829587421332297	10.500732452929634		
ASP	-90	-30	9	194	0.04639175257731959	45.75166364191765	71.12962078708394			13.817504697040087	13.346929041264639		
ASP	-90	-30	15	194	0.07731958762886598	57.42624735925114	-35.954861429899694			7.2921039720341785	18.31280963199622		
ASP	-90	-30	15	194	0.07731958762886598	-167.213863378182	54.63689060095969			8.681336960817017	13.900187065199926		
ASP	-90	-30	7	194	0.03608247422680412	-159.83297451504012	-66.90759479526034			12.733054862993963	10.088270148139802		
ASP	-90	-30	20	194	0.10309278350515463	-67.75882878522307	30.36964823249388			9.590040606280082	23.574095807333528		
ASP	-90	-30	128	194	0.6597938144329897	-63.87433259214784	-39.2596772515922			8.35392990199712	16.985220541942596		
ASP	-90	0	53	294	0.18027210884353742	58.49857961382172	17.986790290873735			6.98475777263948	14.235799145957998		
ASP	-90	0	65	294	0.22108843537414966	62.4291110393969	-25.88302891631857			6.752797014474676	17.533155872966653		
ASP	-90	0	9	294	0.030612244897959183	-163.24111770879998	37.893984713248074			6.0776843645630185	16.32705461898606		
ASP	-90	0	17	294	0.05782312925170068	-67.13341396620393	29.74757044937038			8.438838716695722	25.006972830426665		
ASP	-90	0	146	294	0.4965986394557823	-65.973149582657	-31.26868775306511			7.996694556061515	15.06341020696232		
ASP	-90	30	11	54	0.2037037037037037	51.287103553438634	20.553138838384495			4.294501267786592	18.51929123779213		
ASP	-90	30	18	54	0.3333333333333333	62.81763832001979	-16.659505169381625			5.99021137070227	10.999073529123264		
ASP	-90	30	6	54	0.1111111111111111	-83.58519399796715	22.422259683966235			10.71291483505601	13.800584413598092		
ASP	-90	30	18	54	0.3333333333333333	-62.93085464481213	-44.042349422797066			7.264887459593391	11.697253694279391		
ASP	-90	60	17	52	0.3269230769230769	-170.50164193720633	20.56181607156514			4.230387018752658	8.952128071437016		
ASP	-90	60	11	52	0.21153846153846154	-166.2017664083895	-15.920951802397084			5.703195814330528	8.793651730247674		
ASP	-90	60	15	52	0.28846153846153844	-63.134960852212096	-22.830904159673672			13.13090934784038	17.743429232443113		
ASP	-90	90	53	140	0.37857142857142856	-176.80492842170952	23.3877125910358			7.1645228574141795	18.56731402521057		
ASP	-90	90	60	140	0.42857142857142855	-173.84102314118934	-18.059454919493763			4.318542636183519	11.089599951547582		
ASP	-90	90	6	140	0.04285714285714286	-74.93619912494934	30.568648204703823			4.996572880091664	19.28672001215096		
ASP	-90	90	18	140	0.12857142857142856	-53.72155678617027	-18.29081310254821			29.20403875223677	25.737296985502436		
ASP	-90	120	70	219	0.319634703196347	-178.3098069123784	30.336936863095385			5.965231837643178	20.85265560868297		
ASP	-90	120	88	219	0.4018264840182648	-172.77882009931056	-27.957982207653686			6.5459322394632835	17.022286787815684		
ASP	-90	120	12	219	0.0547945205479452	-73.76441283937632	21.82914928808147			6.615167460938554	17.2236082294828		
ASP	-90	120	49	219	0.2237442922374429	-62.81697029123267	-40.32193799387511			10.380300671781052	20.145451359147863		
ASP	-90	150	8	129	0.06201550387596899	63.692902186881284	-39.430148522536875			8.834375275565728	15.969846365904315		
ASP	-90	150	26	129	0.20155038759689922	-173.84200927496488	53.51325055980839			8.299178730431064	25.506049514445994		
ASP	-90	150	25	129	0.1937984496124031	-166.92571288892677	-42.69208644526679			11.771940219113402	25.484807770022158		
ASP	-90	150	8	129	0.06201550387596899	-72.67211815413948	26.890495626024446			7.407119520366119	22.67649721616302		
ASP	-90	150	58	129	0.4496124031007752	-68.51564302361302	-32.62967648930056			8.82634809133241	16.17215671489715		
ASP	-60	-180	5	22	0.22727272727272727	-75.24773996088449	34.434328271486606			7.621733720365027	20.976615202246638		
ASP	-60	-180	6	22	0.2727272727272727	-66.5675810013428	-28.39790299833435			8.482785695741116	8.486046010860449		
ASP	-60	-60	9	331	0.027190332326283987	48.17635698192445	-36.420812307838204			8.272603405883943	7.957580372224867		
ASP	-60	-60	45	331	0.13595166163141995	-175.83489923005706	51.97820683535634			9.660715338958623	15.816176144066725		
ASP	-60	-60	19	331	0.05740181268882175	-170.98506059652436	-50.48067071165806			8.670050329659105	27.732317828540676		
ASP	-60	-60	48	331	0.14501510574018128	-74.78583297076172	27.093510731094316			8.973271872723524	18.42525001259954		
ASP	-60	-60	209	331	0.6314199395770392	-69.40371453577943	-22.74794272053731			8.235555025284699	11.66142166232476		
ASP	-60	-30	21	1004	0.02091633466135458	52.841187354169065	25.296234541080025			5.71102143157494	21.915803801979667		
ASP	-60	-30	49	1004	0.04880478087649402	56.39330764372239	-41.237745528416			8.14754451361989	17.92228515241099		
ASP	-60	-30	121	1004	0.1205179282868526	-170.73200060250196	55.628239745277405			7.6960278554896515	16.679582936774615		
ASP	-60	-30	31	1004	0.030876494023904383	-169.9633517063123	-73.07261236544026			11.17263670273286	13.46111408918849		
ASP	-60	-30	164	1004	0.16334661354581673	-73.82869766195535	20.62364731650414			9.313447268151926	16.85967102164549		
ASP	-60	-30	618	1004	0.6155378486055777	-69.79315227285528	-23.065652981227107			7.136191818455936	12.527678784712366		
ASP	-60	0	16	97	0.16494845360824742	60.970729368247504	16.685048043760737			7.554848071435471	13.518164033350656		
ASP	-60	0	21	97	0.21649484536082475	60.606484468144096	-50.47498798901128			8.972165959831004	19.067327440611564		
ASP	-60	0	12	97	0.12371134020618557	-65.31120011504487	32.00892750315078			7.783787507399282	17.248362130492087		
ASP	-60	0	45	97	0.4639175257731959	-67.79009404087023	-30.047612203003997			8.044521232815786	13.560864019584226		
ASP	-60	60	7	11	0.6363636363636364	57.222722722096584	-48.06939510015812			4.824912520273397	21.70795032560356		
ASP	-60	90	9	25	0.36	-171.89302573084996	12.138536179729487			5.230393989409914	7.203337591246995		
ASP	-60	90	13	25	0.52	-167.4766299327467	-17.150247264358992			8.005919817832751	17.934642267915155		
ASP	-60	120	45	167	0.2694610778443114	-176.15222229143438	44.30503280418092			6.805000843663364	24.71866649486749		
ASP	-60	120	85	167	0.5089820359281437	-170.3483625345735	-42.94926472135462			6.072549320639793	20.822376682915667		
ASP	-60	120	13	167	0.07784431137724551	-82.88936177288042	26.949931451512263			9.265543841837243	11.348445755691188		
ASP	-60	120	21	167	0.12574850299401197	-72.85646451884021	-22.08130648462529			6.606004604934201	13.600621087433858		
ASP	-60	150	6	192	0.03125	59.3568877254974	45.734476412947636			21.19132879014838	15.507730465767652		
ASP	-60	150	12	192	0.0625	62.74539503850013	-56.8246948961915			8.381404924611996	19.35758267681339		
ASP	-60	150	27	192	0.140625	-174.76549830210885	50.30286554746206			7.171617021316655	24.327825241923676		
ASP	-60	150	19	192	0.09895833333333333	-164.88988501885916	-51.20738631064652			9.601064624123204	18.942078596411914		
ASP	-60	150	26	192	0.13541666666666666	-72.18492761367685	18.70519838458215			10.368782787121884	13.816092811435434		
ASP	-60	150	102	192	0.53125	-68.6617585524046	-23.033018640899684			8.764358392665857	14.755302469184917		
ASP	-30	-60	7	14	0.5	-53.06203053299587	58.05624008976998			19.519048262771765	9.979231025713561		
ASP	-30	-30	7	8	0.875	-69.89527249480048	23.4568478595715			8.645503427565593	24.713874225094646		
ASP	30	60	5	11	0.45454545454545453	-66.19628193455169	-31.710135426784586			6.141827467417567	16.70382349386222		
ASP	60	30	14	72	0.19444444444444445	-162.9361667394712	33.892092700939614			4.853856754372999	10.924477070555307		
ASP	60	30	7	72	0.09722222222222222	-78.78913110962003	41.742475694487425			12.356982615557458	14.412577881830954		
ASP	60	30	50	72	0.6944444444444444	-63.04826025546723	-37.80531954111384			10.029531843921081	14.353832233474053		
ASP	60	60	13	43	0.3023255813953488	-170.00253562330772	39.74260935531189			5.885089806672001	11.63625233990674		
ASP	60	60	5	43	0.11627906976744186	-163.94503026984617	-9.099316375485607			9.034061101488588	8.592693293564894		
ASP	60	60	6	43	0.13953488372093023	-67.7401790273125	34.81838929206054			5.086794408234558	20.40546300906036		
ASP	60	60	19	43	0.4418604651162791	-60.732788287241114	-25.509652539438967			17.83400411766339	17.74140529293282		
ASN	-180	-180	7	12	0.5833333333333334	63.51083457216858	48.69134493345592			11.68612896639541	10.896975797321076		
ASN	-150	-180	14	25	0.56	61.163474853662414	60.22546899407075			4.698409925870972	18.680894844402726		
ASN	-150	-180	6	25	0.24	-67.59569775066127	-47.99489188822862			29.44260530161117	27.016624538087946		
ASN	-150	30	6	21	0.2857142857142857	-76.31189708586324	108.55789728414898			11.703775506482195	16.969165191985415		
ASN	-150	30	5	21	0.23809523809523808	-73.26374076277384	-55.84749226284797			18.524820468283608	14.530667712378946		
ASN	-150	60	8	14	0.5714285714285714	-166.11608969095514	27.916468630685937			8.538818200436323	15.958146637653597		
ASN	-150	90	7	22	0.3181818181818182	176.87341739632402	24.36312474463879			4.495448195271981	10.970218143654433		
ASN	-150	90	9	22	0.4090909090909091	-170.95811324866702	-35.17160815672597			5.2457278052581895	18.66454668177067		
ASN	-150	120	5	37	0.13513513513513514	177.19594436099777	13.67299733452132			7.029345738213901	13.606619958175935		
ASN	-150	120	20	37	0.5405405405405406	-171.96532047860492	-50.46498721337559			7.647371561472387	15.539123872428231		
ASN	-150	120	8	37	0.21621621621621623	-73.20759230296059	-68.2060259303387			5.152048300051627	5.596861518493619		
ASN	-150	150	19	55	0.34545454545454546	69.26252552058459	79.14760816722			7.253458038394715	8.830802242759995		
ASN	-150	150	5	55	0.09090909090909091	66.25395172768492	-59.47039405756509			7.3908245809747735	25.490430788976756		
ASN	-150	150	10	55	0.18181818181818182	-172.86659903407738	60.812088840488755			8.432659737454534	24.516200395992975		
ASN	-150	150	6	55	0.10909090909090909	-169.47846640648632	-70.74141550994011			5.772277953540581	18.6350326240178		
ASN	-150	150	8	55	0.14545454545454545	-67.83909501840304	95.31742658868276			7.677907625994612	3.542437391522335		
ASN	-150	150	7	55	0.12727272727272726	-72.81040282698038	-56.0345336270242			6.857074267631404	15.14684615342401		
ASN	-120	-180	8	27	0.2962962962962963	61.73567134872232	29.203872328058548			5.170446488661978	11.8967323691362		
ASN	-120	-180	8	27	0.2962962962962963	-53.02673743084006	-44.451070157906884			17.092630855890285	18.577043831837166		
ASN	-120	-150	9	11	0.8181818181818182	-81.5079435558386	-67.85368358042376			4.785230770322638	11.254807557728533		
ASN	-120	-30	12	20	0.6	-62.28225102149092	-53.968249980570555			4.730167230802541	17.163303174416857		
ASN	-120	0	5	58	0.08620689655172414	50.250364270752726	26.053205168747876			3.7099968308370523	14.365906880682568		
ASN	-120	0	5	58	0.08620689655172414	64.64013183069058	-28.20352255617043			3.1115524338910614	12.005901266041288		
ASN	-120	0	5	58	0.08620689655172414	-62.33256493966326	56.0437009385261			11.51594654457733	28.819217324583196		
ASN	-120	0	36	58	0.6206896551724138	-66.0419278782457	-57.85306339238534			9.218243096476675	17.833300721715425		
ASN	-120	30	7	92	0.07608695652173914	61.15727197356623	15.72844570784381			4.45977738221901	12.662840579563674		
ASN	-120	30	18	92	0.1956521739130435	65.29954185111497	-24.461969118984833			4.061407132114646	6.676684380141811		
ASN	-120	30	10	92	0.10869565217391304	-160.7912328020978	31.08419086934573			4.762913468507402	9.50603666625741		
ASN	-120	30	5	92	0.05434782608695652	-70.54455472294359	129.10482381599726			7.406608221925135	9.88671432162455		
ASN	-120	30	41	92	0.44565217391304346	-64.1678545190064	-62.551786640215866			8.775422814427444	17.307972839499755		
ASN	-120	60	7	31	0.22580645161290322	-165.77425742791226	13.095215525561745			4.8986674358959394	14.614292004541737		
ASN	-120	60	13	31	0.41935483870967744	-70.40007522053132	-64.18806792699466			8.110534744794373	17.921548764381335		
ASN	-120	90	22	47	0.46808510638297873	-171.01277859954016	-21.12166229839306			5.688894686522856	13.500572216645622		
ASN	-120	90	10	47	0.2127659574468085	-59.42445935881047	-59.87951230453865			9.164988959078924	17.504523912580204		
ASN	-120	120	21	92	0.22826086956521738	-175.56527407456946	33.47314034298857			10.170241092206151	13.833196182190775		
ASN	-120	120	38	92	0.41304347826086957	-172.35327751674637	-34.308428608425984			5.690026163018552	19.313327846954124		
ASN	-120	120	10	92	0.10869565217391304	-73.05069940411462	57.18961204918209			14.04975663439037	33.53977911691289		
ASN	-120	120	17	92	0.18478260869565216	-61.222198996750606	-45.827310465520355			9.45544010482033	14.607927787875449		
ASN	-120	150	6	56	0.10714285714285714	60.0227615564894	79.48122904460767			8.324913261142349	10.434209763532811		
ASN	-120	150	6	56	0.10714285714285714	-177.24446610676347	-62.28818691687203			7.506721623255059	11.93898711140994		
ASN	-120	150	7	56	0.125	-63.67083010026884	80.12789530565706			9.433727969807459	35.76069617159216		
ASN	-120	150	29	56	0.5178571428571429	-66.57232655996212	-49.733155775231864			8.618245398595448	17.920663088964886		
ASN	-90	-180	27	57	0.47368421052631576	61.934605234086874	26.850820220150922			3.0487108381205474	9.798956242381587		
ASN	-90	-180	10	57	0.17543859649122806	69.18530569095904	-27.031164068386506			3.0950456843554917	14.324341130085763		
ASN	-90	-180	11	57	0.19298245614035087	-58.551200316337315	-42.07088059056185			7.320806327298543	19.63784442330411		
ASN	-90	-60	5	23	0.21739130434782608	-86.07792255000106	71.03613674102218			13.76489104117999	23.545926733008084		
ASN	-90	-60	8	23	0.34782608695652173	-58.74367046959192	-25.458148327000792			17.114914174504715	20.301945526026945		
ASN	-90	-30	6	129	0.046511627906976744	57.07977966955945	-55.273530037506006			4.434495265736807	8.811634860758028		
ASN	-90	-30	10	129	0.07751937984496124	-171.35478085670036	40.43126126854158			9.569141952086504	12.266286790784925		
ASN	-90	-30	14	129	0.10852713178294573	-72.61411462603806	77.57438894084065			11.229771933359174	27.387282860218487		
ASN	-90	-30	13	129	0.10077519379844961	-67.53542151420035	157.04028707410254			11.17959085707398	21.150407727953027		
ASN	-90	-30	80	129	0.6201550387596899	-70.08469501207084	-36.75978851635917			9.310471601813841	19.495683517320725		
ASN	-90	0	25	238	0.10504201680672269	61.97952737153919	22.163425431966008			6.185476413921939	10.63156703094808		
ASN	-90	0	33	238	0.13865546218487396	64.16697347685181	-31.177036361962603			6.612483622641749	13.746177905484013		
ASN	-90	0	10	238	0.04201680672268908	-155.7262003351142	43.77566301358335			8.998105446489612	8.890949741299332		
ASN	-90	0	29	238	0.12184873949579832	-66.39340595467746	47.26460973348288			9.333601382674253	28.398123223452448		
ASN	-90	0	17	238	0.07142857142857142	-65.28109367678658	139.01039610323608			9.237293478739243	13.540948988292982		
ASN	-90	0	117	238	0.49159663865546216	-67.372874709825	-40.66864914537819			8.221323500478876	15.719777942971998		
ASN	-90	30	6	73	0.0821917808219178	57.04892706803598	16.090509522955603			6.476464679092472	11.625824474189114		
ASN	-90	30	7	73	0.0958904109589041	62.21317094458895	-31.146367364114365			3.6110975354126515	25.911852990038312		
ASN	-90	30	7	73	0.0958904109589041	-166.2529830991259	31.864034386608463			5.748647440935087	10.113030257718894		
ASN	-90	30	10	73	0.136986301369863	-68.1168515838262	52.26644423406647			11.453622576181695	26.248892558682886		
ASN	-90	30	35	73	0.4794520547945205	-63.497181262738124	-38.35958004850448			12.389831568341796	17.908411749765946		
ASN	-90	60	5	33	0.15151515151515152	61.09958730325098	-38.722733094273956			7.514918497235461	4.65073750443708		
ASN	-90	60	5	33	0.15151515151515152	-56.57809663018819	76.45991817853377			9.315322640924395	33.83464098325132		
ASN	-90	60	6	33	0.18181818181818182	-71.32384646640382	154.32780024217976			8.244923456303152	28.582531344583096		
ASN	-90	60	7	33	0.21212121212121213	-62.846776982409665	-51.453372910944985			6.226017529693343	19.693495388637793		
ASN	-90	90	27	77	0.35064935064935066	-178.98693339243093	26.265791744346863			5.960615530505959	17.714175245930385		
ASN	-90	90	6	77	0.07792207792207792	-177.3764372995532	-159.16145360076513			4.800630940338307	26.15829453841239		
ASN	-90	90	23	77	0.2987012987012987	-170.77728765392118	-27.84460300926835			7.07632110489	14.621230236038903		
ASN	-90	90	6	77	0.07792207792207792	-68.04763827742049	146.71957863515655			16.342203678744557	22.688058922865217		
ASN	-90	90	12	77	0.15584415584415584	-55.915428213716766	-43.43406195250928			12.17507657312934	13.851838006372494		
ASN	-90	120	32	153	0.20915032679738563	-177.71893074884696	20.87426801056408			6.6694910730999855	13.390707992465538		
ASN	-90	120	7	153	0.0457516339869281	-175.06528224711647	161.76492140547475			12.006018650982398	35.217909124499094		
ASN	-90	120	58	153	0.3790849673202614	-173.48350795903457	-38.413878149084375			5.316131717446058	20.04451486830178		
ASN	-90	120	16	153	0.10457516339869281	-81.76235412480149	84.4607805670975			14.387090524771077	31.77000590819746		
ASN	-90	120	7	153	0.0457516339869281	-64.59733100304916	143.77680512414744			9.349764704079837	31.133724607955173		
ASN	-90	120	31	153	0.20261437908496732	-63.253492116483784	-40.40330833931687			11.22651068257809	19.028659618125413		
ASN	-90	150	7	84	0.08333333333333333	72.35612010736813	64.64147844206958			9.441117746452004	18.954103267296986		
ASN	-90	150	9	84	0.10714285714285714	-167.4593641880857	50.32756203657004			8.013639931568514	12.246808764945762		
ASN	-90	150	10	84	0.11904761904761904	-175.03509755477265	-84.19212319462773			8.45274503162869	6.438964986677689		
ASN	-90	150	7	84	0.08333333333333333	-64.6121434313903	63.74747305209325			12.437290578786975	26.588087864420125		
ASN	-90	150	7	84	0.08333333333333333	-84.28283152568027	142.577008194845			11.90729310686314	11.838345139696983		
ASN	-90	150	42	84	0.5	-63.69003395166674	-45.38914282730424			7.2130460927588995	19.25502565197379		
ASN	-60	-180	5	15	0.3333333333333333	64.30194466508388	32.71851701524744			8.491643546582933	13.263907722464802		
ASN	-60	-180	5	15	0.3333333333333333	-74.73838714181245	-41.96470854207898			11.361217990802519	23.77315949574417		
ASN	-60	-60	24	166	0.14457831325301204	-171.75915272772895	49.44056725058787			9.22449785080301	15.151674314439822		
ASN	-60	-60	6	166	0.03614457831325301	-162.990572910019	166.20819733758827			15.131920195622316	23.08186114533138		
ASN	-60	-60	17	166	0.10240963855421686	-160.75071188852382	-81.93959903117955			12.7082569995584	22.441628217356044		
ASN	-60	-60	19	166	0.1144578313253012	-76.01989738658574	24.627495158040084			14.776181469882427	23.536274418537747		
ASN	-60	-60	19	166	0.1144578313253012	-73.13537734913263	160.92831532245282			5.844291885552812	13.758231026487847		
ASN	-60	-60	79	166	0.4759036144578313	-71.001671798573	-27.910386557843225			7.726177257087623	13.420975490753785		
ASN	-60	-30	20	664	0.030120481927710843	71.11049976736307	60.45345327867983			12.667253075289278	23.977158021887647		
ASN	-60	-30	21	664	0.03162650602409638	57.551782778154006	-42.810296605426316			10.235870264509416	17.97380183154212		
ASN	-60	-30	76	664	0.1144578313253012	-172.360540393014	53.161538883654806			9.407783053867629	14.087731502459588		
ASN	-60	-30	8	664	0.012048192771084338	-161.6654971097183	-165.6483067847701			8.03616301944281	34.535332252530075		
ASN	-60	-30	45	664	0.0677710843373494	-173.83244042954587	-94.93360029563812			11.971125072728267	16.438556126357362		
ASN	-60	-30	71	664	0.10692771084337349	-74.1212783186465	30.66995545465508			10.93707110014516	25.439118736027407		
ASN	-60	-30	64	664	0.0963855421686747	-71.6543812030663	158.85536146570837			8.666656298405721	13.885635525412463		
ASN	-60	-30	356	664	0.536144578313253	-72.00318017163686	-29.005624485846802			8.10504143684298	14.480523160513677		
ASN	-60	0	7	69	0.10144927536231885	58.47852051512868	14.432442964283712			3.5116084483411654	6.257942266103378		
ASN	-60	0	8	69	0.11594202898550725	54.424664734093454	-60.53378623443427			9.98041904890418	14.136821109597927		
ASN	-60	0	6	69	0.08695652173913043	-68.60114184707432	53.32030995564101			6.996923859007896	23.23796677159859		
ASN	-60	0	6	69	0.08695652173913043	-66.12461195013006	161.38246199902824			2.8521388695392367	19.329587215810182		
ASN	-60	0	32	69	0.463768115942029	-65.43260530606415	-30.851967713105378			14.545524777300516	16.027607869121134		
ASN	-60	90	6	19	0.3157894736842105	-172.5577208337599	42.723535325434625			7.400433534979959	21.364317920711954		
ASN	-60	90	7	19	0.3684210526315789	-166.8175554103095	-25.98557988026923			11.322831967554258	16.091572673490795		
ASN	-60	120	20	76	0.2631578947368421	-179.0165556292369	46.66688299940886			8.049289449546782	16.52002522054045		
ASN	-60	120	35	76	0.4605263157894737	-172.6298160343344	-53.10218054470933			5.519314813022294	17.622704140373262		
ASN	-60	120	15	76	0.19736842105263158	-73.71517054070758	-26.97286959650691			12.194187926158563	13.120309994047544		
ASN	-60	150	11	88	0.125	72.00955835731095	72.17601405596331			8.31217259029103	5.943096583941423		
ASN	-60	150	6	88	0.06818181818181818	67.93733272581392	-71.92054511185985			12.928048412533068	10.685678686443453		
ASN	-60	150	5	88	0.056818181818181816	-164.18240999860407	25.20404018229432			4.078804911135765	10.900220128132995		
ASN	-60	150	12	88	0.13636363636363635	-169.4385540880869	-72.75738683495949			7.183381309633484	21.532684754166343		
ASN	-60	150	13	88	0.14772727272727273	-64.49851732072375	26.57253259408007			8.211299323555707	24.823777000093685		
ASN	-60	150	5	88	0.056818181818181816	-70.0174019429353	163.27899793374257			4.666425598295901	8.54228353051401		
ASN	-60	150	34	88	0.38636363636363635	-65.5593179360643	-31.21514467496202			9.491950606587652	21.282510578933994		
ASN	-30	-60	5	14	0.35714285714285715	-154.0968022138973	-79.2567583350598			13.800714624314487	16.127178169113883		
ASN	60	0	18	25	0.72	-66.36076449530601	-45.81066914014952			10.818650440932176	19.43434766604627		
ASN	60	30	30	126	0.23809523809523808	-160.48033107155925	36.73727652042091			6.38200519488922	12.656850275888592		
ASN	60	30	6	126	0.047619047619047616	-161.80109541593472	-149.50809299371952			9.04988645444916	15.755839196733023		
ASN	60	30	14	126	0.1111111111111111	-63.956566714315535	88.11432927185894			17.034252589412553	24.191321695743806		
ASN	60	30	10	126	0.07936507936507936	-62.64387736507919	130.2032554307166			7.9588079150586815	7.54646500271479		
ASN	60	30	62	126	0.49206349206349204	-64.10991913782041	-36.84077754936768			11.224245390802817	17.939519460562394		
ASN	60	60	25	86	0.29069767441860467	-161.83976472776519	33.444363502110754			7.814230025903338	9.126771126700127		
ASN	60	60	6	86	0.06976744186046512	-156.69411145508013	-60.1560109762938			4.933515366476787	39.589282312197234		
ASN	60	60	12	86	0.13953488372093023	-65.6436119069884	85.75059011012124			8.830258249044142	23.55491618290847		
ASN	60	60	6	86	0.06976744186046512	-59.077822576393096	134.28962592926973			8.867322118902718	13.384577330612034		
ASN	60	60	34	86	0.3953488372093023	-63.305152977101294	-41.0529155237622			8.19987319049475	15.738460481097455		
HIS	-150	-180	8	21	0.38095238095238093	54.42593183135269	69.36948563146721			4.051920514977742	12.11409090198173		
HIS	-150	-180	7	21	0.3333333333333333	71.95163347065943	-88.06742571444371			8.326768432126242	6.474975306462087		
HIS	-150	120	8	29	0.27586206896551724	172.08340242785576	60.15086257394525			8.527353881800947	19.183168855334902		
HIS	-150	120	9	29	0.3103448275862069	-176.4099111543256	-89.29458491659528			8.522252547132855	15.886650677811257		
HIS	-150	120	9	29	0.3103448275862069	-57.27986141263709	-75.99506517872632			7.852756940795588	11.149911355382887		
HIS	-150	150	10	60	0.16666666666666666	59.62611315997141	82.12124473590825			5.731733865125642	12.247412443559437		
HIS	-150	150	11	60	0.18333333333333332	65.27840749467092	-83.13050669203622			3.8453732616334664	6.649448507079601		
HIS	-150	150	8	60	0.13333333333333333	-171.4431428489706	78.1805513059982			6.218117456113318	10.28202228463053		
HIS	-150	150	5	60	0.08333333333333333	-168.11157666902167	-90.15169343288443			5.46077649668653	12.902343657017946		
HIS	-150	150	10	60	0.16666666666666666	-63.88718285176244	80.30086357970985			4.327836006977575	5.373414294045425		
HIS	-150	150	12	60	0.2	-54.866435776139966	-81.63604830372287			10.311912354868566	10.907133795251088		
HIS	-120	-180	8	16	0.5	53.6064933842126	69.10721245767589			3.976155786112198	10.414401944967466		
HIS	-120	-60	5	10	0.5	-62.22761418817695	-60.935292458149654			7.7272674340251015	9.529515808242845		
HIS	-120	-30	9	29	0.3103448275862069	-64.25456969910832	91.68311442106287			6.758149883259448	12.620361761646919		
HIS	-120	-30	18	29	0.6206896551724138	-58.63814965097498	-73.9252844022243			5.862110423156689	12.870020375856994		
HIS	-120	0	12	53	0.22641509433962265	-69.86670204844312	84.09210819136212			7.708678646703752	8.61852485396202		
HIS	-120	0	33	53	0.6226415094339622	-59.40093364566383	-66.78186079063533			6.903972249827926	11.230310175651061		
HIS	-120	30	14	48	0.2916666666666667	-60.243416068357135	78.51478934831955			6.0080739401940955	15.181341940001134		
HIS	-120	30	9	48	0.1875	-61.38594723771914	148.55349281296495			8.389410672727033	16.510682685099983		
HIS	-120	30	23	48	0.4791666666666667	-59.349976657124294	-74.9087588321523			7.032464758119194	14.988109067726693		
HIS	-120	60	5	11	0.45454545454545453	-59.6651280911538	-72.86207899155195			7.152638538941473	11.45476185810654		
HIS	-120	90	5	30	0.16666666666666666	-52.25672980253492	82.6838271661824			11.548022885938998	7.5224863446901375		
HIS	-120	90	15	30	0.5	-54.45231110047327	-74.87326680249632			5.009566535662368	11.151529332346508		
HIS	-120	120	11	82	0.13414634146341464	-177.72080613004385	56.28844363878497			9.294305297800557	25.62994996937202		
HIS	-120	120	12	82	0.14634146341463414	-179.70627907385023	-157.84021521768764			4.868421158467572	19.326856528246715		
HIS	-120	120	9	82	0.10975609756097561	-175.2564435696558	-58.3124559999313			8.580484141280019	32.23723057691822		
HIS	-120	120	18	82	0.21951219512195122	-67.77855534054359	80.26446046768598			5.857150970948273	11.1557523308631		
HIS	-120	120	28	82	0.34146341463414637	-53.308219631827754	-77.41881860981385			6.212236564373502	11.266427250213722		
HIS	-120	150	5	97	0.05154639175257732	70.36529708447111	89.47169162432789			8.364966675045416	9.764405109401782		
HIS	-120	150	6	97	0.061855670103092786	58.15065276635781	-87.59630147974202			3.0947306568187387	7.599055050171369		
HIS	-120	150	11	97	0.1134020618556701	-172.99639518967055	-88.20911306802127			7.6600083332941376	15.371558315043455		
HIS	-120	150	19	97	0.1958762886597938	-63.48307122403572	75.18385851665444			5.918680237271511	8.278392644757446		
HIS	-120	150	9	97	0.09278350515463918	-70.831769485071	-173.0320981550912			5.248644035535113	15.678250880808129		
HIS	-120	150	44	97	0.4536082474226804	-57.1040122511189	-91.34752708858892			5.4693997469167455	11.895303593200083		
HIS	-90	-30	6	61	0.09836065573770492	60.36773249322052	-78.79909590592861			7.059164547895041	10.028781432740796		
HIS	-90	-30	8	61	0.13114754098360656	-173.74420217881	77.91745619950565			12.2128526785498	6.13119301431333		
HIS	-90	-30	16	61	0.26229508196721313	-68.99335366858294	83.5316359610417			7.290113308297349	10.696089453244719		
HIS	-90	-30	7	61	0.11475409836065574	-72.81543747053097	153.218750867289			9.545234223958843	5.98738342023815		
HIS	-90	-30	18	61	0.29508196721311475	-65.65731795814051	-68.70429988316918			4.481324597389933	12.429640526003558		
HIS	-90	0	7	104	0.0673076923076923	65.50954349287103	93.98922123136161			6.230209302535174	12.638054964821572		
HIS	-90	0	12	104	0.11538461538461539	66.72115161440324	-79.21575243026552			7.294424161363762	12.230407078112606		
HIS	-90	0	19	104	0.18269230769230768	-64.66511054110323	94.28971982091424			5.965150066833885	10.690849363730571		
HIS	-90	0	28	104	0.2692307692307692	-66.63961972263549	152.82418107797938			4.584980715942532	24.19855709629729		
HIS	-90	0	37	104	0.3557692307692308	-58.96328573417334	-69.42761547958081			4.36991144147625	13.968276867858068		
HIS	-90	30	6	20	0.3	-68.37968526414855	73.4117416907262			4.280388968236849	22.004077273864123		
HIS	-90	30	5	20	0.25	-59.637324990937266	163.19875740869938			4.22115567596358	12.290864979981444		
HIS	-90	30	7	20	0.35	-64.58811143618665	-54.55219738148762			11.977793601357957	25.934041445447093		
HIS	-90	90	5	19	0.2631578947368421	-167.1459807158303	44.57190224868144			3.334394909049545	17.933942923302336		
HIS	-90	90	5	19	0.2631578947368421	-162.67091680060898	-63.44713708897015			9.524900298612593	30.077397549307072		
HIS	-90	90	5	19	0.2631578947368421	-59.13069148729822	-59.02389653764444			13.116544442617771	24.217526547451865		
HIS	-90	120	11	66	0.16666666666666666	174.28845329281077	63.339245344575794			10.16942707422496	22.98167934721684		
HIS	-90	120	8	66	0.12121212121212122	-173.111545086236	-171.42720679004503			6.289372587366234	26.76230923070628		
HIS	-90	120	11	66	0.16666666666666666	-166.96208736243884	-84.28352454850634			7.611076940838536	18.415588193194683		
HIS	-90	120	5	66	0.07575757575757576	-60.85433289541918	87.53980510569001			3.3565531125065755	18.170769128847184		
HIS	-90	120	8	66	0.12121212121212122	-68.54098785823311	-177.8616006113151			3.798963250194346	24.627110358467682		
HIS	-90	120	23	66	0.3484848484848485	-64.0007028415536	-70.70307590107129			6.77713529269924	16.481555053138486		
HIS	-90	150	6	76	0.07894736842105263	60.49576577869037	-76.02456371686841			7.617159786710312	14.785162264787173		
HIS	-90	150	8	76	0.10526315789473684	-175.08596351081053	79.91786784730945			9.305658114516564	16.72968069104206		
HIS	-90	150	17	76	0.2236842105263158	-175.8564178855873	-81.4660815336417			7.048321673134965	8.914209164051032		
HIS	-90	150	12	76	0.15789473684210525	-65.77293804769002	69.56625234384757			5.950440535405543	16.61525967023116		
HIS	-90	150	6	76	0.07894736842105263	-61.089867965407606	166.15004883330477			4.975937173982119	15.68839542177165		
HIS	-90	150	23	76	0.3026315789473684	-66.93324407977745	-83.41846415177831			7.59228710717751	17.169974935239832		
HIS	-60	-60	49	121	0.4049586776859504	179.32785901232916	73.45197254101434			6.1899878149691725	9.906962231295925		
HIS	-60	-60	12	121	0.09917355371900827	-172.83409491365998	-167.6040631594444			5.679552769140717	18.868598136455514		
HIS	-60	-60	18	121	0.1487603305785124	-177.59214019940586	-94.20286799526303			6.820570921160116	14.76063172839132		
HIS	-60	-60	12	121	0.09917355371900827	-76.15504173372257	75.41806463064557			8.732997965235784	11.027379673495485		
HIS	-60	-60	11	121	0.09090909090909091	-69.42664884049667	158.24969169493409			4.370778268617739	9.491112154850244		
HIS	-60	-60	18	121	0.1487603305785124	-68.11121272466625	-54.634996277868204			17.973155509077507	26.386876083100788		
HIS	-60	-30	10	411	0.024330900243309004	62.374548362898054	92.84501789051284			6.7046337015876265	8.48145905594698		
HIS	-60	-30	6	411	0.014598540145985401	61.7667606999358	-133.71461365666437			3.291331328470676	4.466653980678455		
HIS	-60	-30	38	411	0.09245742092457421	71.52360619290424	-81.30406646147577			6.8640179073284555	9.165034742028231		
HIS	-60	-30	73	411	0.17761557177615572	-179.34839439752568	70.2210085171704			8.187138881815123	9.992424451392358		
HIS	-60	-30	23	411	0.05596107055961071	-172.9302883678967	-148.10143287165783			8.669388695137348	23.541557245896204		
HIS	-60	-30	66	411	0.16058394160583941	-174.86167837876187	-94.37772535808706			8.520195995690166	12.698252539045152		
HIS	-60	-30	53	411	0.12895377128953772	-72.31839718175043	88.19860789380631			6.596210282031195	15.350066259012086		
HIS	-60	-30	45	411	0.10948905109489052	-69.22465363606207	158.51192727084768			5.021111666921274	13.758990300100063		
HIS	-60	-30	97	411	0.2360097323600973	-70.43963804650696	-59.25362197742413			6.863108881664723	15.839999555998883		
HIS	-60	0	6	27	0.2222222222222222	69.27401409375123	-75.46372139560397			8.06320384149483	13.50242756028666		
HIS	-60	0	5	27	0.18518518518518517	-73.03341789845038	62.79976156930994			7.702547303551635	31.47898471273601		
HIS	-60	0	6	27	0.2222222222222222	-77.13736668061628	146.0343144889631			6.768307555133191	21.775643221764618		
HIS	-60	120	14	46	0.30434782608695654	178.77849723000867	81.07534065847923			8.3227196502859	15.248912075623652		
HIS	-60	120	15	46	0.32608695652173914	-169.00558949254827	-66.59514056111985			4.436876505133452	9.854964581014217		
HIS	-60	120	5	46	0.10869565217391304	-74.84797031952364	79.44287722461472			5.914857517366392	17.28649492996165		
HIS	-60	120	9	46	0.1956521739130435	-58.39583631024887	-63.741714920469754			6.384372148962832	12.355099391452624		
HIS	-60	150	6	75	0.08	62.04503727593669	-69.28396623096425			8.986254565146199	12.317562843853322		
HIS	-60	150	6	75	0.08	-176.00392904622623	85.61134076925775			3.1561020287497517	6.706097658835095		
HIS	-60	150	32	75	0.4266666666666667	-167.417014032919	-77.42122717637827			4.102636912594718	9.556366171892414		
HIS	-60	150	9	75	0.12	-71.64147413240961	165.45517869519028			6.3305254541976455	21.831862115721204		
HIS	-60	150	16	75	0.21333333333333335	-71.37346939343396	-66.66982480637085			6.8220721556333705	9.40263161967292		
HIS	-30	-60	5	13	0.38461538461538464	176.6468570097434	64.1385051461163			5.12949157865531	7.631845567733363		
HIS	60	0	6	8	0.75	-39.48142480754018	-41.21359829225044			21.969004479465216	22.888905150869558		
HIS	60	30	9	26	0.34615384615384615	-54.41173368386071	107.82875804784145			5.29674804605573	5.217144133649985		
HIS	60	30	11	26	0.4230769230769231	-59.758151144596056	-75.22586200649862			9.035640808819586	10.069886778923545		
HIS	60	60	13	20	0.65	-54.12886701570188	-68.79995948474175			6.966583566679948	7.5192427120596275		
LEU	-150	-180	10	19	0.5263157894736842	55.31650945621026	91.34420936421667			15.01838610517994	13.445367441164814		
LEU	-150	120	51	75	0.68	178.02689283033757	64.64223043505382			10.011774880444651	5.95604024231488		
LEU	-150	120	10	75	0.13333333333333333	179.33911898644354	157.0252955578295			7.263040033048214	4.016699960022943		
LEU	-150	120	8	75	0.10666666666666667	-67.15128116019285	175.64661174073416			4.047073301710059	7.544352708029733		
LEU	-150	150	11	86	0.12790697674418605	57.81493820125845	75.40433512976709			14.6047253151829	9.230686353063945		
LEU	-150	150	8	86	0.09302325581395349	75.90988858267588	162.14469529334247			2.720263365390599	13.561783846981863		
LEU	-150	150	13	86	0.1511627906976744	-179.3020795222199	67.02752019445958			13.558038681875422	7.010197776233515		
LEU	-150	150	7	86	0.08139534883720931	-48.35790117592137	92.26288688851898			19.49159484086051	11.664281787923851		
LEU	-150	150	41	86	0.47674418604651164	-66.9975780938456	171.31416242923797			7.5881937859003665	8.735110016121792		
LEU	-120	-180	26	35	0.7428571428571429	-59.411773926253815	173.9002486774145			7.325566555752845	6.9326943586587		
LEU	-120	-60	8	15	0.5333333333333333	-61.98838796020842	-177.87993942260152			4.316251045974678	6.547411238469387		
LEU	-120	-30	5	54	0.09259259259259259	174.24056002036048	68.27988169619482			16.184693915163642	9.21321144386919		
LEU	-120	-30	44	54	0.8148148148148148	-63.40394782783279	178.7491527433593			7.360652907749306	6.987247763096868		
LEU	-120	0	11	82	0.13414634146341464	-87.8776195827096	56.964607886924185			15.903254570236571	22.749132072081622		
LEU	-120	0	67	82	0.8170731707317073	-61.80243847029281	175.58797601813356			6.864290156732785	6.732180696715631		
LEU	-120	30	50	56	0.8928571428571429	-63.955239877319976	176.07318126404456			6.429593037429703	7.2581653751084385		
LEU	-120	60	11	15	0.7333333333333333	-61.77684005553726	170.12453345802888			6.3323207300586875	6.718690290764439		
LEU	-120	90	21	57	0.3684210526315789	-171.90069587805436	64.27140360803203			6.311115368466278	7.332307377208086		
LEU	-120	90	7	57	0.12280701754385964	-159.34649950051386	-177.76505442289567			12.42189632408183	14.736142534696729		
LEU	-120	90	7	57	0.12280701754385964	-79.64810761247855	62.47960960901141			8.945300783265004	17.51835104171729		
LEU	-120	90	19	57	0.3333333333333333	-56.394134786373996	177.48748859436287			4.0953357211980554	6.649719002053882		
LEU	-120	120	165	333	0.4954954954954955	179.77338352715864	63.29898542140557			7.987581962981267	6.244654305715046		
LEU	-120	120	23	333	0.06906906906906907	-167.14214073431435	159.79419044536758			10.840824718352781	16.689712870712746		
LEU	-120	120	26	333	0.07807807807807808	-82.20686613980976	58.551767511333885			9.910333626730456	15.372835762808204		
LEU	-120	120	111	333	0.3333333333333333	-62.81438558702875	177.3051743156222			7.905113252292621	7.104860162148046		
LEU	-120	120	5	333	0.015015015015015015	-63.15633141578962	-34.500248001455105			41.0971911963992	26.242926056069457		
LEU	-120	150	7	319	0.0219435736677116	55.625135042085965	62.494682737083444			17.846384999341325	13.745802770872679		
LEU	-120	150	5	319	0.01567398119122257	68.07875370423608	172.47506906178106			3.952675898672091	18.636614138463585		
LEU	-120	150	23	319	0.07210031347962383	177.59395489656723	69.43657989153226			10.279591856230878	7.308812855090165		
LEU	-120	150	27	319	0.08463949843260188	-87.51430403591671	50.00488634831852			8.871478974639313	17.063588589775456		
LEU	-120	150	238	319	0.7460815047021944	-59.68863027929834	174.22181591126468			7.043098334280976	6.438298699791021		
LEU	-120	150	15	319	0.047021943573667714	-62.5869166347809	-33.57931591309327			23.009254024611838	19.725457061554		
LEU	-90	-180	7	47	0.14893617021276595	-85.43628938421797	44.2810812224001			12.271180999870898	14.24026512375337		
LEU	-90	-180	35	47	0.7446808510638298	-56.974331652931134	179.8794171085245			8.056561648485882	9.908865428265575		
LEU	-90	-60	18	70	0.2571428571428571	-171.34867475999036	61.87938631980497			7.686349062400975	7.803641055991224		
LEU	-90	-60	38	70	0.5428571428571428	-66.7441525971666	178.57580612809815			8.990644226657654	5.975117673572652		
LEU	-90	-60	6	70	0.08571428571428572	-31.374511624211465	-20.954942395314657			31.399944914709266	21.526285972981448		
LEU	-90	-30	5	383	0.013054830287206266	61.17302638998654	78.70364062851687			3.4698003303359335	6.357845804482532		
LEU	-90	-30	53	383	0.13838120104438642	-175.55369234137703	62.876303079039474			10.796058295103162	7.434880935347723		
LEU	-90	-30	12	383	0.031331592689295036	-152.86575176850852	170.68395710736758			15.521669308698621	14.327413066611955		
LEU	-90	-30	38	383	0.09921671018276762	-92.75787020203715	49.886445010203005			12.418745476506137	15.494776474965024		
LEU	-90	-30	248	383	0.6475195822454308	-64.97909715948158	174.1199922182581			6.6538390449903	6.7389005734776335		
LEU	-90	-30	21	383	0.05483028720626632	-68.70630272387515	-20.09843760255682			30.57785037394998	21.939910965027547		
LEU	-90	0	12	290	0.041379310344827586	-154.52645237545644	50.34771612926623			10.216890511398747	13.415650457027619		
LEU	-90	0	22	290	0.07586206896551724	-91.73247195694283	37.36901596098134			8.887149741990715	12.779874290351609		
LEU	-90	0	241	290	0.8310344827586207	-62.99091140996571	175.7975902355715			5.6315610032988195	6.8233344856385445		
LEU	-90	0	10	290	0.034482758620689655	-56.13099043703991	-23.615116792316577			36.364685742791494	24.015513838781427		
LEU	-90	30	5	39	0.1282051282051282	-83.11990276907767	49.353691879658534			10.714764120051473	12.720968240824412		
LEU	-90	30	31	39	0.7948717948717948	-61.07969984746598	178.46583847049854			4.860224217047958	7.31191695346103		
LEU	-90	60	22	30	0.7333333333333333	-58.19847452328898	177.68639299452292			8.797455652796602	5.716139597143735		
LEU	-90	90	19	70	0.2714285714285714	-175.56366897373945	57.832976121509745			8.539273740953064	4.914880312603014		
LEU	-90	90	5	70	0.07142857142857142	-66.30118145420622	60.80562939797691			12.760820311746658	33.36873389547313		
LEU	-90	90	41	70	0.5857142857142857	-60.89425438897033	176.21398825316678			5.044712865557107	6.791988429681541		
LEU	-90	120	142	377	0.376657824933687	-178.26307569784504	64.56699005015923			7.672764077217777	6.3242482544139245		
LEU	-90	120	21	377	0.05570291777188329	-160.5299049946353	-169.13551493378958			10.194245460608057	19.58949022141346		
LEU	-90	120	12	377	0.03183023872679045	-168.02969478004078	-87.07399629348643			8.628395513674112	16.17250367377887		
LEU	-90	120	22	377	0.058355437665782495	-83.682689893289	60.32847788603137			10.369190970594941	11.735368040610782		
LEU	-90	120	165	377	0.4376657824933687	-63.110510276314656	175.66977361691053			7.885478047699309	6.7471783617677445		
LEU	-90	120	11	377	0.029177718832891247	-13.732478324416222	-11.819324016442994			31.335080516747343	23.450826308345164		
LEU	-90	150	19	377	0.050397877984084884	-176.97524446555857	68.39667513585893			8.73866260506942	6.9893733710952715		
LEU	-90	150	6	377	0.015915119363395226	-158.59399329367452	-178.69938923127836			14.385277698025192	25.059561269275363		
LEU	-90	150	37	377	0.09814323607427056	-85.74983068441313	54.9102788737343			10.348040581857296	15.830197746118534		
LEU	-90	150	300	377	0.7957559681697612	-62.16400404839341	175.97179597357638			6.303650675865142	6.882060411522399		
LEU	-90	150	12	377	0.03183023872679045	-49.038450932149196	-25.41160175777918			32.995801113515995	22.944895815762806		
LEU	-60	-180	8	12	0.6666666666666666	-66.40262564381213	-173.9067771079006			7.125653763002343	11.365925821384296		
LEU	-60	-120	5	5	1.0	-72.71894905884012	-175.42531445503417			2.9589907199428462	8.001463313708644		
LEU	-60	-60	331	784	0.4221938775510204	-179.65112754011247	59.64949512700753			7.62565456862388	7.4315173798190255		
LEU	-60	-60	78	784	0.09948979591836735	-151.0359478808259	-169.75732237321103			13.823372808885484	25.40639889667517		
LEU	-60	-60	16	784	0.02040816326530612	-165.13086085632258	-75.99809101301936			13.35287376729605	18.754396819290054		
LEU	-60	-60	33	784	0.042091836734693876	-97.97593073924354	38.728227119064826			10.906776105509405	13.665171994876642		
LEU	-60	-60	307	784	0.39158163265306123	-72.45421842245963	174.92620760051838			6.830424129146534	7.3768790316622255		
LEU	-60	-60	19	784	0.02423469387755102	-89.79629571419278	-27.78309505528855			22.223204230617434	22.3609609087903		
LEU	-60	-30	6	2086	0.0028763183125599234	64.43232906178002	72.29475951918441			12.27369974575711	14.352547776521169		
LEU	-60	-30	542	2086	0.2598274209012464	-177.90367030852747	59.60568862269798			7.356956938654672	6.655721762443328		
LEU	-60	-30	79	2086	0.03787152444870566	-156.28879605774284	178.31579293785788			16.50748005408713	23.74901918445752		
LEU	-60	-30	18	2086	0.00862895493767977	-166.2191026488647	-84.4949168519037			11.044966892592376	17.50470973777815		
LEU	-60	-30	100	2086	0.04793863854266539	-94.55719416672784	41.57288827814245			9.224831547059768	16.143949545139343		
LEU	-60	-30	1282	2086	0.6145733461169702	-69.65638261587185	175.22753531852916			6.134257381329211	7.205679676885638		
LEU	-60	-30	56	2086	0.026845637583892617	-69.5684104953571	-28.349226588450268			37.319496245705665	27.957163333721777		
LEU	-60	0	14	99	0.1414141414141414	-86.61011368871175	47.29411403194735			7.171483190833273	21.361913240691656		
LEU	-60	0	69	99	0.696969696969697	-66.26698664492223	176.73857913452625			5.9522310246337895	7.629112361975418		
LEU	-60	0	5	99	0.050505050505050504	-72.12944358620527	-65.1992593655667			13.595001093159333	20.625333481962993		
LEU	-60	30	5	8	0.625	173.32730911669526	51.881315473137384			3.8694948571350753	8.34337384653684		
LEU	-60	90	8	13	0.6153846153846154	175.93831271514279	54.58054425359797			9.54019981744419	5.5223063142899305		
LEU	-60	120	97	186	0.521505376344086	-176.55499976573373	64.63739053588158			8.314507824113035	5.6554908435188445		
LEU	-60	120	9	186	0.04838709677419355	-163.65189073906188	159.16466989438894			8.116447505575767	9.427466337558137		
LEU	-60	120	13	186	0.06989247311827956	-95.62169311258103	62.732829921389154			12.20807203725595	12.599437759982177		
LEU	-60	120	56	186	0.3010752688172043	-69.63796901908826	-179.64374438610824			9.629996816434758	7.49045903391148		
LEU	-60	120	7	186	0.03763440860215054	-40.24681370102639	-19.058647661800414			30.15501016889566	19.750982879400233		
LEU	-60	150	30	257	0.11673151750972763	-177.54658417324708	68.76486647959709			9.673221307049879	6.057591820514633		
LEU	-60	150	22	257	0.08560311284046693	-88.65205574683301	54.169991995375156			11.077010754987505	15.67193716072113		
LEU	-60	150	189	257	0.7354085603112841	-64.7213696133336	176.29627348925527			6.731999186497582	7.805278083497115		
LEU	-60	150	11	257	0.042801556420233464	-13.39400710716043	-3.9540066426857985			32.84393732937229	10.515162933119694		
LEU	-30	-60	11	28	0.39285714285714285	-154.63208174857925	51.40228247949298			19.651267519171117	10.905699231181375		
LEU	-30	-60	9	28	0.32142857142857145	-72.11790958605359	177.00801171021567			7.428778331712101	7.9395034555373645		
LEU	-30	-30	5	17	0.29411764705882354	179.97491076595088	63.96165384138957			21.820742738976154	9.469239738115412		
LEU	-30	-30	6	17	0.35294117647058826	-66.7663793813178	176.30060987252958			9.353886536371533	4.271182452353843		
LEU	60	30	24	32	0.75	-57.97712469874911	178.93749766311743			8.049157059306587	8.687433985487662		
LEU	60	60	7	13	0.5384615384615384	-57.313515371341175	-179.05286338826843			3.6851151121307284	3.759685832605875		
LEU	90	0	5	7	0.7142857142857143	-65.9254737520158	-174.37665650298584			11.608022943977355	9.99056569686375		
ILE	-150	-180	13	15	0.8666666666666667	61.01781002665378	178.09946427534177			4.189933782930069	6.938993990504896		
ILE	-150	120	16	56	0.2857142857142857	179.19031670264118	168.89095379494745			5.94132428103263	8.272705605712837		
ILE	-150	120	32	56	0.5714285714285714	-62.94820029792125	177.02523137390858			5.759961203787594	7.220355571922807		
ILE	-150	150	36	99	0.36363636363636365	60.46130928041471	171.33388361161178			5.068087338799335	5.732238928786279		
ILE	-150	150	6	99	0.06060606060606061	-171.83734124217096	58.89307929801866			3.7832033275909818	10.848320184405491		
ILE	-150	150	35	99	0.35353535353535354	-176.19415946975343	173.8886400555575			6.4423573399412835	6.836964245427388		
ILE	-150	150	15	99	0.15151515151515152	-65.32400034030725	177.75981690080545			7.578576437911801	3.833603672155279		
ILE	-120	-180	34	39	0.8717948717948718	64.15885443713907	173.52989469407555			3.942558437647499	5.92180805196395		
ILE	-120	-60	19	30	0.6333333333333333	-61.98226264490559	169.80844960047452			3.899355058650467	9.01258782572057		
ILE	-120	-60	10	30	0.3333333333333333	-58.538608828053874	-61.39512839770153			6.421255532730748	6.259633692077159		
ILE	-120	-30	8	31	0.25806451612903225	65.6947369883217	174.1442049513701			7.869016932743146	4.805144882185211		
ILE	-120	-30	12	31	0.3870967741935484	-67.63904710202664	168.39923107195202			7.909264149170861	11.099402823166075		
ILE	-120	-30	8	31	0.25806451612903225	-53.01101952188215	-61.66398415451535			12.688827934449803	3.8558871975586735		
ILE	-120	0	40	50	0.8	61.674875822944166	170.31183167779295			4.134080510413772	8.473270124322562		
ILE	-120	30	18	19	0.9473684210526315	63.56793899916069	173.73108205301187			6.9458213696959925	5.165301092041222		
ILE	-120	90	32	40	0.8	-58.33038014844922	170.712277021339			4.942857552464604	9.486253252978178		
ILE	-120	120	6	507	0.011834319526627219	50.767306268470314	179.23627099443192			11.107690456128246	9.768872313662316		
ILE	-120	120	11	507	0.021696252465483234	-173.57970816421343	172.3625127577194			4.203004686542014	9.988679416863627		
ILE	-120	120	23	507	0.045364891518737675	-62.209658279148805	90.98341349069919			6.378308281837337	10.506612689575704		
ILE	-120	120	382	507	0.7534516765285996	-59.632013343221686	172.95088024191077			5.382950959822817	7.124331768141724		
ILE	-120	120	78	507	0.15384615384615385	-55.351995078061485	-62.626873172166896			7.035202627610042	7.237129966708035		
ILE	-120	150	11	236	0.046610169491525424	63.71393106973359	93.68152758074659			7.171741905042881	6.72527390393243		
ILE	-120	150	93	236	0.3940677966101695	62.80323825137883	171.02599902807376			5.807849366936058	8.88910774125617		
ILE	-120	150	6	236	0.025423728813559324	-166.22508337433874	65.8004374676305			21.367299882246467	11.331989414341233		
ILE	-120	150	27	236	0.11440677966101695	-173.28717442421436	166.17787941721423			4.7902355276075745	4.870889682996677		
ILE	-120	150	8	236	0.03389830508474576	-71.73579923202857	82.40388195544031			18.872593897933356	17.090818080218604		
ILE	-120	150	54	236	0.2288135593220339	-59.42627162167919	173.37614217347982			6.997815260397271	8.42995889427006		
ILE	-120	150	36	236	0.15254237288135594	-57.29503881014047	-62.51413181748712			6.733445140362871	7.340319217313673		
ILE	-90	-180	10	13	0.7692307692307693	63.79272934720893	171.91046543007866			6.323081034647076	8.273122824582346		
ILE	-90	-60	5	81	0.06172839506172839	-82.84173626074438	69.30840902088018			16.929008688075893	12.348212250530443		
ILE	-90	-60	45	81	0.5555555555555556	-64.0740694160236	173.9346799482919			6.211859494598733	8.860270401516196		
ILE	-90	-60	31	81	0.38271604938271603	-56.867814993142275	-54.71499042868025			7.206164605409728	10.272378523045532		
ILE	-90	-30	10	172	0.05813953488372093	61.65961604890668	93.47451568983014			6.8980417082598695	6.940080123328555		
ILE	-90	-30	21	172	0.12209302325581395	65.47303421855761	175.35357417693433			7.0324816688537535	10.666294558183772		
ILE	-90	-30	9	172	0.05232558139534884	-164.06934620608922	60.36591339714625			7.803009569832238	8.255151437454215		
ILE	-90	-30	12	172	0.06976744186046512	-167.28893241239933	169.85055465820926			8.282592612871307	6.9509662591111026		
ILE	-90	-30	83	172	0.48255813953488375	-64.2031591874874	174.12357831764777			8.434003656337797	8.548662818836322		
ILE	-90	-30	33	172	0.19186046511627908	-58.1743776598179	-59.90125790897207			8.689741098632663	11.787368872641796		
ILE	-90	0	8	70	0.11428571428571428	59.274311808804214	97.72588015100527			7.7503569993382815	12.875821209924242		
ILE	-90	0	49	70	0.7	64.96623842682185	173.58543633829484			4.6219484784548	9.259280244606686		
ILE	-90	30	6	8	0.75	62.125241882646925	163.43438744161588			4.116615507674354	6.701603313204812		
ILE	-90	90	5	53	0.09433962264150944	-69.2793612806176	87.67125981494543			3.2940618100796524	5.336346600128505		
ILE	-90	90	27	53	0.5094339622641509	-58.20376612975098	178.1852532563778			5.930841238785577	7.4463748483865615		
ILE	-90	90	21	53	0.39622641509433965	-51.31681714153043	-56.801053590452945			7.273004404968116	10.725834089291688		
ILE	-90	120	7	430	0.01627906976744186	67.05776193710155	167.5867614922307			9.947318629206972	8.877952054305187		
ILE	-90	120	32	430	0.07441860465116279	-74.71910493226254	80.98425599395769			8.44042685020404	10.087454258550034		
ILE	-90	120	262	430	0.6093023255813953	-60.9420107533468	172.24284197259917			5.217165495681984	6.68068481687569		
ILE	-90	120	120	430	0.27906976744186046	-56.064475090534714	-58.45649719732798			5.706144294682195	10.131829546680125		
ILE	-90	150	23	105	0.21904761904761905	64.53191477950699	171.6622388375303			8.552158675756475	9.164884104503626		
ILE	-90	150	6	105	0.05714285714285714	-173.86708583104306	164.85292380009196			6.691688503273274	6.65238967946355		
ILE	-90	150	8	105	0.0761904761904762	-69.0206308047819	80.60560082251223			9.684591050388184	13.748295194248195		
ILE	-90	150	36	105	0.34285714285714286	-63.65417737840956	173.83600949165486			6.2741877664922185	7.225524210557442		
ILE	-90	150	28	105	0.26666666666666666	-53.63789338566416	-60.51131319753905			6.499260380456653	8.93641607950482		
ILE	-60	-60	8	567	0.014109347442680775	-70.18574438673335	85.73809375009387			13.544590368709546	16.086345038404826		
ILE	-60	-60	429	567	0.7566137566137566	-67.51991697460586	171.5901511314941			4.553989414170369	7.317128682253334		
ILE	-60	-60	120	567	0.21164021164021163	-60.74751491125093	-62.793679774272825			6.21495592147535	9.202451630813108		
ILE	-60	-30	18	950	0.018947368421052633	60.96842407930709	95.20678778208368			12.577838979500555	9.865355520171533		
ILE	-60	-30	33	950	0.034736842105263156	64.6646732606611	173.46028578136927			8.67104420906311	6.799022853105332		
ILE	-60	-30	63	950	0.06631578947368422	-168.35584590385352	64.4591268050522			5.993524292858917	6.644211346550127		
ILE	-60	-30	59	950	0.06210526315789474	-169.350872302312	170.71518184368054			7.034647239249305	9.219305260755345		
ILE	-60	-30	29	950	0.030526315789473683	-74.00945142970693	78.78459133380491			11.880032782277206	14.654846682090424		
ILE	-60	-30	580	950	0.6105263157894737	-66.6008664659252	172.9059581781258			5.5362524605100925	7.4974687771943165		
ILE	-60	-30	166	950	0.17473684210526316	-61.45295719621241	-60.604292788642574			7.497173474447255	9.499362131285642		
ILE	-60	0	17	35	0.4857142857142857	67.91692492647782	173.06209912978443			4.7478857754913015	5.939985525847401		
ILE	-60	90	6	9	0.6666666666666666	-55.95855840822022	-179.02070364038838			4.572132033148875	7.897500061077389		
ILE	-60	120	8	125	0.064	-71.88782067319913	79.04345807893785			8.000575818999257	11.100501548907957		
ILE	-60	120	88	125	0.704	-62.93738466969358	175.05739648975413			5.847046679087008	7.552147644907914		
ILE	-60	120	19	125	0.152	-56.024294641147094	-61.795358622608774			6.232685174127335	6.8381202196214925		
ILE	-60	150	20	93	0.21505376344086022	63.72728401556657	174.34955326133937			5.765821062692825	6.224221012178436		
ILE	-60	150	18	93	0.1935483870967742	-165.35831865748148	173.46834453590927			4.408486333331578	9.027252479901174		
ILE	-60	150	28	93	0.3010752688172043	-61.84014508076142	177.48007029799174			5.919968119109053	7.623810608619486		
ILE	-60	150	17	93	0.1827956989247312	-56.04843908653932	-59.828895642355064			12.760486450440983	14.66839368357488		
ILE	-30	-60	5	11	0.45454545454545453	-63.2941800296647	-173.33562891248908			11.691688158578955	10.350670049355667		
ILE	-30	-30	5	8	0.625	-57.51303956433217	179.19636649712487			2.2644593819464323	4.120013483774779		
PHE	-180	-180	6	9	0.6666666666666666	68.13014561284815	-82.34165440242782			6.554387151007779	6.619664936182901		
PHE	-180	150	7	17	0.4117647058823529	64.81003081195736	79.75168978035283			8.01924507223194	3.075841635685834		
PHE	-180	150	7	17	0.4117647058823529	59.359133073350094	-82.75943475715201			2.8907066974645703	4.3680339048705035		
PHE	-150	-180	21	57	0.3684210526315789	60.14853118070278	83.55108846902499			3.565733473248103	5.734209080731273		
PHE	-150	-180	31	57	0.543859649122807	65.03525452761308	-78.7993716990783			5.245251262133701	4.2601466941913895		
PHE	-150	120	25	44	0.5681818181818182	-176.76655794709674	71.04440220453864			7.892301580283673	9.835375148947534		
PHE	-150	120	5	44	0.11363636363636363	-164.66654018884054	-78.85228982950333			5.917588555038526	10.362456801864637		
PHE	-150	120	6	44	0.13636363636363635	-60.13335386700185	81.5194212568076			6.422787887425822	3.56224839950327		
PHE	-150	120	5	44	0.11363636363636363	-71.38852694780026	-73.62828220877309			10.832737224042498	9.288331728499507		
PHE	-150	150	41	157	0.2611464968152866	61.076359206279044	83.6150514888731			8.031718773013525	3.6158731958157504		
PHE	-150	150	57	157	0.3630573248407643	62.7094425173869	-84.10509559534158			4.3911196188521	3.5553924294596113		
PHE	-150	150	14	157	0.08917197452229299	-175.22601511538252	77.71360055466867			9.200090076473254	8.081280084152217		
PHE	-150	150	11	157	0.07006369426751592	-58.44852925758837	83.00186313370007			5.446188517916544	3.7434031557904897		
PHE	-150	150	33	157	0.21019108280254778	-61.383240594177316	-81.79120009279883			6.513351770098391	6.153652881069129		
PHE	-120	-180	5	36	0.1388888888888889	69.90566418844749	84.9617603605192			3.0307813977811984	2.6573050881370017		
PHE	-120	-180	8	36	0.2222222222222222	54.7729028985839	-82.13266753198349			8.078883837798546	4.93184781622949		
PHE	-120	-180	11	36	0.3055555555555556	-57.80410495578252	83.87169156752334			8.61445701616178	3.3269722974187275		
PHE	-120	-180	12	36	0.3333333333333333	-59.831254952122315	-81.23303490620214			7.016917910994384	6.559986656370938		
PHE	-120	-60	5	7	0.7142857142857143	-71.58445906366495	-47.23217767655209			2.0455548356990465	10.618942112792494		
PHE	-120	-30	5	46	0.10869565217391304	-60.076397993097835	89.2863835581801			6.773934393747759	1.2476643856495173		
PHE	-120	-30	33	46	0.717391304347826	-59.95317154610876	-64.34975264423274			7.383284749116487	11.815858875785803		
PHE	-120	0	5	76	0.06578947368421052	62.69000617473234	80.32973241500889			2.7535756064799064	10.02215442161203		
PHE	-120	0	13	76	0.17105263157894737	-60.07774606571444	82.63146002168135			7.896393217906573	5.1184378069667575		
PHE	-120	0	53	76	0.6973684210526315	-60.85969431347502	-72.63732114908687			6.610308163983132	9.193693825999594		
PHE	-120	30	10	54	0.18518518518518517	-70.87532408877533	72.52902083947757			9.234795089160306	10.195014979816845		
PHE	-120	30	41	54	0.7592592592592593	-57.64358731380883	-71.48519963199237			6.440004029020738	9.247895353775542		
PHE	-120	60	21	24	0.875	-57.24650000596669	-76.39340617646079			6.903570899155688	8.969503249390193		
PHE	-120	90	7	41	0.17073170731707318	-175.13806812555936	69.23176788750848			10.1772565002369	15.066105054796008		
PHE	-120	90	9	41	0.21951219512195122	-65.6300886618243	82.03525279417232			9.885012550337974	4.970089901734356		
PHE	-120	90	22	41	0.5365853658536586	-55.24701898962861	-75.47312050386466			5.01169592348235	8.196369422429878		
PHE	-120	120	32	136	0.23529411764705882	179.7938307266885	65.89599698721143			6.702962004506794	12.082767820719724		
PHE	-120	120	5	136	0.03676470588235294	-157.06795520663235	-73.68263064527484			7.052905264639014	3.6522760580514917		
PHE	-120	120	43	136	0.3161764705882353	-66.20366666664704	80.29995838681323			6.632388972954731	5.690471490951639		
PHE	-120	120	56	136	0.4117647058823529	-64.45036147095892	-77.37511149549347			8.146659348143716	10.208616547177371		
PHE	-120	150	9	184	0.04891304347826087	60.99992271284037	84.74108608283373			5.763488566329717	4.604882192312105		
PHE	-120	150	10	184	0.05434782608695652	-178.40364138706695	68.09698117988167			10.302600278628352	12.125217157806626		
PHE	-120	150	77	184	0.41847826086956524	-63.29357117149766	82.52480966221769			5.755582409214444	4.874870224299		
PHE	-120	150	85	184	0.46195652173913043	-64.45212759577326	-76.81327061174723			6.900745612252914	8.848369550100273		
PHE	-90	-180	6	20	0.3	-66.50042396973241	78.29259610252184			6.066106869115611	9.020090733795001		
PHE	-90	-180	7	20	0.35	-63.625935037192754	-77.90563070781735			20.171845940458255	21.4133804402077		
PHE	-90	-60	23	43	0.5348837209302325	-176.64104804908547	70.63557005828915			6.654153990801035	9.911608050410331		
PHE	-90	-60	6	43	0.13953488372093023	-62.017651191725385	75.31192755999732			10.89686980407041	26.00408196283947		
PHE	-90	-60	10	43	0.23255813953488372	-66.09461865493967	-65.77950308630014			8.651876850949511	15.933428864952743		
PHE	-90	-30	22	124	0.1774193548387097	-179.63081300755582	73.62941031499862			6.771412446704178	8.150041564547006		
PHE	-90	-30	29	124	0.23387096774193547	-73.37396743916977	77.14563009271693			6.953226600708191	12.456388891618726		
PHE	-90	-30	67	124	0.5403225806451613	-69.91114175742366	-69.34239639763183			7.567444144281116	9.87414203385677		
PHE	-90	0	8	134	0.05970149253731343	51.96432936601989	78.82538195016635			4.69841465382533	4.62655471890121		
PHE	-90	0	27	134	0.20149253731343283	-70.97228573906608	80.42603319981144			6.173189332615263	6.224746253462382		
PHE	-90	0	93	134	0.6940298507462687	-64.34026106323284	-65.84046299603524			6.786544819175755	14.968564377605423		
PHE	-90	30	9	13	0.6923076923076923	-52.77322187896945	-69.60256979844911			10.064962819902476	15.182224964608263		
PHE	-90	60	11	14	0.7857142857142857	-61.87831469312293	-72.01103308061842			5.782234498146814	10.192499702266927		
PHE	-90	90	8	15	0.5333333333333333	-68.80542860137858	-77.63564275695606			5.923133231861549	7.725326406537525		
PHE	-90	120	50	172	0.29069767441860467	-179.4917426379335	73.25742255224526			7.338571190102396	7.382371787694853		
PHE	-90	120	15	172	0.0872093023255814	-170.66635563486713	-83.22389629321567			4.603266007432302	5.740284616018824		
PHE	-90	120	40	172	0.23255813953488372	-70.88002280704174	78.19702380005131			6.066045390644168	10.15289056505896		
PHE	-90	120	66	172	0.38372093023255816	-67.8195305353595	-74.85452327327096			8.462128025983816	11.676969478771491		
PHE	-90	150	14	150	0.09333333333333334	-174.97733010652397	76.0146404496301			9.946753669738461	6.859215897112868		
PHE	-90	150	49	150	0.32666666666666666	-74.11991645046758	75.79848281121201			7.61572281665707	11.124967066897863		
PHE	-90	150	82	150	0.5466666666666666	-69.39620137894036	-68.75628240559048			6.653646098190034	13.71000281274097		
PHE	-60	-60	264	372	0.7096774193548387	177.92619140983265	72.74365458225942			6.042524510541683	8.687846498328087		
PHE	-60	-60	48	372	0.12903225806451613	-174.72808116876826	-81.61022847099164			6.938119245976168	6.459296991069325		
PHE	-60	-60	14	372	0.03763440860215054	-82.58761862764607	69.17034883551078			6.513809783868854	18.66000321374304		
PHE	-60	-60	46	372	0.12365591397849462	-69.82875999580618	-40.47902934841397			8.194269153683695	22.707830683947847		
PHE	-60	-30	15	561	0.026737967914438502	67.50689245729959	83.35249206273946			8.979600734409125	2.719550017971639		
PHE	-60	-30	17	561	0.030303030303030304	72.63820393241741	-79.88957119968906			8.669556440814722	5.387785060732805		
PHE	-60	-30	232	561	0.41354723707664887	-179.6245902555813	71.66361348304207			8.181570505343206	9.714818280844165		
PHE	-60	-30	26	561	0.04634581105169341	-173.5883150080612	-82.34554170020188			7.974341878879535	6.859916701493567		
PHE	-60	-30	51	561	0.09090909090909091	-79.10201651629286	71.08505750078778			7.234251575822841	15.030617735654635		
PHE	-60	-30	220	561	0.39215686274509803	-69.83240583108129	-57.20063856574114			8.140377737004654	20.811315888185984		
PHE	-60	0	5	38	0.13157894736842105	64.58532473772712	-85.29295800668868			8.57892145189645	2.897978295267551		
PHE	-60	0	12	38	0.3157894736842105	-73.43631174929969	79.30074604154244			6.590248291281553	8.523951075268913		
PHE	-60	0	15	38	0.39473684210526316	-71.42728582030189	-63.78877011387549			5.204261917930894	18.996556326011465		
PHE	-60	30	8	11	0.7272727272727273	-177.8713935691699	74.09055780750073			5.187030183327074	8.153170789288625		
PHE	-60	120	39	74	0.527027027027027	179.13599593723978	75.28261946663596			4.879595901516722	6.823273213975385		
PHE	-60	120	7	74	0.0945945945945946	-171.70223512857675	-83.05465284797977			11.305627741653206	3.622063717297773		
PHE	-60	120	24	74	0.32432432432432434	-69.40295026329022	-60.20900500570698			5.7420098371008175	15.674129905317441		
PHE	-60	150	36	113	0.3185840707964602	-177.08656932338977	73.95838410407295			5.005407406478277	9.439070407790814		
PHE	-60	150	21	113	0.18584070796460178	-80.84190348573469	68.34043445194045			4.309873149252686	16.45220470712714		
PHE	-60	150	47	113	0.415929203539823	-67.96343267589225	-57.934608471049266			6.662045224498566	19.403941606734374		
PHE	-30	-60	8	9	0.8888888888888888	179.24717084362075	76.49940755781904			5.303584413482788	9.11412895553967		
PHE	60	0	7	8	0.875	-52.680489334650346	-69.09549212294768			3.0480343504536416	12.135788667769104		
PHE	60	30	7	24	0.2916666666666667	-69.06232000826381	70.98597463949075			8.723081348762644	21.08230532049237		
PHE	60	30	15	24	0.625	-61.45750504238845	-74.38910078696443			10.849544254144254	13.3326915709912		
PHE	60	60	6	16	0.375	-67.65504778359852	72.4293598305132			14.556192019832487	11.344831979667696		
PHE	60	60	10	16	0.625	-58.27756005404833	-70.68272228825947			9.930193794021646	10.693286750508722		
PRO	-90	-180	79	84	0.9404761904761905	33.1262464441954	-36.04371940643389			3.493435870900787	4.194705389034045		
PRO	-90	-30	30	38	0.7894736842105263	31.203017208103123	-35.118392182260685			3.3382930679310294	4.595781264680067		
PRO	-90	-30	5	38	0.13157894736842105	-16.32649080595131	36.966050181946535			4.105690115736131	2.4950610129931117		
PRO	-90	0	5	84	0.05952380952380952	5.523068225025115	10.464539447924887			3.616151443229409	6.883461373037112		
PRO	-90	0	66	84	0.7857142857142857	34.3302226714933	-36.53345053645384			2.812329845695837	4.470828007927636		
PRO	-90	0	12	84	0.14285714285714285	-14.224836738837848	31.77301470877533			7.215173443693551	7.2395910261068925		
PRO	-90	30	18	19	0.9473684210526315	33.55515439643363	-34.95023557828261			3.32057238236948	3.8128343590629834		
PRO	-90	60	28	32	0.875	32.83462220511793	-35.745967488690056			3.29129443321266	5.416768510971727		
PRO	-90	90	10	16	0.625	28.494029112607954	-30.44774212288313			4.45516104482328	8.156466310935844		
PRO	-90	120	30	42	0.7142857142857143	31.70746310383908	-34.69061453500675			6.063228755215807	8.575173120960335		
PRO	-90	120	10	42	0.23809523809523808	-13.675039044110768	32.074677804126104			8.807337785048544	7.534053237084285		
PRO	-90	150	7	204	0.03431372549019608	6.1778425884421715	9.962380461717514			3.751454225586806	4.9777629545120154		
PRO	-90	150	181	204	0.8872549019607843	31.627163389277943	-35.58667555481842			3.515884384131382	4.9526670770562475		
PRO	-90	150	16	204	0.0784313725490196	-17.026567115841747	35.80217997244704			3.985175131385825	4.0080682461313035		
PRO	-60	-180	50	99	0.5050505050505051	28.94641669898274	-37.03874991713797			4.544686674287106	4.984598171757796		
PRO	-60	-180	48	99	0.48484848484848486	-21.7734074422794	34.226908924326025			5.516307702964202	4.3500252081077235		
PRO	-60	-60	16	134	0.11940298507462686	20.986450201932914	-34.347250373262334			6.240977940059377	4.656986753393385		
PRO	-60	-60	116	134	0.8656716417910447	-29.83613627221216	39.495411656917206			3.093522770546047	3.975097430533981		
PRO	-60	-30	269	875	0.30742857142857144	23.22164571719133	-34.68110881151929			4.40845801872077	4.16673220626432		
PRO	-60	-30	602	875	0.688	-26.354058178574046	36.62463150684442			4.412838015654192	4.140211903232666		
PRO	-60	0	80	123	0.6504065040650406	27.22932916455915	-36.85443701538971			4.117143598785649	4.125430712145556		
PRO	-60	0	41	123	0.3333333333333333	-21.971581825458095	36.18127686184745			6.222414797451986	4.829207181015918		
PRO	-60	30	7	12	0.5833333333333334	28.2202007878798	-40.27418368348958			5.39723557441492	4.1432167481754245		
PRO	-60	30	5	12	0.4166666666666667	-19.828814118858855	34.75938372857006			3.579229832332034	3.7803780142991306		
PRO	-60	60	8	16	0.5	30.075689280809527	-38.81036079438524			5.619894757805053	4.452501101939073		
PRO	-60	60	8	16	0.5	-21.970532412183253	35.912488169193075			5.30703367564255	4.55827423325537		
PRO	-60	90	6	16	0.375	26.958854256100278	-35.88077015954687			3.852778786522015	4.757945452098083		
PRO	-60	90	10	16	0.625	-28.645608707694247	37.365727286719874			3.2903618633667375	2.836949492945054		
PRO	-60	120	96	324	0.2962962962962963	24.01083509743174	-34.69950387798669			4.550688692346567	4.934876517762395		
PRO	-60	120	223	324	0.6882716049382716	-26.642413381343825	36.95294200026625			4.7748859228161455	4.918322859235581		
PRO	-60	150	5	1047	0.004775549188156638	2.348713397447479	8.912238208206674			1.1914461382531214	4.178085395551704		
PRO	-60	150	437	1047	0.4173829990448902	25.45858283426656	-35.024305073725074			4.705497977629301	4.595281699731418		
PRO	-60	150	601	1047	0.5740210124164279	-24.131362762014014	35.23000528239891			4.814649060307849	4.556612880847209		
PRO	-30	-60	41	44	0.9318181818181818	-34.14909124262502	38.70754717854067			3.2390926518307204	6.879888829215985		
PRO	-30	-30	22	25	0.88	-34.727868193312986	42.067031257208626			2.4669882808367847	4.456813989433945		
PRO	-30	120	8	14	0.5714285714285714	-34.37048837090124	39.307056851336796			1.7282639482323439	5.532997709643937		
PRO	-30	150	11	12	0.9166666666666666	-35.01725663864902	41.738785451774795			2.6849886572900923	4.5063540476819375		
TRP	-150	-180	9	13	0.6923076923076923	65.33502149102597	-75.5244684607015			10.274107383875988	22.626456265793095		
TRP	-150	150	5	38	0.13157894736842105	61.57969824161957	84.7149802802473			7.088550523203932	2.1125026845303982		
TRP	-150	150	16	38	0.42105263157894735	62.6715256059836	-87.19686273656714			8.916390417161281	5.927995739064768		
TRP	-150	150	7	38	0.18421052631578946	177.89176683391096	87.03222549230159			4.319567464589385	4.966823909885628		
TRP	-120	-180	5	8	0.625	-65.77494551530602	71.43154668774015			7.981037181562887	12.991967836560091		
TRP	-120	-30	6	10	0.6	-69.36191453641594	101.10355616800695			5.053864323752104	5.761908332976368		
TRP	-120	0	5	15	0.3333333333333333	-69.53300283811303	103.68874526583788			9.354809803348715	3.3964206828487575		
TRP	-120	0	8	15	0.5333333333333333	-59.09186506734852	-75.83529138465022			5.024699304619881	12.996364633924864		
TRP	-120	120	17	33	0.5151515151515151	-66.60649172842109	78.03131277461034			10.667025899710913	17.188443139952867		
TRP	-120	120	9	33	0.2727272727272727	-66.00239820073523	-84.24859176467983			8.309090695959254	9.77284536834664		
TRP	-120	150	32	49	0.6530612244897959	-67.29614769689226	82.42876755350375			6.40887905917962	9.28207536062916		
TRP	-120	150	10	49	0.20408163265306123	-70.78804154633144	-78.3882994962434			4.974988597659889	24.96716869266565		
TRP	-90	-30	15	34	0.4411764705882353	-68.6223436483021	96.28846261721792			7.05380124092759	10.965952283765205		
TRP	-90	-30	11	34	0.3235294117647059	-81.29773788034774	-62.15493463077439			10.83728928621655	37.08239495780114		
TRP	-90	0	10	41	0.24390243902439024	60.99182703548445	85.77604398167335			5.196492806093205	4.784440848085445		
TRP	-90	0	7	41	0.17073170731707318	57.77233800747782	-89.25514340167085			6.818264910684493	9.025938780921948		
TRP	-90	0	16	41	0.3902439024390244	-65.52379631145067	101.33884189186138			6.8924444003023675	7.525873961914164		
TRP	-90	0	8	41	0.1951219512195122	-67.90656043484647	-23.288973137457212			6.502124893592634	15.020724204415545		
TRP	-90	120	7	37	0.1891891891891892	-174.69016578771624	75.31438228002837			8.652944912421194	13.392579394934323		
TRP	-90	120	8	37	0.21621621621621623	-171.1044340696791	-85.64284503429792			5.1135944904913755	26.80325965516917		
TRP	-90	120	18	37	0.4864864864864865	-68.3483936606881	96.28230230732741			6.157750526342437	9.07907805989276		
TRP	-90	150	5	53	0.09433962264150944	48.719400024301656	83.95679968459305			7.937580268664732	6.860253083992216		
TRP	-90	150	34	53	0.6415094339622641	-67.1894719480102	90.09837285423374			8.443017272283457	13.796623545833697		
TRP	-90	150	6	53	0.11320754716981132	-68.78308385814975	-52.29867980219623			9.706283506306049	34.50347621283844		
TRP	-60	-60	71	115	0.6173913043478261	179.90713215912933	79.66986637191272			7.2898033889700615	8.855015471187434		
TRP	-60	-60	27	115	0.23478260869565218	178.4174122189404	-94.0490231510774			8.003850070660432	19.239447129086116		
TRP	-60	-60	9	115	0.0782608695652174	-75.44529408002984	102.93714262039173			15.221355443831717	21.00221813900314		
TRP	-60	-60	6	115	0.05217391304347826	-59.606373105208846	-18.672838082493374			6.57391880774693	17.557052371788092		
TRP	-60	-30	34	237	0.14345991561181434	65.59601642015224	-93.92706951985723			6.014493163872642	5.373160493526039		
TRP	-60	-30	42	237	0.17721518987341772	178.56544896712313	83.92781030247168			6.9755601857692895	8.005894506177968		
TRP	-60	-30	15	237	0.06329113924050633	-178.08488317631637	-127.16933903870402			7.854724803116353	3.4335681968724074		
TRP	-60	-30	32	237	0.1350210970464135	177.75902356337897	-99.28733847190459			7.15984608353069	11.145018649324502		
TRP	-60	-30	73	237	0.3080168776371308	-75.4993853253102	100.70560034707205			7.636598970586927	15.94188497947698		
TRP	-60	-30	12	237	0.05063291139240506	-65.61835152003293	127.77502565205093			10.846478732154164	6.112739779789765		
TRP	-60	-30	29	237	0.12236286919831224	-69.75842753784119	-14.411144863954078			9.886731080957837	8.901924166679843		
TRP	-60	0	5	12	0.4166666666666667	52.140094676825086	-92.3014070991751			4.507204670340724	3.0352942749132477		
TRP	-60	120	8	23	0.34782608695652173	-178.50743557256405	82.95546219371741			5.648419093689698	7.218602172804904		
TRP	-60	120	7	23	0.30434782608695654	-172.0995109523331	-95.7770238108963			5.175776584624333	7.460150798466027		
TRP	-60	120	7	23	0.30434782608695654	-75.01104065520202	100.8485371596078			4.613487150356204	8.378811099340519		
TRP	-60	150	9	26	0.34615384615384615	-162.15751457096414	-92.86034876099649			8.824822302709515	10.84107158516866		
TRP	-60	150	11	26	0.4230769230769231	-68.69568354075851	67.71749358356767			5.423591129596816	37.375581075723474		
TYR	-180	-180	8	11	0.7272727272727273	58.744961514465786	74.9338726752782			12.936755481133137	11.26894270636736		
TYR	-180	150	5	15	0.3333333333333333	64.90321104421047	83.63471078912019			9.126112806963778	3.658875001989402		
TYR	-180	150	5	15	0.3333333333333333	70.40198620937083	-82.446217510566			7.849333190510672	3.5822491848290485		
TYR	-150	-180	18	52	0.34615384615384615	56.385813589396705	79.34831095207288			5.33832532921056	5.920158632540728		
TYR	-150	-180	27	52	0.5192307692307693	64.23219811660195	-79.92774921443784			5.219615118415727	7.900442403583209		
TYR	-150	-180	5	52	0.09615384615384616	-62.74854669226483	-76.5220488615645			15.68987954622542	15.765280571030232		
TYR	-150	120	18	40	0.45	179.7919433432628	69.10085880495654			6.746440084127989	10.78998492675246		
TYR	-150	120	5	40	0.125	-176.46605477437316	-69.63547707610653			7.704639357823491	12.462040332538757		
TYR	-150	120	9	40	0.225	-59.3565491744697	-77.35322644236702			10.537338999886591	4.634414090226968		
TYR	-150	150	34	123	0.2764227642276423	64.01092955904683	84.04293248492483			6.688619932656589	3.5511742610446206		
TYR	-150	150	40	123	0.3252032520325203	64.73977963728254	-81.84013409045372			7.6594333791911415	4.475919755746532		
TYR	-150	150	14	123	0.11382113821138211	176.9485033452081	77.2727109612906			10.41041358292315	7.908453558522466		
TYR	-150	150	18	123	0.14634146341463414	-59.36398506996436	81.62420660555128			5.01802632684336	4.060407549841979		
TYR	-150	150	14	123	0.11382113821138211	-56.011560858893496	-78.6111063922383			15.353828024894497	16.469693954285205		
TYR	-120	-180	8	21	0.38095238095238093	-60.72177240694323	79.78410274034627			3.4254762249972415	6.555494994100798		
TYR	-120	-180	11	21	0.5238095238095238	-61.87207939133635	-67.82215257421323			5.578239270717452	16.12246367526388		
TYR	-120	-60	5	6	0.8333333333333334	-62.78137396053556	-61.5580407276696			5.803153787192799	9.502139088404027		
TYR	-120	-30	29	38	0.7631578947368421	-59.418709652455604	-65.567863355043			8.951756122197535	12.582609879371876		
TYR	-120	0	13	61	0.21311475409836064	-66.19988805068878	82.73750968530672			7.593388199141066	4.613828526908708		
TYR	-120	0	43	61	0.7049180327868853	-59.231106785739534	-74.52001278834162			7.122609077509595	9.816360987388874		
TYR	-120	30	10	54	0.18518518518518517	-60.95994793714065	86.28578426229025			12.698853453866176	3.216538469709607		
TYR	-120	30	41	54	0.7592592592592593	-58.93387776881655	-74.20654962124073			6.48429431814728	8.1543647530435		
TYR	-120	60	19	22	0.8636363636363636	-53.245654536618574	-68.67109489791993			4.707025223742334	4.956280443045072		
TYR	-120	90	5	23	0.21739130434782608	-62.44200033985892	85.25293041454542			10.434563031536431	3.45183129844146		
TYR	-120	90	10	23	0.43478260869565216	-51.38824716288579	-70.97380782790219			9.139270232242461	5.282522873233548		
TYR	-120	120	33	110	0.3	176.67175348090817	72.38105250602787			6.677288520768127	10.229033215969503		
TYR	-120	120	9	110	0.08181818181818182	-173.07738062876277	-70.88277772316151			6.450156149855338	16.4269845834124		
TYR	-120	120	42	110	0.38181818181818183	-62.35882657693267	80.50152620665233			6.2551726083267685	6.9970181364663695		
TYR	-120	120	26	110	0.23636363636363636	-62.21450040571613	-76.58222523885081			7.050222565701822	9.414228319481483		
TYR	-120	150	10	226	0.04424778761061947	60.96782185284962	83.67012283692279			6.227986704552289	4.266079718180633		
TYR	-120	150	10	226	0.04424778761061947	61.4510115181237	-84.61251681162085			6.557433381346398	3.3432269958733807		
TYR	-120	150	8	226	0.035398230088495575	-177.7424827550166	79.32949999326928			2.615415666198768	8.130640089508487		
TYR	-120	150	75	226	0.33185840707964603	-63.36705951169196	81.61167019691806			7.638414895564646	5.389076815116275		
TYR	-120	150	120	226	0.5309734513274337	-63.29489184467958	-78.10312340441372			7.24194620228934	8.562447003056077		
TYR	-90	-180	5	14	0.35714285714285715	-57.410634873843065	-68.15809691551638			9.304813321607316	8.61929408070738		
TYR	-90	-60	13	31	0.41935483870967744	176.29281016532923	69.51774621345422			8.49728601301809	7.56084699163941		
TYR	-90	-60	5	31	0.16129032258064516	-76.1165059681454	74.94696647413757			5.497362514158658	19.117310971042897		
TYR	-90	-60	10	31	0.3225806451612903	-69.4655368834103	-71.60501182636665			12.005106540363562	8.230971790325688		
TYR	-90	-30	5	112	0.044642857142857144	62.40705299384464	78.42005924608647			9.280936631463721	7.099796681180016		
TYR	-90	-30	12	112	0.10714285714285714	175.62174680431903	70.10426775047162			7.302756916479299	8.030817392791954		
TYR	-90	-30	7	112	0.0625	-177.51957598755993	-83.02163335665631			7.785451607151238	6.895106797081039		
TYR	-90	-30	15	112	0.13392857142857142	-72.73581827398671	79.83385715917909			6.655515904714232	7.027869548518833		
TYR	-90	-30	73	112	0.6517857142857143	-66.88559660986103	-67.55490715095831			9.061067465077313	11.480786396087796		
TYR	-90	0	8	113	0.07079646017699115	56.716761139897365	77.70379057083518			10.816003071175256	5.706251712266549		
TYR	-90	0	27	113	0.23893805309734514	-67.96586953319397	82.61563058959887			4.366582180112808	6.570169539012493		
TYR	-90	0	71	113	0.6283185840707964	-63.79287444055922	-73.49134417427555			8.291681255536846	10.404736414326436		
TYR	-90	30	5	14	0.35714285714285715	-63.50129890214057	79.4184693447998			5.247526859340408	2.9727589836899404		
TYR	-90	30	9	14	0.6428571428571429	-64.23441168510186	-80.18238271822696			7.048114717035139	7.981445826739998		
TYR	-90	60	5	7	0.7142857142857143	-58.02218580357937	-60.830714014254845			4.383120524990669	19.636081773322992		
TYR	-90	90	5	20	0.25	-172.99884147662104	59.59214800842487			7.148128826872094	10.354716297469745		
TYR	-90	90	9	20	0.45	-64.2037068773451	-72.23543236039463			9.050912899957948	16.522839461330715		
TYR	-90	120	38	100	0.38	-179.70960663737682	69.75520572837854			8.461295104271047	9.466640339467528		
TYR	-90	120	10	100	0.1	-172.66410124304554	-80.44953089349586			6.932411393931126	2.60123230084545		
TYR	-90	120	26	100	0.26	-72.6124503039231	80.14800856691515			6.548158923289121	8.444043788035234		
TYR	-90	120	26	100	0.26	-72.2798742152242	-74.42732431460848			7.938914167358201	10.867005629069167		
TYR	-90	150	6	132	0.045454545454545456	61.54258108387764	85.77576823198496			4.115434613241921	1.9317345717920624		
TYR	-90	150	5	132	0.03787878787878788	62.06794127964846	-76.62917438018005			10.799676199420805	14.56192399972648		
TYR	-90	150	16	132	0.12121212121212122	-172.25208712751495	75.97581624437218			6.6413426878943165	7.65396757444546		
TYR	-90	150	34	132	0.25757575757575757	-69.00202681734423	82.04976155509955			7.2075738559292954	4.291536802991285		
TYR	-90	150	67	132	0.5075757575757576	-66.03472288052235	-71.19435552032259			8.17699777910121	11.327493418645425		
TYR	-60	-60	276	416	0.6634615384615384	178.79515310386833	75.935746579685			6.822366039007448	7.867274565825136		
TYR	-60	-60	69	416	0.1658653846153846	-178.10957718378367	-82.58773995725203			5.961575663345047	5.256596876280554		
TYR	-60	-60	22	416	0.052884615384615384	-80.99594660358096	71.40009455303874			8.71678721124883	13.74033127591621		
TYR	-60	-60	48	416	0.11538461538461539	-74.55207743354367	-56.29799328025934			11.641029724862749	18.500036921946762		
TYR	-60	-30	16	563	0.028419182948490232	66.51124777119136	80.39030849653642			8.609525090861407	6.8892888504620915		
TYR	-60	-30	19	563	0.03374777975133215	74.54845132982423	-82.65147208691927			4.61159764964585	5.9052574060325265		
TYR	-60	-30	234	563	0.41563055062166965	-179.91263386843445	74.0395379232598			6.9836013767958525	8.98655837500942		
TYR	-60	-30	47	563	0.08348134991119005	-177.00153714668386	-84.3412510289921			7.306660174335125	2.7471703800042966		
TYR	-60	-30	46	563	0.08170515097690942	-78.43635967860912	65.42492188690407			7.3516402940917365	22.836585646084828		
TYR	-60	-30	201	563	0.35701598579040855	-70.31089917478711	-50.79575084457			9.674946585924745	21.518728000494782		
TYR	-60	0	12	30	0.4	65.66211619917412	78.73473296159109			4.108948152512524	7.640902085962721		
TYR	-60	0	5	30	0.16666666666666666	-75.5833203675184	68.81032586390144			13.83835620543501	15.16982595187643		
TYR	-60	0	11	30	0.36666666666666664	-66.95310242938893	-45.55080131324907			13.037065406239376	30.345444996768244		
TYR	-60	30	8	11	0.7272727272727273	-167.21491515961122	65.42316057055103			4.889165551907637	3.9669888290836375		
TYR	-60	120	48	63	0.7619047619047619	179.7352252498048	69.66195874285924			4.75512169957716	8.662138765805672		
TYR	-60	120	9	63	0.14285714285714285	-68.58483493070105	-62.128148956178116			11.288658039236946	12.656897460412315		
TYR	-60	150	17	65	0.26153846153846155	-173.88559369221824	77.56765796245114			5.776137296199549	10.065061915856447		
TYR	-60	150	15	65	0.23076923076923078	-73.0894650869673	77.90316445986244			13.464330260785411	9.143291451507075		
TYR	-60	150	32	65	0.49230769230769234	-71.35522643985342	-69.93951110927833			7.647909632282637	9.703620325282426		
TYR	-30	-60	6	14	0.42857142857142855	-176.27773917429448	68.9505310937276			9.118074010827964	13.68339628410937		
TYR	60	30	7	23	0.30434782608695654	-74.72630103921345	79.31856439749357			2.1500121037248765	4.073957874030413		
TYR	60	30	15	23	0.6521739130434783	-56.89310839297681	-69.49291269434333			8.213266540074306	8.907736954493254		
TYR	60	60	9	12	0.75	-60.682995505723525	-72.92680438038519			6.65059196311153	11.166004665711775		
CYS	-180	-180	7	8	0.875	65.10756072821411				3.129771899594773			
CYS	-180	150	8	9	0.8888888888888888	75.4536714825803				3.1696178876803667			
CYS	-150	-180	26	30	0.8666666666666667	63.549145841330855				5.279807814091161			
CYS	-150	90	5	5	1.0	-173.2605471006952				5.471187299037832			
CYS	-150	120	24	25	0.96	-177.93362346056514				7.271326215933539			
CYS	-150	150	30	44	0.6818181818181818	63.906377678914325				6.793138753125826			
CYS	-150	150	8	44	0.18181818181818182	-177.07445760823316				5.4896003794907875			
CYS	-150	150	6	44	0.13636363636363635	-48.408222280113094				23.760640879014915			
CYS	-120	-180	7	12	0.5833333333333334	63.29771682103741				9.412511512637431			
CYS	-120	-180	5	12	0.4166666666666667	-50.60516252550486				10.000593436402328			
CYS	-120	-30	6	8	0.75	-60.063951778532896				0.7562429759111151			
CYS	-120	0	11	14	0.7857142857142857	71.95335296632935				7.680303981791103			
CYS	-120	30	7	11	0.6363636363636364	-67.57261184899028				9.38884379985173			
CYS	-120	120	22	43	0.5116279069767442	-177.3225408134338				6.881792062788882			
CYS	-120	120	21	43	0.4883720930232558	-60.28962374791283				4.60765520869225			
CYS	-120	150	8	54	0.14814814814814814	68.80307205484851				9.653452743419459			
CYS	-120	150	12	54	0.2222222222222222	177.14306069582426				5.365948647453636			
CYS	-120	150	34	54	0.6296296296296297	-58.45670478754905				6.7518816017663985			
CYS	-90	-180	7	11	0.6363636363636364	62.30727257998947				3.600179674229647			
CYS	-90	-30	29	35	0.8285714285714286	-68.1918066628651				6.223825006805335			
CYS	-90	0	11	37	0.2972972972972973	64.89067854573649				5.091422784960889			
CYS	-90	0	25	37	0.6756756756756757	-64.84941031771888				5.055136292228471			
CYS	-90	30	8	8	1.0	-67.05007685134831				7.597831497207981			
CYS	-90	120	35	47	0.7446808510638298	-176.87179561938683				4.811082641500975			
CYS	-90	120	12	47	0.2553191489361702	-60.075698234973785				3.759816795931953			
CYS	-90	150	8	37	0.21621621621621623	61.425704897810185				6.796745244991105			
CYS	-90	150	8	37	0.21621621621621623	-170.36790338442103				6.4998394260606			
CYS	-90	150	21	37	0.5675675675675675	-64.01591612269635				9.093976540914166			
CYS	-60	-60	23	91	0.25274725274725274	-176.10118555569912				6.577123911142152			
CYS	-60	-60	67	91	0.7362637362637363	-71.91588925765807				8.49226449827855			
CYS	-60	-30	22	150	0.14666666666666667	61.47021361089858				7.471726775664637			
CYS	-60	-30	18	150	0.12	-178.69194661769419				6.44765404329104			
CYS	-60	-30	110	150	0.7333333333333333	-68.4227893108836				6.188464513991107			
CYS	-60	0	8	15	0.5333333333333333	67.152183013935				4.293607181082786			
CYS	-60	0	6	15	0.4	-62.68545510285397				7.178132089599859			
CYS	-60	120	33	42	0.7857142857142857	-179.04321648152958				5.133136894832824			
CYS	-60	120	7	42	0.16666666666666666	-63.708204971683735				6.479639922509541			
CYS	-60	150	13	40	0.325	69.74572458540159				13.006475689709934			
CYS	-60	150	7	40	0.175	175.61383709585382				9.041761307418826			
CYS	-60	150	20	40	0.5	-66.8227365805783				10.641454535220273			
CYS	60	30	5	5	1.0	-55.480864703514484				11.864789801300072			
CYS	60	60	7	7	1.0	-67.05871469392363				6.539081863866196			
SER	-180	-180	14	19	0.7368421052631579	71.56817561385336				7.670593857577448			
SER	-180	150	13	23	0.5652173913043478	68.66029835651939				7.918762136221077			
SER	-180	150	9	23	0.391304347826087	173.41093107860718				15.309673211801513			
SER	-150	-180	73	96	0.7604166666666666	66.27748325293864				8.541225642451986			
SER	-150	-180	15	96	0.15625	-170.61972825000734				6.8362077952439195			
SER	-150	-180	8	96	0.08333333333333333	-57.970402185144486				11.115911035628413			
SER	-150	0	5	6	0.8333333333333334	-51.78637167121252				8.166803992656144			
SER	-150	60	5	6	0.8333333333333334	-170.94529331355304				2.9015940753240264			
SER	-150	90	8	17	0.47058823529411764	178.26062005826319				3.8011502225928275			
SER	-150	90	6	17	0.35294117647058826	-71.44968157285341				10.749922654117528			
SER	-150	120	10	55	0.18181818181818182	68.25193575720438				13.659883481451482			
SER	-150	120	39	55	0.7090909090909091	176.34149738598643				9.21164027573231			
SER	-150	120	6	55	0.10909090909090909	-56.70993694143104				8.01289937629857			
SER	-150	150	94	209	0.44976076555023925	67.26983075178998				7.7796517083395935			
SER	-150	150	86	209	0.41148325358851673	177.61868309937543				9.74872334144033			
SER	-150	150	29	209	0.13875598086124402	-56.94640912474363				16.0817041783903			
SER	-120	-180	40	55	0.7272727272727273	65.5973849521551				8.116305911730082			
SER	-120	-180	7	55	0.12727272727272726	178.213840999264				7.784763068225796			
SER	-120	-180	8	55	0.14545454545454545	-52.220984603164084				9.613092473901627			
SER	-120	-60	5	10	0.5	-173.28819782586274				5.168420169124647			
SER	-120	-60	5	10	0.5	-47.340510162327945				12.253071371743747			
SER	-120	-30	14	25	0.56	59.288560100277245				9.044717529438932			
SER	-120	-30	9	25	0.36	-51.02619275808234				9.64066527695503			
SER	-120	0	43	55	0.7818181818181819	60.08401453989356				5.47614259622438			
SER	-120	0	10	55	0.18181818181818182	-63.78472268062927				12.575471891781815			
SER	-120	30	12	22	0.5454545454545454	61.90776124502308				6.899607768549165			
SER	-120	30	8	22	0.36363636363636365	-56.26402432325915				6.918725497089094			
SER	-120	60	7	12	0.5833333333333334	-51.37615397506371				21.825359992573127			
SER	-120	90	14	24	0.5833333333333334	-178.9881939895129				9.012595905091713			
SER	-120	90	7	24	0.2916666666666667	-53.20148240268488				9.747926753558845			
SER	-120	120	11	98	0.11224489795918367	59.001885690112395				13.244110504335106			
SER	-120	120	53	98	0.5408163265306123	177.49063313674202				6.045075949703616			
SER	-120	120	34	98	0.3469387755102041	-62.596382380705656				8.283370315865389			
SER	-120	150	75	190	0.39473684210526316	64.02018107669505				11.837506075511664			
SER	-120	150	56	190	0.29473684210526313	176.19877903239384				8.633729447280794			
SER	-120	150	59	190	0.3105263157894737	-60.68234063243436				9.613874027519488			
SER	-90	-180	51	67	0.7611940298507462	67.77092561321943				6.957613312765503			
SER	-90	-180	5	67	0.07462686567164178	-172.33790070015624				15.013882855266928			
SER	-90	-180	11	67	0.16417910447761194	-56.78913117173036				24.11252118180738			
SER	-90	-60	5	24	0.20833333333333334	57.972717010432426				6.621171838440392			
SER	-90	-60	12	24	0.5	-179.2066800936697				11.992992507918304			
SER	-90	-60	7	24	0.2916666666666667	-58.5161874431407				13.136594132664365			
SER	-90	-30	80	156	0.5128205128205128	64.35267380171489				10.211520816177472			
SER	-90	-30	22	156	0.14102564102564102	177.8705466586635				9.672716750898024			
SER	-90	-30	54	156	0.34615384615384615	-63.787156875071595				8.177638637277788			
SER	-90	0	146	232	0.6293103448275862	66.44807822335333				8.800708353560509			
SER	-90	0	10	232	0.04310344827586207	-172.61243097683163				11.584834571508708			
SER	-90	0	76	232	0.3275862068965517	-60.33708987691829				9.430326244010184			
SER	-90	30	15	28	0.5357142857142857	64.16225957069516				6.755020296499116			
SER	-90	30	13	28	0.4642857142857143	-60.11438470501863				12.913727741571298			
SER	-90	90	5	20	0.25	56.89904208175856				13.438328981147501			
SER	-90	90	7	20	0.35	-178.58100426828463				3.961424211757837			
SER	-90	90	8	20	0.4	-57.32345877668333				16.26769678519442			
SER	-90	120	11	116	0.09482758620689655	58.053534451766225				13.38498530250699			
SER	-90	120	71	116	0.6120689655172413	174.33129280559635				8.704922357219097			
SER	-90	120	34	116	0.29310344827586204	-62.4262132563139				12.19989106412895			
SER	-90	150	103	217	0.47465437788018433	63.94019910147711				9.082767193173327			
SER	-90	150	59	217	0.271889400921659	174.32614776472928				9.205664341652808			
SER	-90	150	55	217	0.2534562211981567	-62.990370307873775				10.003097352049096			
SER	-60	-180	35	40	0.875	66.6032190297131				4.597979801775675			
SER	-60	-60	60	319	0.18808777429467086	59.36663789942699				11.286459211282663			
SER	-60	-60	127	319	0.3981191222570533	179.61731153184923				10.071264137012765			
SER	-60	-60	132	319	0.41379310344827586	-63.71086739545333				10.904285081841449			
SER	-60	-30	485	1014	0.47830374753451677	64.28203606112145				8.462781330071653			
SER	-60	-30	192	1014	0.1893491124260355	178.9733106037418				9.30067852826988			
SER	-60	-30	337	1014	0.3323471400394477	-62.267111663539346				10.001146350396567			
SER	-60	0	72	89	0.8089887640449438	65.35869371355021				8.090245048134816			
SER	-60	0	5	89	0.056179775280898875	-172.30544658806272				18.139286514541283			
SER	-60	0	12	89	0.1348314606741573	-57.9835746708133				8.935290792477497			
SER	-60	120	67	97	0.6907216494845361	174.22234195877607				7.479809199936992			
SER	-60	120	26	97	0.26804123711340205	-63.555954937211666				17.29685599651414			
SER	-60	150	139	313	0.4440894568690096	67.3335612187983				7.158576523332461			
SER	-60	150	105	313	0.3354632587859425	173.81706407369634				8.420460288877935			
SER	-60	150	69	313	0.22044728434504793	-59.95794855773876				12.947630978755162			
SER	-30	-60	6	14	0.42857142857142855	178.4303108659352				12.076956708179974			
SER	-30	-60	5	14	0.35714285714285715	-49.10380455050324				11.257677817547334			
SER	-30	-30	8	21	0.38095238095238093	63.797614940758564				6.8906396878652965			
SER	-30	-30	5	21	0.23809523809523808	165.85321277146338				13.09523326988714			
SER	-30	-30	8	21	0.38095238095238093	-62.669798457924074				12.27934066613481			
SER	-30	150	5	9	0.5555555555555556	169.37276369938056				6.092513176264822			
SER	60	30	36	41	0.8780487804878049	-60.884156274259176				5.59799856462252			
SER	60	60	5	20	0.25	-169.19222273479073				7.999161541016892			
SER	60	60	13	20	0.65	-59.964319202491964				8.811834091231171			
THR	-180	-180	8	8	1.0	-168.3746385763297				3.3513268850078135			
THR	-180	150	11	12	0.9166666666666666	-178.8207813233123				6.174132290195062			
THR	-150	-180	44	95	0.4631578947368421	64.27340695894556				5.803222580579936			
THR	-150	-180	41	95	0.43157894736842106	-172.46952499432885				4.306955712943452			
THR	-150	-180	10	95	0.10526315789473684	-44.824499177690235				18.394257278620824			
THR	-150	0	6	8	0.75	60.89416917648705				10.557954698820858			
THR	-150	60	7	8	0.875	56.19951432983789				5.010135172638878			
THR	-150	90	6	8	0.75	59.38192514671977				3.039670723487904			
THR	-150	120	7	28	0.25	49.83008628644544				9.33072501332999			
THR	-150	120	5	28	0.17857142857142858	173.27193738705026				6.415967614049684			
THR	-150	120	16	28	0.5714285714285714	-57.88631455781899				8.510959026372973			
THR	-150	150	59	158	0.37341772151898733	62.74832220854009				6.834463884903472			
THR	-150	150	73	158	0.4620253164556962	-178.19480034084808				8.562595638310727			
THR	-150	150	26	158	0.16455696202531644	-55.546198935607954				14.952100021293976			
THR	-120	-180	72	78	0.9230769230769231	67.40239796662105				7.047396390873952			
THR	-120	-180	5	78	0.0641025641025641	-42.83460328982812				18.038424690626655			
THR	-120	-60	9	16	0.5625	54.983361342435266				4.64838327806689			
THR	-120	-60	7	16	0.4375	-59.340066748940394				18.611501216170414			
THR	-120	-30	57	73	0.7808219178082192	60.254689999110205				5.297342116759984			
THR	-120	-30	14	73	0.1917808219178082	-45.94350933654552				10.214849349224014			
THR	-120	0	100	108	0.9259259259259259	59.68456858200839				5.874215118440528			
THR	-120	30	40	44	0.9090909090909091	56.74604765489179				4.390294407941629			
THR	-120	60	11	11	1.0	58.31383009443579				4.391347483961918			
THR	-120	90	5	28	0.17857142857142858	64.41307941634437				14.258286831985536			
THR	-120	90	21	28	0.75	-55.979569330143825				5.6439525485472855			
THR	-120	120	17	194	0.08762886597938144	61.938615491001244				8.751401364982556			
THR	-120	120	173	194	0.8917525773195877	-59.31545041048348				5.217656287974599			
THR	-120	150	186	288	0.6458333333333334	62.80227782651355				7.602688523559379			
THR	-120	150	34	288	0.11805555555555555	-176.88723285577188				9.196722502090763			
THR	-120	150	68	288	0.2361111111111111	-55.7055151081049				8.295799114389725			
THR	-90	-180	74	82	0.9024390243902439	63.92089358811751				5.5228573586629635			
THR	-90	-180	7	82	0.08536585365853659	-173.80292086502578				8.751864668867814			
THR	-90	-60	8	22	0.36363636363636365	60.734778221782534				6.971186302932638			
THR	-90	-60	14	22	0.6363636363636364	-57.01645773273303				5.509577532969471			
THR	-90	-30	137	194	0.7061855670103093	61.32383230965325				8.430519394820168			
THR	-90	-30	11	194	0.05670103092783505	-168.94086800405887				14.100610889700636			
THR	-90	-30	46	194	0.23711340206185566	-54.11583100476438				9.34471540628736			
THR	-90	0	162	184	0.8804347826086957	60.36884096680661				6.861719301644204			
THR	-90	0	11	184	0.059782608695652176	179.12877005301897				12.864123181292255			
THR	-90	0	11	184	0.059782608695652176	-40.482288710106786				16.38038893401099			
THR	-90	30	27	30	0.9	59.91475944565708				6.5095564054244655			
THR	-90	60	5	6	0.8333333333333334	55.830913512844795				5.298011852059356			
THR	-90	90	5	18	0.2777777777777778	59.063040939245404				6.205693866663601			
THR	-90	90	10	18	0.5555555555555556	-49.870637363099526				19.87644977960006			
THR	-90	120	22	147	0.14965986394557823	56.4299689736536				10.488776381056136			
THR	-90	120	121	147	0.8231292517006803	-60.39029232218901				6.114731660970611			
THR	-90	150	128	191	0.6701570680628273	64.9667031386655				7.094099244957249			
THR	-90	150	18	191	0.09424083769633508	176.38965705254046				13.345402620439973			
THR	-90	150	45	191	0.2356020942408377	-54.466034085845315				10.083340330236334			
THR	-60	-180	23	28	0.8214285714285714	65.19171024017315				5.8618984760289425			
THR	-60	-60	26	299	0.08695652173913043	60.59836120094364				7.989407359017773			
THR	-60	-60	272	299	0.9096989966555183	-61.266226385277335				6.4963960392592845			
THR	-60	-30	226	672	0.33630952380952384	60.71108366172376				9.291506683287777			
THR	-60	-30	30	672	0.044642857142857144	177.96671327908842				13.845768947392603			
THR	-60	-30	416	672	0.6190476190476191	-58.331451502229456				6.971862852677055			
THR	-60	0	44	55	0.8	60.738628634788455				10.383539500451356			
THR	-60	0	7	55	0.12727272727272726	-50.87728158744065				7.995161688597233			
THR	-60	60	7	8	0.875	62.6472231272125				8.419690077459105			
THR	-60	120	9	85	0.10588235294117647	55.64685779840726				8.410421276596502			
THR	-60	120	73	85	0.8588235294117647	-56.213521839617144				6.715301069092162			
THR	-60	150	93	163	0.5705521472392638	62.3031429456231				7.2106277703561235			
THR	-60	150	25	163	0.15337423312883436	175.143455457975				11.47126618086819			
THR	-60	150	45	163	0.27607361963190186	-56.623566099174084				10.665587562950064			
THR	-30	-60	9	10	0.9	-58.43342520373779				6.0625690183363155			
THR	-30	-30	5	8	0.625	-74.6431398619672				20.903604149119907			
THR	30	-30	6	6	1.0	-64.7106700627935				1.4983661037592217			
THR	60	0	5	5	1.0	71.2635260714497				13.748825741528785			
VAL	-150	-180	14	19	0.7368421052631579	-65.2811057267011				5.006435957471894			
VAL	-150	90	8	11	0.7272727272727273	178.11309370120279				6.456649060143626			
VAL	-150	120	17	93	0.1827956989247312	52.62180992925216				8.81659294196744			
VAL	-150	120	65	93	0.6989247311827957	174.96765012914383				6.608703381779898			
VAL	-150	120	11	93	0.11827956989247312	-45.50235940694635				28.624658279098323			
VAL	-150	150	54	179	0.3016759776536313	63.233116827293436				7.311131539121344			
VAL	-150	150	46	179	0.2569832402234637	172.1630668141065				13.22699565562139			
VAL	-150	150	79	179	0.441340782122905	-64.86820509759407				7.352453014542379			
VAL	-120	-180	60	62	0.967741935483871	-60.63209104475719				6.522659660557916			
VAL	-120	-60	16	19	0.8421052631578947	178.55996860059685				4.09698815653385			
VAL	-120	-30	7	53	0.1320754716981132	73.0124675923088				6.514258684916276			
VAL	-120	-30	23	53	0.4339622641509434	167.99469299931792				12.109634610187626			
VAL	-120	-30	23	53	0.4339622641509434	-60.28921060846139				7.480830384068253			
VAL	-120	0	8	64	0.125	84.24961960037882				16.019195838185013			
VAL	-120	0	5	64	0.078125	179.21288682309404				19.229491000082163			
VAL	-120	0	51	64	0.796875	-62.44653412667108				4.705500489064408			
VAL	-120	30	21	25	0.84	-61.99175101500393				6.319599723736148			
VAL	-120	90	54	57	0.9473684210526315	178.4779916027886				4.466079238758765			
VAL	-120	120	35	588	0.05952380952380952	53.63844042348915				7.23518422066601			
VAL	-120	120	526	588	0.8945578231292517	178.8939963623436				5.192349308112722			
VAL	-120	120	27	588	0.04591836734693878	-62.874389206963514				14.815313351610563			
VAL	-120	150	27	361	0.07479224376731301	59.97128326010334				10.711916737010785			
VAL	-120	150	152	361	0.42105263157894735	178.3421510291388				8.554652993694637			
VAL	-120	150	182	361	0.5041551246537396	-59.28147634199656				7.635532151303307			
VAL	-90	-60	63	69	0.9130434782608695	176.69284460398205				5.877210866676206			
VAL	-90	-60	6	69	0.08695652173913043	-42.95898792010189				31.391207369985924			
VAL	-90	-30	24	195	0.12307692307692308	64.21055436722949				10.477692389951718			
VAL	-90	-30	109	195	0.558974358974359	174.90572184304804				7.891782789956679			
VAL	-90	-30	62	195	0.31794871794871793	-59.46122748185613				7.952827617153129			
VAL	-90	0	8	63	0.12698412698412698	82.56043064329164				10.128886280443236			
VAL	-90	0	5	63	0.07936507936507936	-175.5663577749744				14.089816354789592			
VAL	-90	0	50	63	0.7936507936507936	-57.38635545965279				6.145012011699156			
VAL	-90	30	7	9	0.7777777777777778	-61.170422323307136				3.1282419618764785			
VAL	-90	90	30	33	0.9090909090909091	-179.76005307557702				5.033814056627662			
VAL	-90	120	18	418	0.0430622009569378	52.620079266732105				10.972697551492004			
VAL	-90	120	387	418	0.9258373205741627	178.3824034571416				5.028587633665079			
VAL	-90	120	13	418	0.03110047846889952	-44.853697322100366				26.990922800652793			
VAL	-90	150	20	168	0.11904761904761904	59.29379583926445				10.278333288691625			
VAL	-90	150	101	168	0.6011904761904762	178.1421006090468				7.480802797106029			
VAL	-90	150	47	168	0.27976190476190477	-58.77625591087124				12.162711561882288			
VAL	-60	-180	6	7	0.8571428571428571	-61.96112956416562				3.0692963371847823			
VAL	-60	-60	13	502	0.025896414342629483	55.004091697140765				10.003939354426038			
VAL	-60	-60	476	502	0.9482071713147411	172.38347548579375				5.533803937574044			
VAL	-60	-60	13	502	0.025896414342629483	-53.45343888447397				25.8405790103574			
VAL	-60	-30	114	903	0.12624584717607973	62.530459297233165				9.847370702157708			
VAL	-60	-30	659	903	0.7297895902547066	173.09836354760427				6.228801188254569			
VAL	-60	-30	130	903	0.14396456256921372	-58.05149394304948				12.023023326678448			
VAL	-60	0	15	21	0.7142857142857143	-54.782196709194864				7.443306495264178			
VAL	-60	90	7	9	0.7777777777777778	175.4893063554964				5.8180290696613035			
VAL	-60	120	10	137	0.072992700729927	62.94829245871399				7.397301652147498			
VAL	-60	120	114	137	0.8321167883211679	176.77257207060927				5.081993545196301			
VAL	-60	120	13	137	0.0948905109489051	-65.36259300001754				23.07848470370585			
VAL	-60	150	16	112	0.14285714285714285	69.21182283230786				5.142391656080623			
VAL	-60	150	65	112	0.5803571428571429	175.63923429969924				7.88700478400175			
VAL	-60	150	31	112	0.2767857142857143	-59.540584075260284				9.488504333662435			
VAL	-30	-60	12	14	0.8571428571428571	175.1443258163111				8.374341576315937			
