AA,PHI,PSI,_COUNT,COUNT,PROB,U_CHI1,U_CHI2,U_CHI3,U_CHI4,U_CHI1Sig,U_CHI2Sig,U_CHI3Sig,U_CHI4Sig
ARG,-150,-180,13,40,0.325,69.73470229341633,-175.48864031170186,175.6006396097752,-175.93124279005292,7.265697387007784,13.454226723540394,6.0713239890677535,11.158004083110438
ARG,-150,-180,6,40,0.15,61.10772631945529,-178.59450182836815,-171.7991163361368,-87.15934747831996,3.835227788346536,6.4754294370624,6.573962115365936,2.6142227226191164
ARG,-150,120,5,37,0.13513513513513514,-176.3605320925223,172.00504346510672,171.19354857404974,-175.9814329946974,8.388423595722006,13.017317781035205,7.203385197335379,7.09248070400958
ARG,-150,120,5,37,0.13513513513513514,-173.20594981049857,-172.3784204114294,-55.63760386893653,-89.7858709022611,4.0351480273874545,9.189004670886892,9.045605968161013,8.820191597646739
ARG,-150,150,6,152,0.039473684210526314,62.18226779885014,177.64196807709874,62.01909963571163,87.2167178775419,5.599572717974172,18.723835890339647,10.018954880372371,16.94935708841068
ARG,-150,150,5,152,0.03289473684210526,66.32475804250336,169.1959711581106,67.5547410729215,-174.78232567387946,9.068875304884601,22.12387266864934,12.245028655776585,31.774468843015864
ARG,-150,150,10,152,0.06578947368421052,59.95033621365243,171.00480999895132,178.88765949687865,89.68487200443174,7.658566625487358,10.180394108896852,8.906981936386071,7.019940381027497
ARG,-150,150,7,152,0.046052631578947366,64.4637511181157,176.61777353826247,177.67464614478584,-177.85628484642197,3.9407380452272225,7.770041265191445,5.0811281316287245,8.694257350071123
ARG,-150,150,7,152,0.046052631578947366,61.89938550829164,-177.09972196791674,178.95772685878651,-86.07129672329066,5.836212335215992,13.663225374704792,6.518551218887244,10.791188580307637
ARG,-150,150,8,152,0.05263157894736842,65.8418271158451,-173.43654045386484,-75.29414785875102,-166.91316298003622,7.287464684645871,8.721502910130331,15.315294162566897,17.618848056112856
ARG,-150,150,7,152,0.046052631578947366,-175.64673276416295,174.79548598343047,62.63743512981422,-176.55452107474468,8.439022184369835,5.7831833298148005,12.62665281525038,12.499948615355356
ARG,-150,150,7,152,0.046052631578947366,-176.69540854066875,175.7007351454844,-177.86471542182449,-174.55942511288808,10.776667057379331,16.137926550355978,14.326342043162663,10.398175250655248
ARG,-150,150,5,152,0.03289473684210526,-63.79897667172452,-178.49870556371854,62.131085295365025,170.10636375528745,9.398361768374135,15.077896855575705,18.070393772476873,30.252403303663776
ARG,-150,150,5,152,0.03289473684210526,-66.35677211958773,169.76791076368332,179.13689506359216,78.50617985887114,5.008659803616035,4.841592109172773,15.0431307015799,15.436923071483802
ARG,-150,150,10,152,0.06578947368421052,-63.22780213011351,-174.2864980428875,-174.42967458636963,-173.17807444378485,11.905270803933144,11.99335757696219,9.981260516029886,17.82730721661446
ARG,-150,150,7,152,0.046052631578947366,-73.03880678818757,-178.78816525799894,-62.013463889000036,-176.03131809958887,9.292668828108404,7.642764667118521,7.484187639181006,13.390147333310255
ARG,-150,150,15,152,0.09868421052631579,-67.08303373781933,-71.52678063219307,-176.09166117232436,-84.53397941019576,5.572004264207636,4.357902198028998,4.049075809430408,8.351780031590605
ARG,-150,150,14,152,0.09210526315789473,-36.96631352727886,-38.09999931966017,-17.235709425928285,-25.690240506592463,27.90490980555775,38.29723631756412,24.31540178603827,41.38801314876239
ARG,-120,-180,5,27,0.18518518518518517,-57.82968655295959,167.91769147902855,71.08853191886054,-174.35686724539312,12.453953671150417,19.840042493925534,9.130445492888294,13.542942398545923
ARG,-120,-180,5,27,0.18518518518518517,-1.5834094938191523,-1.4845922272528613,-1.5762192002853928,-1.5800147224466574,11.345436965429764,13.039106922023413,10.804082828404155,11.678436813495079
ARG,-120,-30,5,29,0.1724137931034483,-66.51025595133022,-57.05733985030341,178.70958522247514,-167.76807936913153,4.66153296793727,3.421262194427616,19.437886949636685,32.14246088036936
ARG,-120,0,5,48,0.10416666666666667,-58.037862588102776,-179.71488357836236,63.48231467546261,78.8678981632507,3.068474404933744,3.3825113042579864,6.0460854168036535,2.490352689273857
ARG,-120,0,5,48,0.10416666666666667,-57.20942134523229,-158.22386741034737,63.53553248367141,-160.99012364182184,4.259528857379712,12.561956603596661,3.2545376608805476,22.517605114734135
ARG,-120,0,10,48,0.20833333333333334,-60.45733550455896,176.19253836407,-178.49433482190824,177.87540194912987,3.724582886076454,7.099325869626813,9.246050691919148,7.377188935952341
ARG,-120,0,5,48,0.10416666666666667,-62.67496717906374,-174.7954438952892,-59.14794846107299,-87.82477277166792,6.883895685081264,10.892573229727253,5.5282243441271985,11.132764180432861
ARG,-120,30,5,42,0.11904761904761904,-70.5126954970279,166.21590896294464,45.66729609713572,-147.84629980248593,7.042906165106099,7.169436529733867,14.929727456431573,15.363717892294908
ARG,-120,30,5,42,0.11904761904761904,-54.61724136840733,-161.73350292253974,-75.06504291495781,168.6006830765619,14.37810343205105,10.415540971419375,9.832221245745103,33.114254949176456
ARG,-120,60,7,17,0.4117647058823529,-59.87369459299399,-54.02693452354586,-50.943308297654475,-71.17938975898083,20.58822882997084,19.16882304425818,17.92824029439392,24.563723946314436
ARG,-120,120,9,159,0.05660377358490566,179.1290978486079,171.23286288587508,62.31885190840429,79.9851287945763,6.249471805493728,7.746021218163368,5.314875736443745,10.505950814963185
ARG,-120,120,9,159,0.05660377358490566,-175.89031753605738,164.1927153956751,63.22247345229518,-165.1652271007919,6.940186500242939,12.97820637975707,12.021987370836587,17.624601254731896
ARG,-120,120,5,159,0.031446540880503145,178.3614356308162,178.4277529496695,73.21846499086506,-108.79210285459968,4.685413134839594,7.8209067309768825,7.782840244537433,8.007671756757976
ARG,-120,120,13,159,0.08176100628930817,-179.077037268012,178.5846554602174,-176.39804770154853,166.11284998408945,7.183165792227252,11.286761586243609,11.538087997503816,15.25599435597651
ARG,-120,120,7,159,0.0440251572327044,175.421277292981,175.61690977235983,178.80476980189948,-92.49142387656244,20.62342755288154,9.672984162063926,10.926048955354721,7.9041567534696275
ARG,-120,120,8,159,0.050314465408805034,-179.68139117136738,-179.11941378999066,-81.50238496295052,107.2419029558821,4.382570488747563,7.135082352953599,16.24564493253665,4.848015307241178
ARG,-120,120,8,159,0.050314465408805034,-179.10637918081983,-177.57423168234916,-68.71645359811819,168.89693846311067,6.538255495909607,7.261637958100449,3.7844875102166187,15.928352829040605
ARG,-120,120,11,159,0.06918238993710692,-175.0476876385096,177.69915306020224,-69.7607642085908,-84.06205673184306,9.682340915106819,8.236930942137185,8.494115081276831,6.335905247271215
ARG,-120,120,6,159,0.03773584905660377,-65.12253610818466,175.501689414022,73.1162532472352,89.1703927887623,6.028407818389246,10.039967558514308,15.040714659119386,5.582500859567484
ARG,-120,120,9,159,0.05660377358490566,-69.22765798350143,174.2849528608166,66.48879319065188,-174.40253097388697,6.3745513959756686,12.422090651546807,8.772808048048631,14.367766048702816
ARG,-120,120,14,159,0.0880503144654088,-66.42668236791813,-176.28859656926159,179.70424638752667,177.34239346349426,5.378505036711918,9.980648904951911,7.682450531807998,10.95993803862994
ARG,-120,120,5,159,0.031446540880503145,-65.30958661510024,176.30778136402733,-176.24651990923968,-92.74538375213889,7.081380713963167,11.739851424412935,6.866380192012246,5.039913654034049
ARG,-120,120,7,159,0.0440251572327044,-66.62226159564489,-70.7220418310424,-176.98390618688765,-84.99332179550838,2.6094737637841443,8.747803618418052,3.196842765549117,5.1310978236021585
ARG,-120,120,10,159,0.06289308176100629,-6.736011141677385,-7.016101797373826,-7.072688588107629,-6.912744257746099,19.678607106083813,22.98918288658568,22.81765425492871,26.291546425726935
ARG,-120,150,6,161,0.037267080745341616,-175.9054326324378,179.84707898557065,-70.66477613712581,161.71882461946447,11.292852959410968,9.73384135627639,19.53134066098222,19.005565931620158
ARG,-120,150,5,161,0.031055900621118012,-178.57637291279616,-179.36266467791302,-60.829855428961785,-81.00207035017087,5.9068080193503905,4.5004883197277135,4.01662047210515,4.537392452662373
ARG,-120,150,6,161,0.037267080745341616,-63.90779813643711,-179.8860621077039,62.39055872466128,77.24381594066756,9.38643177762353,7.358766478856676,8.773225231821444,7.682305685422556
ARG,-120,150,11,161,0.06832298136645963,-64.98440658704821,179.9984607111022,177.05603472625725,88.86742795506181,6.697161405652211,12.29982309556122,10.228673165190678,6.5193596685667865
ARG,-120,150,15,161,0.09316770186335403,-64.0633956734034,-175.3995359243496,178.40905066004302,177.56764345631484,9.685681225717742,11.332485186427272,9.457352281334648,11.50052146617691
ARG,-120,150,14,161,0.08695652173913043,-66.16394843564099,171.52100731980326,-178.18984477353195,-93.81849118089372,8.77536466611776,15.510171544097588,7.860242237684937,11.041197559780123
ARG,-120,150,16,161,0.09937888198757763,-63.00230902938441,-162.8853809301827,-62.350478830375266,162.39965937577324,8.889948473710412,15.340149453255092,12.203935924679836,14.920895368067859
ARG,-120,150,5,161,0.031055900621118012,-50.79186899433165,-68.02212699573215,176.10889951092315,82.23314261462929,9.543814097934712,4.893221464479227,4.06854172478114,7.560892983117022
ARG,-120,150,7,161,0.043478260869565216,-49.14021264509662,-74.44645761621639,-176.39944212971284,-177.5144386179372,9.207854297058766,13.577877737875996,10.494850832557363,11.867601747538172
ARG,-120,150,11,161,0.06832298136645963,-62.69187910941066,-69.35445779729724,177.53929689469751,-86.75839371775852,5.755078819019016,5.518119938092658,2.7668611180507736,5.8845194702873345
ARG,-120,150,9,161,0.055900621118012424,-2.3347477786461215,-2.3700559805336487,-2.4793486292924256,-2.622752720245563,11.237164477710099,12.911251539231962,16.62278973878332,16.668862314786484
ARG,-90,-180,5,30,0.16666666666666666,-62.87755359230082,171.31677350911784,74.37838324455726,178.94928849905475,9.286118335904638,13.852336484972016,8.88519403627833,13.458504622915616
ARG,-90,-180,7,30,0.23333333333333334,-0.36647317654039935,0.0,0.0,0.0,5.493311557482906,0.0,0.0,0.0
ARG,-90,-30,6,161,0.037267080745341616,-179.5926091317245,178.0823343055467,175.68356768761694,-173.278701320648,9.015630389669724,3.2084957644762166,8.014036084268563,5.661671077635959
ARG,-90,-30,5,161,0.031055900621118012,-159.4579593848398,-175.80141656208255,-87.22537494152898,98.75940988576397,22.75541982459907,4.914728170347024,11.622559425444102,18.531297052721992
ARG,-90,-30,10,161,0.062111801242236024,-74.53579761132343,169.27428787788165,76.35178087591002,-171.93441040830092,8.778098133589815,12.87630878282668,10.43537312779259,17.172705249123652
ARG,-90,-30,6,161,0.037267080745341616,-65.47596668749794,-179.45595829709114,66.7885523098808,-113.84398593013893,4.981321129118522,8.720156814080136,8.891508081322469,2.558171196637396
ARG,-90,-30,10,161,0.062111801242236024,-62.83834320927145,-171.83371724116205,175.08463163564275,83.08163877252353,4.7857483797374645,6.018341797844656,15.614883282372626,14.493182372227214
ARG,-90,-30,16,161,0.09937888198757763,-68.82490897606405,-177.09348302852223,179.19197843521533,-177.26696848925874,7.834487502815677,7.633012926208507,7.909999990016116,11.671022728291836
ARG,-90,-30,6,161,0.037267080745341616,-62.16127460976638,-169.57278754275168,-168.03694540727298,-84.72692911781006,7.202254603037187,9.201931567075311,18.303066993708153,9.770207830286306
ARG,-90,-30,13,161,0.08074534161490683,-63.863470577022404,-177.16930216088792,-62.18214996579833,175.76556372223007,5.2444895908733375,12.707777443818665,11.573786023767484,11.747559325322861
ARG,-90,-30,5,161,0.031055900621118012,-65.91815021619342,-60.004846890911324,171.9310908717692,85.34737702509,1.1441060810143788,5.393367647025993,8.993393727685271,3.4971004660411316
ARG,-90,-30,6,161,0.037267080745341616,-56.852222504242135,-55.256198937825395,-55.71614229968394,166.54064758329758,3.9414776744260993,13.320187073583902,9.591856474053365,3.1479141165865316
ARG,-90,-30,13,161,0.08074534161490683,-0.008427239234344288,-0.008539276161063272,-0.008500722249105745,-0.007748697650749998,0.7569075313102515,0.8702443788295938,0.7832240514382663,1.0085261698806984
ARG,-90,0,16,137,0.11678832116788321,-67.19779486671365,179.8175610098248,70.94789700149343,-175.58769814834946,9.628424881951261,11.545333795111885,11.35404159107324,20.220049435868304
ARG,-90,0,11,137,0.08029197080291971,-69.51259197238635,174.78515928437062,178.050221684315,76.39390980750633,3.606984521380589,11.619085478954027,12.124409732794678,11.50507884780361
ARG,-90,0,21,137,0.15328467153284672,-66.04919426722715,176.55330121423773,-176.55854778088042,174.68443097164658,5.367954103743406,9.260340514710514,8.720394957597662,11.043399150820123
ARG,-90,0,6,137,0.043795620437956206,-71.28624926247399,174.42786821376146,-179.80771826118698,-79.55678614882665,8.855168576979775,3.196685631457923,15.935630713721148,14.826703680822062
ARG,-90,0,7,137,0.051094890510948905,-64.38864367389219,-178.17776202877207,-74.58159840279849,94.96936726764329,7.767499187995489,6.917861611840046,5.057376044067383,4.459503421704
ARG,-90,0,7,137,0.051094890510948905,-56.44474864915611,166.03448572692912,-55.3976875765044,-178.31443348688535,8.302937430163226,10.321731871876203,14.341510231409066,21.234703737751925
ARG,-90,0,7,137,0.051094890510948905,-64.17979015030487,-174.75114317505577,-68.20478191417905,-88.43241815901224,7.624507741422833,13.258952639150246,12.108987123855716,11.68680295539036
ARG,-90,0,6,137,0.043795620437956206,-59.186789372318195,-59.26547865485697,175.97188690598043,87.19867073262785,9.262993961223746,4.723814575804941,6.867681913540207,7.999910731972219
ARG,-90,0,9,137,0.06569343065693431,-61.08078404801374,-69.20604919887822,-177.93403132586343,-179.4409863159944,5.9195669947819995,8.667321852946928,11.191936407279211,7.565735936290708
ARG,-90,0,7,137,0.051094890510948905,-55.72097312836504,-68.69270788049145,-66.52026698005157,172.3729364607853,15.491782514251607,12.625648102099207,11.94344858518641,9.345314452531507
ARG,-90,0,7,137,0.051094890510948905,-35.26803491017321,-47.83065598678164,-29.917791424788735,-59.9053527352843,27.930255007784798,36.44948056127752,23.657081405726483,41.35211811776829
ARG,-90,30,6,22,0.2727272727272727,-69.31586937693223,171.44296214620164,-178.33814289666665,172.93065182410288,5.822524236518535,10.412594474516691,16.031896212779024,14.862430377583523
ARG,-90,120,5,149,0.03355704697986577,174.8820483460849,77.01084742380588,70.05189161350377,176.24111820689896,6.304970386000994,7.46170923657027,10.504716219039397,14.258544725064374
ARG,-90,120,5,149,0.03355704697986577,178.1294956042216,71.40713594655533,165.28402694684556,86.89796901365388,6.297856035922593,8.990759339771206,8.284677343115572,13.492136914988842
ARG,-90,120,7,149,0.04697986577181208,-176.83124524272066,-177.25600794245912,71.37059791402848,82.22967936548942,8.558776946036915,6.4768292699292935,6.981971329496319,12.345907472791401
ARG,-90,120,5,149,0.03355704697986577,-174.23251384096073,154.1529168434032,66.42203380416942,-167.15065589996553,7.526661614205851,12.981803360837347,7.352199529613791,12.3523087110686
ARG,-90,120,5,149,0.03355704697986577,-170.44044815498452,155.2516403337399,164.15858472609074,77.66565934623769,10.243701651414339,9.432744185076592,18.575991207821616,15.282333517526094
ARG,-90,120,14,149,0.09395973154362416,-178.97946961119445,179.14791411390618,-179.30739039433573,-176.57915384859206,6.350986860546834,10.90346708571218,7.987018418219196,12.571295712088686
ARG,-90,120,9,149,0.06040268456375839,-179.9547899972988,173.852419060237,-175.45099822141958,-86.95979078535196,10.017672047431125,13.774874286357889,10.715460088707708,7.202684111126303
ARG,-90,120,10,149,0.06711409395973154,178.45361670425152,175.8132475073096,-58.556253560028686,172.03381215008906,8.259992887365755,14.879926581855397,9.73020540905188,15.476100826863682
ARG,-90,120,7,149,0.04697986577181208,-55.071107090847285,-179.54342559125425,-175.87267664275245,87.89656006287782,9.938110728742522,9.338724009948189,12.027496530483308,5.94535542321774
ARG,-90,120,12,149,0.08053691275167785,-68.74465713904534,-173.81856132476977,169.2151704911185,179.60069335903597,5.151903340792446,11.430331320651558,7.344867804857402,12.304169644416358
ARG,-90,120,8,149,0.053691275167785234,-68.1999702129455,-173.44802210964704,-177.6477307143375,-99.50933284507117,9.262284995248422,15.269811759069263,10.474773827042705,10.313012856874122
ARG,-90,120,10,149,0.06711409395973154,-68.15166613382492,179.42108286390126,-66.77458977791748,173.92735554642618,6.077763239506248,8.811076147034372,8.00658952564609,9.149720568360719
ARG,-90,120,7,149,0.04697986577181208,-61.33156056346067,-171.70717130279087,-72.22961345142376,-93.17408615675981,6.388456632747567,6.726589508835552,13.156172499449461,13.218853625055477
ARG,-90,120,7,149,0.04697986577181208,-0.3631483156398219,-0.3625223883038412,-0.3664823291423914,-0.34676197856646424,5.0959402615385985,5.851263610777961,5.469903281374432,6.263400775203369
ARG,-90,150,6,126,0.047619047619047616,-57.627234713608324,172.032355079982,67.72482226932004,79.38496531924753,11.094858446062126,11.108969591878418,7.761115624396925,15.490313604441344
ARG,-90,150,5,126,0.03968253968253968,-71.40889436219065,-179.3353498798366,63.60157190690656,-175.51621874785087,10.238269617396003,15.798015442947245,11.82937206304463,2.643880467799041
ARG,-90,150,10,126,0.07936507936507936,-61.07834326223837,-172.38921324297937,175.228391511823,85.57402616447105,8.362985157509499,9.596618115524892,8.797629893738222,12.555042948617494
ARG,-90,150,14,126,0.1111111111111111,-63.79853712162995,-179.0973314073699,-179.25431527472563,171.15860018455737,4.5154484120589835,10.698013620419655,6.9596080301263585,11.193531364452662
ARG,-90,150,5,126,0.03968253968253968,-62.91269507892457,176.5761233949889,-177.98944382173926,-81.75356872127156,9.284434828030454,4.526710805607701,10.03428619407716,12.286396418955999
ARG,-90,150,23,126,0.18253968253968253,-68.9111962425335,-177.34816073561498,-66.16912080027132,-174.57085061326543,6.383794460761799,14.311378714699142,9.835228543763026,12.653585043590923
ARG,-90,150,8,126,0.06349206349206349,-59.92623592724025,-67.70671062370535,178.8882933604212,-178.7112427412581,4.387992371865778,6.863833229522856,7.462400861397066,6.413075699915014
ARG,-90,150,6,126,0.047619047619047616,-25.023296450506766,-31.135070133655788,-9.96344891543641,-10.221667388666534,25.19059908713191,33.293887636193816,25.587727380528445,29.081646752686616
ARG,-60,-60,8,442,0.01809954751131222,169.44823360374372,85.98733244644936,76.92226905707156,165.20448446015527,14.332307106007782,16.267162137299263,14.130287772774565,23.740580005002702
ARG,-60,-60,12,442,0.027149321266968326,-178.93340051280614,61.145142701966854,175.19568784184492,172.40992215714155,5.4393100038145725,7.99867584135652,8.538060356180914,7.756960261165931
ARG,-60,-60,40,442,0.09049773755656108,-179.36953648785098,177.43058482882648,66.23450571271837,78.47087356602611,10.41216564251083,15.440998062652858,14.643214646279988,11.634220959891422
ARG,-60,-60,31,442,0.07013574660633484,-179.44112549355543,-178.54555084045452,68.10389573653165,-163.5713630824108,9.347030708038771,15.638991224935973,8.818013201491356,16.52349105266615
ARG,-60,-60,16,442,0.03619909502262444,-174.9866579526266,-179.28111612915228,65.77107535766045,-104.29477283920237,8.928455490747405,11.88566851077886,13.566434420189642,11.697961732586615
ARG,-60,-60,25,442,0.05656108597285068,-176.4831275629421,178.16787807891723,170.5659366211511,80.65576474430466,8.874169958926165,11.738260337241837,8.653161187576412,15.158507373615494
ARG,-60,-60,30,442,0.06787330316742081,-177.35116337333017,178.4659268254144,-177.21990981416917,-179.93948534149447,9.19481142478504,10.17401114608567,13.33710344800879,13.321135035104913
ARG,-60,-60,24,442,0.05429864253393665,-175.4197217995704,174.149170404395,179.20924597131474,-85.34703960329674,6.017203384028165,7.499068767070045,9.32309584596081,9.494373124119432
ARG,-60,-60,24,442,0.05429864253393665,-174.5195655704247,175.35124245131283,-65.2093894741258,105.83993602558395,8.312825625339189,9.607831225779956,10.352237938242379,7.355770416418765
ARG,-60,-60,21,442,0.04751131221719457,-175.22930985865125,-179.9940023109355,-58.70432204340399,163.91806644707594,13.655956444412087,13.909715490395977,10.547351752294752,14.39458957975439
ARG,-60,-60,16,442,0.03619909502262444,-173.69902299044304,-177.23396343369225,-60.35689017994218,-72.2650073197831,13.008448145094288,9.386303697189929,12.659019898236695,8.225964881103984
ARG,-60,-60,6,442,0.013574660633484163,-170.41178348548445,-86.90485603325588,163.56750816890957,-171.64602512388038,17.613907408459,17.314708357069343,15.250489953869941,14.2139717266455
ARG,-60,-60,9,442,0.020361990950226245,-64.76149528944906,172.5794507301202,65.78248532876079,89.2687189582581,11.197419979060117,9.142576424825398,11.060135694631501,11.694309596901503
ARG,-60,-60,13,442,0.029411764705882353,-80.85290448858915,178.8370785383447,66.24955670134847,-165.57558501846142,10.499934006758677,11.374061256652793,10.19601996298663,13.811973079296106
ARG,-60,-60,15,442,0.033936651583710405,-70.53992857479692,-159.80877387448993,-174.62883457866945,87.05342270440603,7.846493761954271,8.676361491750884,8.447811996714378,10.22957996436624
ARG,-60,-60,33,442,0.0746606334841629,-73.17613125617001,176.68314264547496,-176.39084227507854,179.2222956735379,8.097071670063936,10.601962728009326,8.592384969040552,10.782362117918376
ARG,-60,-60,10,442,0.02262443438914027,-77.24865947842201,176.80986323032062,-179.44838650016658,-82.32238297088121,5.444733862040767,17.00842471414272,22.804626585160243,16.774773158640254
ARG,-60,-60,10,442,0.02262443438914027,-70.90025787381487,-175.67131609336764,-77.78767298168381,-179.25947568316477,11.593969281499053,10.867110649533492,16.09445369891712,18.50432915893364
ARG,-60,-60,18,442,0.04072398190045249,-70.5958644769301,-165.33599472613315,-62.72316174571691,-86.58370492076527,7.42510613369923,5.116160642296093,8.13531201075817,10.463876887210994
ARG,-60,-60,5,442,0.011312217194570135,-109.39954047018838,-101.30013682137287,74.99131712951275,-177.30199518274333,8.237378472779648,11.857436666228354,15.153054656040007,16.298715007062594
ARG,-60,-60,6,442,0.013574660633484163,-59.13627894816157,-58.505060460327236,-168.0864702853818,-172.05756553717464,11.489373720089677,2.2857511649486915,9.454917267302612,7.314230206884543
ARG,-60,-60,32,442,0.07239819004524888,-0.04399347552816897,-0.05284250285574013,-0.06723334767284618,-0.05154634385420078,2.0425440768009695,2.1050814175830697,1.824775017119136,2.2823514234259243
ARG,-60,-30,6,1173,0.005115089514066497,72.14343528296935,174.88727327831683,65.73581315613608,87.41782350534761,21.776341625130357,10.403584235257716,9.208665022245839,10.738337377882232
ARG,-60,-30,6,1173,0.005115089514066497,71.89687360153991,175.3930820962614,65.70040414494262,-178.01799003476273,8.817760181558633,17.084920252033005,6.3606899369663275,6.453476371332268
ARG,-60,-30,15,1173,0.01278772378516624,65.76673672881158,-179.57086414670704,177.83084903222846,83.96214566848566,7.58994788204548,8.862874230119333,13.036322318650178,4.69807852056866
ARG,-60,-30,13,1173,0.011082693947144074,71.38771537882941,-173.91068030553592,177.65269527302513,-178.1194615973714,8.50782739033793,6.4674001479615635,6.922100691017053,17.672537723364304
ARG,-60,-30,11,1173,0.00937766410912191,62.130115120605616,-170.4180745701634,-177.42066854286662,-82.1370404596812,7.682679890672566,8.828837863091604,9.239712886155713,6.801441021203163
ARG,-60,-30,9,1173,0.0076726342710997444,62.03355182735132,-177.83334184789643,-66.52691607986621,157.09816216339013,12.249293079921069,11.265032663910315,4.664305664271135,19.43678720732312
ARG,-60,-30,8,1173,0.0068201193520886615,-170.69756537978665,58.490454318712366,57.16262045228078,83.65929271209866,10.390256085923514,12.28534506718097,8.604680696365568,8.957120395681608
ARG,-60,-30,11,1173,0.00937766410912191,174.76504701071082,51.57985558168223,59.72049042226261,-169.3384574641325,11.179793639623385,13.380397250002895,11.183033351250602,15.648415023702471
ARG,-60,-30,19,1173,0.01619778346121057,-178.429086887106,64.80371234841996,177.96563520580776,88.5230307023725,8.111415813560788,6.896566805468668,9.711867063584704,11.47978199540977
ARG,-60,-30,34,1173,0.028985507246376812,177.2123953025026,63.567985977203314,178.6088067933365,168.90294239663461,6.156037913187414,7.9397780389687105,9.365848677794984,13.220444092581698
ARG,-60,-30,20,1173,0.017050298380221655,-178.6393319589309,65.60738495689809,-171.4835458485535,-86.48016871424066,13.575254558089064,8.937336037541346,19.48129063538062,11.386183292680153
ARG,-60,-30,50,1173,0.042625745950554135,-176.98658677068238,-179.31810681956446,66.63590509562448,80.55568246650164,7.7239626488751005,10.211205341867238,11.062759829247094,7.295543284185657
ARG,-60,-30,49,1173,0.041773231031543054,-170.77334843877094,174.21159987286921,67.75353399109233,-166.07545499246982,12.952053306571099,15.654774593512842,11.66415437633605,19.665335403847266
ARG,-60,-30,17,1173,0.014492753623188406,-172.7333127277503,166.53707497484663,57.15962912943803,-110.37651317283596,13.021469093566285,10.786147592778821,13.463365503861,5.87958298112349
ARG,-60,-30,26,1173,0.02216538789428815,-178.67506415919527,-177.85068731385292,172.48650940361776,79.05720304677732,9.158486747178623,11.939504638705401,10.705712041824237,11.267004297651075
ARG,-60,-30,46,1173,0.0392156862745098,-176.61623445365055,174.24352400384996,178.90594014028085,178.2990501745261,9.161352271618131,9.10219134991738,9.453573969954833,13.398690105271587
ARG,-60,-30,39,1173,0.03324808184143223,-178.06411794242294,175.95728872580773,-177.9602575582237,-85.29352087761933,10.58820249180762,10.491944502289504,7.866993913403952,9.236145776051869
ARG,-60,-30,17,1173,0.014492753623188406,-172.0092080798179,177.60201313128852,-65.52801254288349,108.03799065412012,9.217619136819016,6.305212018151148,13.714814507229077,4.497873715742536
ARG,-60,-30,42,1173,0.03580562659846547,-170.63628696346322,-177.85801303234058,-60.43375554139289,171.33523112219837,13.494952501568374,13.61744272313908,9.039846465258513,18.589650138009667
ARG,-60,-30,36,1173,0.030690537084398978,-174.47110002222558,-178.44601477505748,-66.42781543767381,-85.4182861014296,10.036253619017996,8.383307852406725,8.005157966590424,9.605798014906437
ARG,-60,-30,7,1173,0.005967604433077579,-134.3228703816943,-72.31984507796696,-166.38617542761222,167.21968828772637,4.656241445061514,20.52693696698147,20.631390610107488,11.26168805119391
ARG,-60,-30,33,1173,0.028132992327365727,-68.72237897276057,177.57022237461027,65.84423177511842,85.85422973695931,7.000123482684114,9.638063574391726,11.21048749393386,8.532940937010713
ARG,-60,-30,71,1173,0.060528559249786874,-69.95508863656185,177.44048381197675,65.86100478973317,-167.91688667731586,6.785482723991418,14.055262670153946,8.27952100658377,17.563737897770906
ARG,-60,-30,11,1173,0.00937766410912191,-68.91721777586088,176.22274474443904,64.56278174980183,-107.08765930803804,4.197870697948775,5.3165194922968215,10.51700230685908,6.435347679125944
ARG,-60,-30,56,1173,0.04774083546462063,-68.63403133377987,-170.49024952337055,-177.9146291294999,93.04585352351151,6.503026291319454,11.718118128497133,10.29386959347255,11.457424351256517
ARG,-60,-30,120,1173,0.10230179028132992,-70.66859659320019,179.04282515268744,-176.69210579590643,176.62505250701724,7.21541250253388,9.077972070904556,10.796809146375383,17.61864946309416
ARG,-60,-30,68,1173,0.057971014492753624,-69.46256578414909,179.1285234980334,-177.2134326514977,-84.45060813155536,6.11048021128964,7.84510694914875,10.598260047937197,9.034926244702987
ARG,-60,-30,21,1173,0.017902813299232736,-71.14944421720006,-171.47406486469646,-77.45725411817655,107.2467250349069,7.4557365191002845,4.954042393599169,9.41104857373698,7.257530877272042
ARG,-60,-30,53,1173,0.045183290707587385,-72.50084084115873,177.70960475911912,-66.77507312208037,173.90918266987194,7.4777848608469055,12.430658467672584,10.38903613085897,15.149859386807112
ARG,-60,-30,72,1173,0.061381074168797956,-72.99512385030883,-167.79594987436386,-63.839688908728974,-85.41109184092863,8.303641505153108,4.606596664072093,8.71060189320511,8.459619245916675
ARG,-60,-30,9,1173,0.0076726342710997444,-58.06446084351476,-69.13160449733067,78.56044993090131,71.97690845666969,1.3394729904883063,5.44404030807006,5.9767765418208585,3.869641017131431
ARG,-60,-30,6,1173,0.005115089514066497,-66.52522330907995,-56.050415706812075,86.47514976104254,-161.00556852969865,7.730197007647454,11.893454523878777,10.323014331555298,15.986335313008745
ARG,-60,-30,6,1173,0.005115089514066497,-66.9667870135987,-74.29832315047021,-168.71883848191632,80.80781016018022,9.520470937997244,19.82479340417869,19.30391009511903,10.625565483914873
ARG,-60,-30,32,1173,0.027280477408354646,-65.74496234017306,-66.73116088928201,-178.54152445337522,-168.98730982010247,6.883121745600768,11.797472822697616,11.649518194825978,13.35696505280258
ARG,-60,-30,24,1173,0.020460358056265986,-64.15239255428672,-66.2991866547223,-69.9996180693023,173.1475962237628,5.675151835133899,10.77894801948668,9.120142119941596,17.203805365293636
ARG,-60,-30,57,1173,0.04859335038363171,-8.243360140207113,-9.774439522444329,-9.205754400491132,-10.25336794248015,21.50619447392076,23.26191417193676,22.23416615408399,30.125430028440842
ARG,-60,0,6,57,0.10526315789473684,-68.52573804089346,-175.00142225944873,179.01099216616424,-177.8819521693373,6.3809566985843205,9.826542535998213,7.44178637854964,14.935074482232075
ARG,-60,0,6,57,0.10526315789473684,-67.47872359789372,-166.30470280730526,-69.11744218988161,-93.09742923877397,9.13959380305163,7.335706125668832,6.140039070794454,6.503720569794466
ARG,-60,120,6,90,0.06666666666666667,-176.36255407723357,170.05003229703775,68.76438997044231,92.96452880381631,7.772535917673699,5.911888303765718,21.27105349430711,9.306311327975317
ARG,-60,120,13,90,0.14444444444444443,-175.5964445397091,174.13893540052686,177.60789609793378,-178.18753616539277,4.444091711659563,7.0813616875105065,5.4627974908649755,7.703149837463837
ARG,-60,120,7,90,0.07777777777777778,179.27715315651204,177.20454390278672,179.52966362519138,-85.50142937931263,3.530965938265392,4.372045619102813,14.859314935247248,12.271497239477592
ARG,-60,120,7,90,0.07777777777777778,-174.80042383134398,166.73734010031507,-63.34099323381192,153.84901394142491,11.59801280388683,20.502934986130878,12.788274359283236,22.330704662114883
ARG,-60,120,6,90,0.06666666666666667,-68.02790110753365,164.2867473824307,178.51613994199002,81.73638707204178,9.59548128340993,9.084124921448629,9.850938772525664,3.149581943856742
ARG,-60,120,5,90,0.05555555555555555,-69.30172105172325,-174.0350090585536,-170.74481342147604,176.24180679924038,12.77117475058195,7.42889733546202,6.405268744624482,3.9419874783947164
ARG,-60,120,5,90,0.05555555555555555,-17.747481447940796,-14.544433081939975,-13.168717116795136,-18.93441009590018,30.95750513409329,23.532271923993004,21.41063659004616,34.07911646806107
ARG,-60,150,10,135,0.07407407407407407,179.17245432375836,175.30220066526914,179.94723111926842,-179.73112832733193,4.151587986742952,5.170886948175228,10.216280546640668,4.491276085255874
ARG,-60,150,6,135,0.044444444444444446,-169.2264374226967,178.99485478750873,-170.74839943764064,-88.71652946007002,9.424245214796533,10.133280469844484,9.463905539903317,11.708283526954174
ARG,-60,150,5,135,0.037037037037037035,-168.65230629761956,-178.02877474314627,-64.98258292916884,-88.06020327614858,18.433388895774858,10.828691030662354,12.576140900117784,3.0169432869395
ARG,-60,150,10,135,0.07407407407407407,-66.02076601881973,-177.03242107732456,63.73927868600729,-164.4744158827457,9.64531960936375,11.257569626512225,9.450196176762136,24.22472443443385
ARG,-60,150,14,135,0.1037037037037037,-66.77465589267216,178.05901348156223,171.88321776443857,-167.33864483874302,5.163657487926104,11.210742582678188,11.817410442192184,17.61259289100009
ARG,-60,150,5,135,0.037037037037037035,-68.28938277584437,-179.50277327279903,-175.56826121712268,-86.3655436949848,4.057845948370581,9.05103526244763,10.327084518947004,22.31968235009997
ARG,-60,150,19,135,0.14074074074074075,-65.90413003550572,177.95684109291892,-63.10884077870187,174.80825482789666,5.697457376066083,9.31994435199221,9.400285389311138,10.502859928980076
ARG,-60,150,5,135,0.037037037037037035,-65.83851151476179,179.62106219840607,-81.12867726584196,-95.12174534364863,11.108864089697278,11.577725685723303,15.41173190692362,13.396429094282354
ARG,-60,150,8,135,0.05925925925925926,0.0,0.0,0.0,0.0,0.0,0.0,0.0,0.0
ARG,0,0,854,855,0.9988304093567252,0.0,0.0,0.0,0.0,0.0,0.0,0.0,0.0
LYS,-150,-180,7,23,0.30434782608695654,62.189825288793536,177.07305566511266,179.0442756021873,175.33294686540472,5.841494188058455,2.357657797101864,7.163693946810666,3.7271809780438527
LYS,-150,120,6,48,0.125,-177.1562855754717,177.60866306764106,-178.3561168016092,55.56104474405765,5.15253965497328,7.970633900937456,6.324086011347493,13.85074121632226
LYS,-150,120,10,48,0.20833333333333334,-176.9474491224002,174.40050048195877,174.35461562091615,-179.5941087381067,5.632136053703205,9.570069957037514,10.68966998834782,8.425725415779887
LYS,-150,120,5,48,0.10416666666666667,0.0,0.0,0.0,0.0,0.0,0.0,0.0,0.0
LYS,-150,150,16,98,0.16326530612244897,64.32167535542375,178.55878899416982,-176.35813730479416,173.3593382543803,5.835763108785055,9.909986718449002,6.964969254598077,10.270742753191326
LYS,-150,150,5,98,0.05102040816326531,65.10295725256663,-173.7743301874094,-168.72385070692005,-59.82388018791832,6.355580502095586,12.647678407031082,7.142921706335144,5.584922941570009
LYS,-150,150,5,98,0.05102040816326531,57.196593496157156,-173.8585307665813,-74.61273725803876,178.92707492915207,6.509750771015704,6.545906221624596,15.714090323421548,14.48776809304033
LYS,-150,150,6,98,0.061224489795918366,-172.92704699482817,169.8561847057837,-173.89670502161854,66.98814393826656,5.748031214310919,5.5546746294225136,9.615738539410152,12.453297982735895
LYS,-150,150,7,98,0.07142857142857142,-175.904376959108,-179.02125827358847,174.3724311628378,-179.75694148586987,8.964345859072079,11.787012974233773,12.005719079386974,13.127124482295207
LYS,-150,150,9,98,0.09183673469387756,-66.78117846369295,177.2843508676519,-178.66171299289286,177.2906157308477,16.57860414561987,9.452519318024503,3.7752668204782407,8.372017457679668
LYS,-150,150,5,98,0.05102040816326531,-66.68424907117446,-71.86022597707934,178.86840063088056,177.03075675866063,3.5126105772542746,8.890838117393237,7.087738721613478,5.417490947304924
LYS,-150,150,8,98,0.08163265306122448,0.0,0.0,0.0,0.0,0.0,0.0,0.0,0.0
LYS,-120,-180,13,40,0.325,-63.02405948645967,-179.06963472718704,177.53344690321597,-179.59069783157858,4.689262201250498,9.256203391031438,6.1784495188849435,6.389088620106719
LYS,-120,-180,5,40,0.125,-1.376458518245865,0.0,0.0,0.0,13.695951601475805,0.0,0.0,0.0
LYS,-120,-30,5,49,0.10204081632653061,-65.8495741330568,-178.2345325845679,171.254131400033,69.81196182663469,7.363684161232152,7.486724872708422,8.540412274918005,11.078102625833138
LYS,-120,-30,5,49,0.10204081632653061,-61.18102864454441,-177.21914655756376,176.4576388273707,-170.35062335115285,10.452310748864093,4.451584899358848,7.004905331133542,5.1881041482966355
LYS,-120,-30,7,49,0.14285714285714285,0.0,0.0,0.0,0.0,0.0,0.0,0.0,0.0
LYS,-120,0,10,37,0.2702702702702703,-67.46270408283766,-178.10787037448048,176.5400710294187,178.47050850408206,9.17771497732235,8.709685689564473,7.753704779956388,6.617708312275452
LYS,-120,30,8,35,0.22857142857142856,-63.578967951070375,177.07837795954805,179.641489164388,-177.0834785982039,8.98419403052108,6.789279268348797,4.499755168017809,5.1641716900533
LYS,-120,30,6,35,0.17142857142857143,-72.44629405012603,-80.54528710121667,175.46453928746007,75.66376508236498,3.2909700894284337,11.01721653148516,21.20031187959159,12.469329525049538
LYS,-120,30,7,35,0.2,-0.36648042244997,-0.36574011480343205,-0.25315000194392095,-0.3389266419721346,5.464338028636562,5.641878121141435,7.053512477525788,6.386361574397064
LYS,-120,90,7,29,0.2413793103448276,-60.992688243426045,179.49047381792553,-177.87903703886477,-171.66013611742397,4.8392072449791215,5.179748002449414,3.4076422271904585,4.968230926390403
LYS,-120,120,6,130,0.046153846153846156,-179.347764968819,77.74941887487537,172.48730466484065,-178.169387992976,9.066409597264101,3.6219126870804104,4.155899711049703,6.703667822715861
LYS,-120,120,10,130,0.07692307692307693,178.9875024725868,171.3722983469355,81.97376140352958,170.1936503306994,7.017301967577824,8.495988299114313,11.281660372135214,6.237142697030039
LYS,-120,120,5,130,0.038461538461538464,-179.56568443832597,-177.52201422267706,167.328898124858,55.89364002477776,5.309516185061959,9.539264136652985,9.241871495037612,8.366345171230456
LYS,-120,120,28,130,0.2153846153846154,-175.61183428832504,175.54431458439566,179.19768093031104,-178.9988214018616,9.337059634752396,8.264142605512506,8.47085117299147,8.604429856083367
LYS,-120,120,6,130,0.046153846153846156,-174.23880875676468,166.66808548224753,-177.12889341216777,-68.65208981631214,6.850029714215836,9.780635294473152,8.736081561664339,4.827423136295634
LYS,-120,120,5,130,0.038461538461538464,-169.3154920202095,-170.27623433888823,-57.07165622584135,-179.25404708777214,5.111170315210975,11.42976091411985,5.027582936601906,2.198658523497944
LYS,-120,120,20,130,0.15384615384615385,-63.600493878299275,-177.58441625471863,177.73633315242458,-178.89169711570494,7.639061963538862,8.741754614254756,8.667711661344699,9.969336609849003
LYS,-120,120,6,130,0.046153846153846156,-55.372778140852525,-58.32714482541095,179.76534841662405,-174.48567478655946,5.2326855138065955,8.251934195815013,7.192546113775526,12.61191738723014
LYS,-120,120,13,130,0.1,-0.00849717005871571,-0.008528645679104293,-0.008502806487349331,-0.008551634563079894,0.7816931416040448,0.7970702373653499,0.7841411895213949,0.8610104709912058
LYS,-120,150,11,159,0.06918238993710692,-174.61055100469076,178.8752179727481,-174.74636670813683,179.95960058737884,13.197012187794927,14.018809127012306,13.264303010247737,11.678572823038749
LYS,-120,150,11,159,0.06918238993710692,-65.2000382159325,-177.57022199152536,69.14743290701088,170.31555537780724,5.934479355975855,10.718850028596336,14.264425073260592,5.938949670540125
LYS,-120,150,6,159,0.03773584905660377,-53.258040490100605,-169.3248482862388,-174.6849846829063,73.06891570290585,6.493565381343108,15.767218351947495,7.301544063566581,7.142004196864355
LYS,-120,150,28,159,0.1761006289308176,-63.412770355219536,179.52054253310163,179.2692042782572,178.4638987339156,7.899520638819817,8.080561694916558,9.719695699827291,9.999767926173996
LYS,-120,150,12,159,0.07547169811320754,-63.809143160380025,179.56579473883252,-176.41118313583885,-63.020100475207514,6.83487457122024,7.833904570601854,7.81727723613685,7.689132167738136
LYS,-120,150,8,159,0.050314465408805034,-69.60298398193191,177.40881736974723,-65.00829254268515,-167.81648089172882,8.811971409024988,8.448232516272524,6.272647189183942,9.791735282556122
LYS,-120,150,18,159,0.11320754716981132,-62.437587449184775,-65.48963664732264,-178.36203599498782,-179.16010706471891,6.093691835552733,5.702155121838078,6.563017895542973,7.997252576454812
LYS,-120,150,15,159,0.09433962264150944,-4.610857431212674,-0.2854341487377997,-0.2974089816136447,-0.2934870961990374,17.590617381033923,4.8311589969057485,4.959120345991925,4.566352634004609
LYS,-90,-60,7,46,0.15217391304347827,-179.5167468399239,-172.0514337127406,-173.55041640353028,-179.44125545437643,13.200431024627926,6.982846220553354,8.217499628537634,17.379332307053897
LYS,-90,-60,6,46,0.13043478260869565,-79.27525038637233,173.11440665882913,56.18208066475897,-177.53112423293382,15.22481883031656,8.053249882228465,7.699913430801755,3.195840072570247
LYS,-90,-60,6,46,0.13043478260869565,-0.6650475740548805,-0.7228309756349751,0.0,0.0,9.24117522541926,8.580392192329754,0.0,0.0
LYS,-90,-30,9,253,0.03557312252964427,70.2426695663048,177.84659546634126,-176.89210959410588,173.76539826883874,7.212089608644559,6.913497101285613,4.909846305852054,6.746482016558015
LYS,-90,-30,5,253,0.019762845849802372,-171.25802122382626,164.66958863120462,66.20004628642047,177.56251282229368,11.216012046632919,9.746806775134786,12.839291646001668,5.505142203074949
LYS,-90,-30,5,253,0.019762845849802372,-173.57166896918733,166.69865276748624,175.95217937351077,54.84683346557609,18.370724541057452,17.748652735415313,6.088717397478288,7.458931150227261
LYS,-90,-30,15,253,0.05928853754940711,-178.7997552406544,178.575468802697,-179.1371417327568,179.70330585704252,9.567499176942428,9.296011409745645,7.523852159198297,5.9339322095243885
LYS,-90,-30,8,253,0.03162055335968379,-169.52409896504034,179.30846513625596,-61.9598915628154,-171.57265698866257,14.659366584561981,11.531192338776258,15.034696945700125,11.819900230607114
LYS,-90,-30,6,253,0.023715415019762844,-68.36559853107183,152.81358971506344,68.9186606177723,172.35459105768055,16.948464765269293,15.74642124187402,5.575151887951673,8.593957027455723
LYS,-90,-30,13,253,0.05138339920948617,-71.20782085617557,-177.6092635890503,179.43963649455875,71.20118187778793,9.210535396758281,9.678092756639021,13.27182712804615,10.608986364034735
LYS,-90,-30,64,253,0.25296442687747034,-65.73475572746291,179.2194529061714,178.01733649402104,178.92973687246493,6.499101028317458,7.418913507708748,6.993414956334978,8.344319352103401
LYS,-90,-30,7,253,0.02766798418972332,-62.68149509617488,179.9152686929988,172.4068790166017,-66.03132031757298,5.393000472023537,12.503236532581466,21.800811375160755,11.047679768866168
LYS,-90,-30,8,253,0.03162055335968379,-59.6783849477697,-170.60079056295152,-82.38986887822381,-156.19685048247632,13.72362720115242,20.300637636906764,6.883266052396712,25.331879052804343
LYS,-90,-30,8,253,0.03162055335968379,-65.88017534276301,-168.91499399039643,-55.14188109002492,-57.12216305318716,10.054118021320365,15.891448392239548,15.873636460645226,11.610925257693824
LYS,-90,-30,6,253,0.023715415019762844,-56.9269927541487,-76.7267298915439,177.11149041382478,56.92810882837757,4.927573351220187,12.752369433404054,7.2854095209914576,13.59389921413138
LYS,-90,-30,24,253,0.09486166007905138,-59.41723154870285,-68.650438623899,-177.54465560493492,-175.57135270885001,9.203052775729669,10.892840941045312,8.188746189083153,10.96138690034057
LYS,-90,-30,9,253,0.03557312252964427,-60.83091349909589,-63.7672390128019,-178.63284030748122,-65.92013407767388,4.309138395437782,8.666742186873899,7.630224299990281,7.78892540146726
LYS,-90,-30,26,253,0.10276679841897234,-0.009482737334849374,0.0,0.0,0.0,0.8068972959584055,0.0,0.0,0.0
LYS,-90,0,14,180,0.07777777777777778,64.44852662570757,175.4579058746049,177.2180882066342,179.80755586636658,4.267256501590027,10.841493759930984,16.334511795005383,6.011452768461566
LYS,-90,0,10,180,0.05555555555555555,-70.49224294558988,-174.75162054186177,65.5459605089746,179.26653887389648,12.296197173275388,10.931548127822241,7.250878748165684,6.688673419925548
LYS,-90,0,16,180,0.08888888888888889,-72.8117096407631,-179.4208733915829,173.70514756078046,58.697947442207656,4.27207938591661,11.547220387900476,9.398137451929307,14.65604508050843
LYS,-90,0,38,180,0.2111111111111111,-64.53877259066289,-176.79371590568533,174.9529483013987,-179.14084019046496,7.142549887379433,12.526073900305265,8.89004026836347,10.60394761445123
LYS,-90,0,9,180,0.05,-75.37478843142979,-177.6239157688111,-174.99096315102025,-65.20183524318645,8.682421097178807,17.207294894464066,15.521059309161899,15.703351393007251
LYS,-90,0,5,180,0.027777777777777776,-66.57441683695771,-168.99151308610584,-73.12852396791882,-176.4005366923792,9.979339992576351,4.127436738229502,7.012240380150981,7.420825470945235
LYS,-90,0,8,180,0.044444444444444446,-62.275258107052125,-64.96121147577294,175.697265556543,56.20591146085804,4.910445700785979,5.740602381670017,5.55312804192445,14.842012575359307
LYS,-90,0,20,180,0.1111111111111111,-62.095886807015674,-62.11524466945358,179.1847047821179,-177.50458701624333,5.0729668832134225,7.62719213054515,6.877812418121895,7.787272105614355
LYS,-90,0,9,180,0.05,-63.198890056148876,-62.13054768590004,-162.40143393268275,-56.530548803731484,5.986512481058646,13.924458269825273,17.97057877369864,11.045263365980212
LYS,-90,0,7,180,0.03888888888888889,-58.38118321731974,-59.39336467877041,-65.84532003217488,179.16603162805018,6.5634583724787605,9.502291759217007,8.114652283118323,3.373651410770344
LYS,-90,0,19,180,0.10555555555555556,-0.6127237358584047,-0.0002766851013494398,-0.00026260408861655154,-0.00025937628540038433,6.673847625308345,0.1424741545935031,0.12264236075555829,0.11965358880816492
LYS,-90,30,8,30,0.26666666666666666,-64.81524184661079,-175.3582929455501,177.2754317705502,171.9074233732402,6.983485341597191,5.115212921252276,2.588190108542287,9.796976082244733
LYS,-90,30,6,30,0.2,-0.7074098570917602,-0.7415872244326717,-0.6965925617415047,-0.687536631694448,6.5119943226892225,7.586260199408783,8.949199422085227,9.043845548907132
LYS,-90,60,10,29,0.3448275862068966,-59.31339987992986,176.40457363804055,176.6850020555668,179.47162140180788,9.181974459249938,4.558949331488021,11.508504626708339,6.9013460820578505
LYS,-90,120,8,166,0.04819277108433735,-177.35563160423987,78.02874474750506,-177.35201744694027,-179.1016709655626,10.31212033041977,14.359174935769403,16.745414500728852,5.257760702744212
LYS,-90,120,10,166,0.060240963855421686,-171.8480678009953,167.6675564538417,66.98945127376761,175.69091656319515,8.497517966057025,13.878103255310076,6.989809597990168,8.279304931424406
LYS,-90,120,8,166,0.04819277108433735,-171.941129970395,167.40555008604662,173.95645483082927,62.613589588879485,13.580090890806781,16.98066671451731,11.077856029634628,20.240240800005505
LYS,-90,120,18,166,0.10843373493975904,-178.1485413575772,178.6742049494978,176.07662199173515,179.67272441069466,8.282853000595644,9.22623636480421,11.243917825395217,8.458448219528652
LYS,-90,120,8,166,0.04819277108433735,177.9110131972014,177.05295684996923,175.05937209604326,-65.657813909135,9.870619541216067,7.321870112257024,13.54821328607795,6.135542808018602
LYS,-90,120,6,166,0.03614457831325301,-170.3791852993893,-174.2741413513653,-64.17094153930633,178.4005386380132,7.002675092804772,17.715927428670362,6.416537827110868,2.679856410371059
LYS,-90,120,23,166,0.13855421686746988,-67.63276430061137,-175.59556540195098,-178.04179297973727,-179.7013606164421,7.462363034147858,8.858570981611589,6.368853123078969,12.3692244241799
LYS,-90,120,6,166,0.03614457831325301,-71.2456269106659,-177.50143267853687,177.66142689964857,-62.31967271622228,7.86061936992299,13.879554888083526,17.210872339224025,11.538054561805389
LYS,-90,120,12,166,0.07228915662650602,-56.66146834609233,-67.09560498521752,-176.79472559687912,179.80307624510027,5.970190455035551,8.937515547768745,8.282733897012955,8.456443571837275
LYS,-90,120,6,166,0.03614457831325301,-55.85946237999634,-60.54130846804957,-178.80781811257555,-62.6741355259125,9.182706018290002,9.637039343084412,9.47969422935678,13.387256032346675
LYS,-90,120,14,166,0.08433734939759036,-0.004597966395563925,-0.0046781559455517695,-0.0047623702524509865,-0.004543889896486339,0.5326145114605194,0.5583044025192292,0.6447280951048311,0.7188781152535497
LYS,-90,150,6,124,0.04838709677419355,-173.91301674064957,178.95069219968454,177.86253438151292,179.42985434839684,7.276920058544051,5.103592143871394,7.487128374729924,3.8079013869308205
LYS,-90,150,5,124,0.04032258064516129,-69.90655749301003,-175.76919451823053,65.72620408632801,-174.27645042561588,15.81639360445719,11.236340630762625,3.515383464237391,11.093615119764873
LYS,-90,150,7,124,0.056451612903225805,-69.57691399354904,-166.91703987640824,171.18997894828112,71.04957304218289,9.437673556494637,10.009271331832373,11.350278181698343,15.309452987707088
LYS,-90,150,31,124,0.25,-66.94950450208931,175.4894193943777,-178.14179830056253,174.27335340371252,7.96164587349166,9.36162832966257,9.345393392107384,8.150778624750917
LYS,-90,150,10,124,0.08064516129032258,-70.8373815575361,-177.42789643899673,-86.06709507853722,177.27215757468724,9.971344964509015,8.84466027841773,10.742007037236402,16.463046894595948
LYS,-90,150,8,124,0.06451612903225806,-63.305473669274306,175.33729785930316,-15.113421571495724,-15.076937598522871,5.256367417926065,9.158055522739916,31.305567581493506,32.09438685587428
LYS,-90,150,5,124,0.04032258064516129,-66.00167381980387,-88.63608743323044,-171.51904223261744,68.48443898126231,9.414557396935328,18.717459728737737,8.101301186825056,12.136296701221571
LYS,-90,150,14,124,0.11290322580645161,-59.47214089927218,-66.7666757932147,-172.40147935860128,-177.32147518517343,5.585608518943383,8.043855480693066,5.981583781837341,8.236382922387016
LYS,-90,150,10,124,0.08064516129032258,-0.04127519151623215,-0.05135529675981823,0.0,0.0,1.2774314770448372,1.8611102138234403,0.0,0.0
LYS,-60,-60,14,517,0.027079303675048357,-178.7427154799259,64.09184339388663,175.62901166499563,171.96442185388656,7.028702621529616,6.7116973230985115,6.967199865134943,10.700873589733481
LYS,-60,-60,27,517,0.05222437137330754,-176.69219041025576,177.6453638744266,70.48045562732815,176.2349643776548,8.152131319263518,12.319213646266181,10.936178532494145,8.107819299396777
LYS,-60,-60,24,517,0.04642166344294004,-178.06346079962677,-174.81171862508617,172.2200872823477,65.3697579440036,7.777759433439254,7.641966829537098,9.752740826297474,6.815238567864405
LYS,-60,-60,86,517,0.16634429400386846,-178.7163105647268,179.13202772985596,178.50241504410346,-179.44480416386776,7.502481683615092,8.847552259618691,8.245041630580651,8.414690645797354
LYS,-60,-60,33,517,0.06382978723404255,179.08691819950323,174.56829292054596,179.66638292122002,-69.5773713220097,7.200475574277099,8.698585328867125,8.678284373064814,9.644375081225261
LYS,-60,-60,14,517,0.027079303675048357,-163.6803116087958,169.56126795366413,-58.139592006205824,172.34197063171365,9.822749994009898,10.163186228661054,8.184689958658064,12.110603234092064
LYS,-60,-60,7,517,0.013539651837524178,-172.9866094064603,178.88269623974065,-59.1686147494022,-46.15066478303835,9.532949328180976,12.31385128763276,28.974608251206284,33.20231296368516
LYS,-60,-60,9,517,0.017408123791102514,-157.61237307811723,-83.0547173716953,178.00204610131024,-52.86972792228766,13.476314219115574,11.50476994084048,9.949024149460797,13.290352190422347
LYS,-60,-60,6,517,0.01160541586073501,-61.65134259002608,-164.8765625363508,74.47070315644437,73.06680276022996,13.095427272320876,19.833682303537536,4.453666721241372,8.352053654513233
LYS,-60,-60,25,517,0.048355899419729204,-73.0902934224377,170.426311675141,70.51829054004762,179.49486588014042,11.4246461776117,13.132756776537725,13.995151261817771,7.134990832298355
LYS,-60,-60,11,517,0.02127659574468085,-65.18617352689427,-170.81307998103512,-170.32972142909384,73.79682706635995,6.836555294823112,8.166472661950989,12.349830990144973,12.559361606356921
LYS,-60,-60,82,517,0.15860735009671179,-68.62635869110326,-178.71871258112986,178.76630086570336,178.25253663986467,6.696647947377624,6.9023215470657675,6.4786523349495875,6.766812198898698
LYS,-60,-60,12,517,0.02321083172147002,-62.46740050891445,-178.21102967938253,-176.86014893471278,-64.33611468693769,8.106363663570306,15.087927056234115,7.2495567839509905,8.551968190190241
LYS,-60,-60,6,517,0.01160541586073501,-71.77214636658269,-164.57309553202086,-63.20343400435095,-174.58278501168024,7.251119334943891,9.000781163082966,7.04806280855688,14.63568721641877
LYS,-60,-60,7,517,0.013539651837524178,-81.40540964570675,-164.22898474442542,-75.53743150930796,-76.26676472893244,11.939086631298178,10.990544171910178,16.80519293195495,19.99152296421535
LYS,-60,-60,16,517,0.030947775628626693,-72.01103455444328,-74.60356560120243,177.12428140067624,176.92064206281836,13.358222707889826,10.237774926964407,13.424248693302903,22.387933635774683
LYS,-60,-60,5,517,0.009671179883945842,-73.57420148458448,-71.55786386887658,-167.21042529848575,-54.73435423335135,11.88503413586112,10.055744475870672,18.054958721765402,13.064379908341689
LYS,-60,-60,5,517,0.009671179883945842,-77.10687292938108,-89.84887488337155,-63.306428322652636,-177.85165389251694,14.790737418452485,14.746342744641868,12.479282953633781,5.65979234520044
LYS,-60,-60,82,517,0.15860735009671179,-0.0023615853493425135,-1.7923656992453517e-05,-1.7252504400789715e-05,-3.2241841631552e-05,0.39668238912700193,0.043447192803135935,0.03674207154005908,0.04449097558528059
LYS,-60,-30,5,1341,0.0037285607755406414,56.57681109777326,173.9222092560023,69.1267320598577,67.60611171360132,26.47494895904852,4.405373408657206,14.290115287689964,16.653528004767786
LYS,-60,-30,6,1341,0.0044742729306487695,68.86749072592372,176.72790640857662,69.05458943844963,174.71260145411796,11.406860746503545,8.303251766316532,10.710715316625112,8.99709089287255
LYS,-60,-30,8,1341,0.005965697240865026,61.725519091496714,-176.8930935882653,163.34180788317258,63.31025945926392,6.326018826134451,6.339442500083197,15.078156672795876,7.7156372863188825
LYS,-60,-30,33,1341,0.024608501118568233,67.26236418205085,-176.6781418776105,178.39801017248413,-179.72364715760858,5.093228154387385,8.222967119529597,11.844838306863272,8.102472779012075
LYS,-60,-30,7,1341,0.005219985085756898,57.23633630936565,-163.32486582934615,-66.50267504638514,-177.90681982677359,17.352910623889088,11.7471338687606,11.583029205867112,12.266114308016808
LYS,-60,-30,18,1341,0.013422818791946308,-176.69396959009296,59.25617483109372,65.50728802030316,179.36432927034454,8.260061737299422,7.445647207395031,6.239498241113952,9.337207823052966
LYS,-60,-30,11,1341,0.00820283370618941,-179.46361116403847,69.08696739681704,162.9718703548319,62.58843607692524,11.502866828604358,10.671288014105588,21.066866451721893,13.722273961350894
LYS,-60,-30,50,1341,0.037285607755406416,-175.08543796989514,62.25235813899749,178.65417874622915,173.63178292822218,9.168717095177154,8.256968631038983,9.941824772092467,9.253441547673452
LYS,-60,-30,19,1341,0.014168530947054437,-174.90146782812556,68.15278864259737,176.346497673406,-57.39619040665701,7.87427073106018,7.316028945867175,9.1532625614085,7.718531312163758
LYS,-60,-30,7,1341,0.005219985085756898,175.4279279632413,164.20893859237736,68.09425228809889,68.57970426212154,8.1753151466625,9.008915396777763,17.565921865131024,6.384603141970715
LYS,-60,-30,27,1341,0.020134228187919462,-175.20538799018743,176.64016543304862,73.87573571494286,178.44285056976415,9.644442057588028,14.287648187399977,12.63853598495059,9.781268090552913
LYS,-60,-30,7,1341,0.005219985085756898,175.63961957506928,175.53543445834606,84.42201921453142,-77.794119375757,13.01454780496873,23.48790473166637,10.92454013601742,6.41235539746594
LYS,-60,-30,43,1341,0.03206562266964952,-178.83050636511138,177.04099682980538,172.5313453673021,62.239762722488756,10.70763158741585,11.609739443102004,13.71198305149663,10.246621909011763
LYS,-60,-30,142,1341,0.1058911260253542,-175.3221569314371,177.82035931583266,-179.50895766014915,-179.3577241552651,7.660424654369633,8.653281243692852,7.885324019835099,8.38910711996642
LYS,-60,-30,33,1341,0.024608501118568233,-176.7681824736546,171.99259906994732,-179.69957075244793,-67.72519420376356,8.95116666011993,12.241776733747317,9.787337505332431,11.875517462207975
LYS,-60,-30,7,1341,0.005219985085756898,-175.05800790969934,178.37576224556364,-71.73441932315039,64.03457557223396,9.074920236323901,9.408648805561649,3.56047663490114,10.073458624195796
LYS,-60,-30,39,1341,0.029082774049217,-171.84590677172056,-178.4111508021834,-67.27532356902158,-174.27084716111395,10.918819284607988,12.552526723265139,14.638290452862247,13.922417826219263
LYS,-60,-30,15,1341,0.011185682326621925,-172.9026177696928,-176.015918590064,-58.033544102959894,-62.782317133490835,7.248625320467643,13.593430910853574,23.672609776971196,23.264668921491925
LYS,-60,-30,9,1341,0.006711409395973154,-177.71063714273703,-93.1730952053758,-177.1184568509241,179.58013452180762,15.322018488553624,11.069791004105836,6.748819359076123,10.189215971911352
LYS,-60,-30,6,1341,0.0044742729306487695,-138.97001915906412,-61.726682581141766,-177.91795695323617,-84.69190051085302,9.937903043078693,14.889767644513265,15.342567615902272,22.673440287585066
LYS,-60,-30,6,1341,0.0044742729306487695,-168.12115891959613,0.0,0.0,0.0,9.017871691210622,0.0,0.0,0.0
LYS,-60,-30,5,1341,0.0037285607755406414,-84.33418494419001,88.14281940418395,163.37939939730202,81.78275903342221,12.375918521583229,15.06469191554193,12.143515258429629,17.872562191115197
LYS,-60,-30,13,1341,0.009694258016405667,-88.06740583073473,74.23722154759491,-177.32246584157406,-175.52789163322592,11.729093275718922,20.729254754918983,19.114888350345563,16.926350167500605
LYS,-60,-30,24,1341,0.017897091722595078,-72.20819495388764,171.48945961204709,67.42238184867495,62.24670610745145,8.63146498559074,14.040112175868018,12.25597327448356,8.208593413219548
LYS,-60,-30,52,1341,0.03877703206562267,-68.66075619299623,172.86420827807856,67.51744656291609,177.20515078529246,9.058283203036257,11.095532969577416,9.63021789389486,9.901788398796866
LYS,-60,-30,6,1341,0.0044742729306487695,-57.350137945858044,175.12609774613483,90.68810881749603,-62.59726995659757,15.0258016206655,7.8434072997659685,18.735360853363883,9.72674397610348
LYS,-60,-30,52,1341,0.03877703206562267,-70.67916573126215,-177.63107661222443,172.20183274332703,65.19311699682959,5.630523607435546,9.411024097494183,12.32959746337322,11.047074009393327
LYS,-60,-30,282,1341,0.21029082774049218,-70.43644670656664,179.60029223316715,-179.92438846132387,179.1021286126584,6.805401550635049,8.558546662625877,8.704969302917982,8.510542286584334
LYS,-60,-30,63,1341,0.04697986577181208,-70.94133477276651,-177.83677660882563,-176.27984114480665,-65.27606181782798,7.410281313198028,10.693024084151336,10.851936567794517,11.718266026850817
LYS,-60,-30,45,1341,0.03355704697986577,-68.51490751420003,-170.75825345877286,-71.76134906343837,-178.41456450398599,6.428519162112868,10.17635437724478,12.525493901971128,10.501144821972781
LYS,-60,-30,19,1341,0.014168530947054437,-67.05960521348099,-157.4368294631777,-68.84899091739882,-61.776579006262864,9.934744511059435,11.32305272514178,25.82860385468345,27.8277534664961
LYS,-60,-30,7,1341,0.005219985085756898,-63.65617326405009,-73.7298651064689,87.60894452791462,169.23893895532123,9.894768716206768,10.398110309970074,14.747830970237619,16.867467546573035
LYS,-60,-30,15,1341,0.011185682326621925,-60.87208581596585,-60.69200484290441,175.73181600453503,59.43904242049318,11.271924206318067,18.81022505319365,14.179588523696516,13.625574784851292
LYS,-60,-30,46,1341,0.0343027591349739,-66.27349094573846,-62.523099575964125,179.09908465353294,-179.27199465447794,7.846824551024059,9.527645236199024,7.946382001320804,6.2453799628081414
LYS,-60,-30,15,1341,0.011185682326621925,-62.768501669163044,-67.1360849304928,177.85485697490725,-68.9347969981607,8.73402484271284,13.625305064575448,11.629780162629935,6.397933313721831
LYS,-60,-30,10,1341,0.007457121551081283,-66.95962780009714,-71.0514898907526,-66.40124127191561,-176.40844057516927,11.63164401142356,12.844231464799051,9.490082862952027,5.231860399899969
LYS,-60,-30,149,1341,0.1111111111111111,-0.21317188489842193,-0.0016396301932611874,-0.001723263944994514,-0.001194398953457299,3.0536979984383534,0.33533549606622753,0.36305712690694814,0.2652157590486311
LYS,-60,0,11,59,0.1864406779661017,-57.776237962279325,-178.10516775751108,178.03517605532886,-176.77930769068723,12.214306941975654,14.425145521392992,8.732904050269333,6.711428667554174
LYS,-60,0,6,59,0.1016949152542373,-62.325280416973904,-74.40143605821024,-159.18231397491306,-62.30277634183896,8.593313010886138,12.344973965754237,14.984958571627068,9.714595248885168
LYS,-60,0,8,59,0.13559322033898305,0.0,0.0,0.0,0.0,0.0,0.0,0.0,0.0
LYS,-60,120,6,113,0.05309734513274336,-178.3724415341073,-172.70405408729133,-176.99664661484562,66.50252286647415,4.475529484293459,9.062887828724625,11.722953808055529,6.568871628203512
LYS,-60,120,30,113,0.26548672566371684,-177.13834904598164,175.4401940544033,-177.94538512633721,-179.34335000904872,7.140578059090424,8.87842705441806,6.927565775597084,5.400148924313567
LYS,-60,120,8,113,0.07079646017699115,-173.26141584593063,-175.20297086929097,176.06507800349416,-69.29774045990071,8.547019864667888,16.5868510075318,19.206666551904252,11.007252181237266
LYS,-60,120,5,113,0.04424778761061947,-174.84506234388832,-170.07559776520284,-71.9772874982902,179.81594238496433,11.506139092383192,4.399448556308791,18.444938387426152,7.362192655723494
LYS,-60,120,9,113,0.07964601769911504,-61.821961307198265,179.22221467449606,-169.0613829815022,-177.8674512909974,8.377633197215662,6.863062095425367,13.487522686481793,6.669014740570576
LYS,-60,120,5,113,0.04424778761061947,-65.78361129751057,-174.5028758558855,-171.21781641726596,-46.741614591943176,4.973642579823605,4.054243350927874,8.059295649412109,28.316622064235954
LYS,-60,120,5,113,0.04424778761061947,-55.65277307434963,-86.94870662834285,177.10436757081382,-91.69373717017706,13.395955728423653,12.989682009879155,9.25888824941321,12.538621976500401
LYS,-60,120,13,113,0.11504424778761062,-0.008557289844746284,0.0,0.0,0.0,0.8195650607939539,0.0,0.0,0.0
LYS,-60,150,5,156,0.03205128205128205,60.95037988549083,176.54306718161462,-177.51164037782178,177.03791866693683,3.6306749728476686,6.575328049407336,6.403970781290912,7.943126525746706
LYS,-60,150,6,156,0.038461538461538464,-170.3041775767603,173.3661209488865,178.14911244423556,61.04102449526464,8.82845069337969,12.534249570697813,12.245076660275043,4.211804415225353
LYS,-60,150,8,156,0.05128205128205128,-178.94875728099206,-179.46216917055355,-172.69909653564864,-179.18371952345163,4.629614731292132,7.6683701156307995,24.005327125983456,13.67233503138583
LYS,-60,150,7,156,0.04487179487179487,-72.14667938310976,89.09308090565482,175.91130084232748,172.6300165465799,16.840245191014763,22.62976641025695,9.000262216823678,9.726633068345999
LYS,-60,150,6,156,0.038461538461538464,-62.70938983812882,-168.02926915566394,84.43721834078839,-174.38939332691868,10.169897876160363,25.352135612818042,13.714717983334678,17.34994869938526
LYS,-60,150,9,156,0.057692307692307696,-70.76591705631503,-173.6906348268339,179.7917439494333,66.6511488307679,10.318874945491775,9.818952348615667,13.86110211074037,10.87488895248215
LYS,-60,150,27,156,0.17307692307692307,-64.56570988243553,179.47779081529768,178.75495973794685,179.6872842314935,6.197236903450561,8.10452205809975,4.645114372227061,9.824647819420985
LYS,-60,150,9,156,0.057692307692307696,-72.71894622951676,-175.86628972611587,-176.24147958608566,-75.67479756508246,5.6008634659017025,26.084294232951798,18.037460676099464,7.808855027495678
LYS,-60,150,6,156,0.038461538461538464,-67.05048196841301,-169.3422615213883,-73.15329758729106,175.20925725374835,9.488215101973621,12.605183776774194,17.35878255811103,10.882015336556627
LYS,-60,150,5,156,0.03205128205128205,-67.87841215722327,-172.2108648277581,-71.9264580152337,-58.145912227307285,8.57134867595364,8.02169654548412,13.571904480848092,12.27463474782117
LYS,-60,150,5,156,0.03205128205128205,-59.72665782349951,-67.83222362251732,174.98035945361434,-174.34464955519752,5.011567434227214,11.61620433588778,6.046375260009666,15.140314409483716
LYS,-60,150,8,156,0.05128205128205128,-69.50937393180357,-73.83671550166432,-177.37596767160335,-64.54919273231494,17.92079016490864,6.258417762757669,18.703941655560204,11.854416805271468
LYS,-60,150,24,156,0.15384615384615385,0.0,0.0,0.0,0.0,0.0,0.0,0.0,0.0
LYS,-30,-60,5,27,0.18518518518518517,-177.17874457188893,171.84556989138187,-176.64655986054018,-177.77395029558036,3.7928899173957946,10.551615020220579,8.25410348064481,11.522559824101462
LYS,0,0,1100,1100,1.0,0.0,0.0,0.0,0.0,0.0,0.0,0.0,0.0
LYS,60,30,13,55,0.23636363636363636,-59.95188826554265,-178.68902017407294,179.98718010216027,179.33824139705453,4.378900961725571,7.30383570029465,6.223363137516805,7.459287396539019
LYS,60,30,6,55,0.10909090909090909,-58.87128684310954,-72.82115203495698,-177.33536670206428,-171.8151156464527,6.448543680167491,10.715650298501599,5.725095979802382,5.846533909928979
LYS,60,30,14,55,0.2545454545454545,-2.281206659341775,-0.004657402486020368,0.0,0.0,10.782319278814771,0.6928259319366106,0.0,0.0
LYS,60,60,5,21,0.23809523809523808,-48.23986263052848,-62.12727529021926,-177.56683337979663,-168.58564181039233,9.241810723930339,7.177532064177728,10.89563823231256,13.698288155370097
GLU,-150,-180,8,29,0.27586206896551724,59.599102107833865,-169.83604218906092,44.3336754146803,,9.680567115906923,4.5442073291336715,27.176254938061806,
GLU,-150,-180,11,29,0.3793103448275862,58.72776387015986,-178.86770987381888,-22.02675896203233,,11.171375805550548,7.508609210912808,16.90561423277566,
GLU,-150,-180,6,29,0.20689655172413793,-57.18103499712025,-63.684588748688576,-21.761782102990328,,17.053988552665633,15.70615565660458,11.249293147155727,
GLU,-150,120,6,48,0.125,-176.06400652040492,71.23384767113177,48.81799998620783,,11.202837795358684,6.6700747846859425,8.40896191278441,
GLU,-150,120,15,48,0.3125,-169.28560865481214,173.9305777749078,33.54836597835749,,7.1052982675941365,12.282096722394641,16.8527000149478,
GLU,-150,120,16,48,0.3333333333333333,-179.86279445430722,-177.19692826196038,-45.50530900055646,,7.3523868801790595,8.634289439405373,18.960818073904978,
GLU,-150,120,6,48,0.125,-59.646979597605736,-179.70450116877464,-50.31612641410568,,18.093132882986982,11.42333939221854,22.767866278572836,
GLU,-150,150,15,115,0.13043478260869565,60.7485716670867,178.29597919143185,31.343291242367613,,5.78087725855478,7.635139925358656,15.2348161654101,
GLU,-150,150,16,115,0.1391304347826087,61.602075209925246,-176.71668591700555,-20.596557603006794,,6.2815350483213575,5.0206679732439286,16.79228931341393,
GLU,-150,150,5,115,0.043478260869565216,175.6657471897106,58.463059140503205,57.96790714589413,,10.54956175511625,6.866936451477534,13.902601039718332,
GLU,-150,150,14,115,0.12173913043478261,-177.32912825709752,174.74127366181594,28.669282805316932,,10.77574409529137,7.531168810101513,16.228858719022845,
GLU,-150,150,8,115,0.06956521739130435,-171.94054837551553,175.21032495353188,-39.8881688929816,,12.813079053853487,5.985511716710173,20.99765208266014,
GLU,-150,150,12,115,0.10434782608695652,-63.785023157648624,173.84222695915193,33.75640641293836,,12.07242271424451,10.03334896945209,15.739564327584592,
GLU,-150,150,18,115,0.1565217391304348,-63.214874100926416,-176.59996440193842,-42.564077278399736,,11.30447798909987,5.647619429364783,19.870219574103356,
GLU,-150,150,17,115,0.14782608695652175,-61.21512348129532,-62.11170460293849,-9.42776175286762,,13.1992236100183,17.13773147461897,8.200126494680825,
GLU,-120,-180,5,20,0.25,-53.112551262633,170.62666617082644,-29.258933435166956,,19.675784543899685,19.486511892441246,8.761037282775886,
GLU,-120,-180,6,20,0.3,-65.79024846871165,-58.13603469322896,-22.51575624268067,,12.65353589885977,10.885908751980228,11.36586943779293,
GLU,-120,-30,5,40,0.125,-170.02091762543898,63.16096023402951,21.417061633533475,,11.02309201285769,5.162853304826153,8.748351891072193,
GLU,-120,-30,9,40,0.225,-62.642044256063166,179.3281126293085,33.67824886848978,,5.272183144139246,7.682769129386434,17.413051624445192,
GLU,-120,-30,10,40,0.25,-57.970312719127655,-172.52795994967838,-37.44851135353373,,10.472563823181567,8.62395648406199,16.97692372671622,
GLU,-120,-30,7,40,0.175,-54.23937061147625,-61.077105346659515,-28.422501543834827,,19.688358520725856,27.625596347272637,18.74208146819899,
GLU,-120,0,11,51,0.21568627450980393,-64.98530054709958,-176.78098767148427,33.56445709852183,,6.198041326149,15.063977881263707,24.878869682149165,
GLU,-120,0,16,51,0.3137254901960784,-58.759754668733954,-175.2992607868745,-40.84372370189246,,6.8645371179103405,4.553638433018355,15.813503098066306,
GLU,-120,0,10,51,0.19607843137254902,-57.37132130757735,-51.59438314817269,-38.587514066533295,,24.47663631946524,19.933802016192278,21.95280410197517,
GLU,-120,30,8,26,0.3076923076923077,-69.61120676519243,163.74527800278733,42.4142482512189,,4.9056348934520155,16.6351581002714,20.07899799885286,
GLU,-120,30,6,26,0.23076923076923078,-60.12389408067304,-178.078458998169,-55.91597327792079,,6.825215487179668,8.69570500259025,13.7790901172224,
GLU,-120,30,5,26,0.19230769230769232,-56.94050753859602,-67.75146970439673,-11.553620506848475,,12.875346547358152,11.058577923479442,5.415310053556429,
GLU,-120,120,19,125,0.152,-176.43046005794085,177.3927537828122,34.25677319092355,,7.4089990247808215,7.3183798302855925,20.177250447234833,
GLU,-120,120,29,125,0.232,-173.31732053940797,179.26963695660052,-37.241077890474415,,10.796290004100753,8.222111278270678,18.158511732369657,
GLU,-120,120,20,125,0.16,-63.78257720010046,179.2012830038406,39.463700249733016,,7.2685083443630045,10.392498447043344,16.30108313445704,
GLU,-120,120,21,125,0.168,-66.83564756162713,-178.6838397606167,-39.04238856231215,,8.34848014877301,9.095908419214277,19.10538542183774,
GLU,-120,120,23,125,0.184,-52.04135695290652,-61.6495303253471,-14.952110275677013,,26.093561282926007,24.616381103603125,14.080175474284493,
GLU,-120,150,13,147,0.08843537414965986,61.10148820172075,-178.69499694461936,42.30890234786005,,9.793119771315123,5.425856432369825,21.903684809763547,
GLU,-120,150,5,147,0.034013605442176874,64.97902898949808,-173.1370125433109,-19.095137746384395,,10.542630030506976,7.070502200273432,24.45171001511547,
GLU,-120,150,5,147,0.034013605442176874,-161.96789741458437,60.77004927525165,63.65181301922549,,19.49580297175427,7.149639817531333,15.367624323599543,
GLU,-120,150,16,147,0.10884353741496598,-170.35714698513465,178.64353291668724,-36.48585486652821,,7.410308498553594,12.360345668202477,19.431136215421084,
GLU,-120,150,22,147,0.14965986394557823,-60.516437716137176,-179.60762008771584,49.72000677124194,,10.406504612877065,9.31121125051513,17.664795161232725,
GLU,-120,150,36,147,0.24489795918367346,-62.52396358159497,176.27680223078244,-34.01557342165051,,6.763198964668762,10.882622388968489,17.25568974983726,
GLU,-120,150,10,147,0.06802721088435375,-56.222162142133215,-80.31794171151515,13.01661145493548,,4.765646999578664,6.1116588476932465,11.239064402828184,
GLU,-120,150,28,147,0.19047619047619047,-48.29032494178627,-48.98804886172403,-15.165210642461474,,24.131955623963506,32.38381125951582,16.419618768839573,
GLU,-90,-180,6,23,0.2608695652173913,-29.119773895732543,-34.5814570801334,-7.8853949689948015,,32.053764927991956,34.63805061141787,9.416068898304186,
GLU,-90,-60,5,30,0.16666666666666666,-179.75898308054073,178.88674631302547,58.413166383110536,,11.73565524549848,8.01418235796016,22.219046277625367,
GLU,-90,-60,7,30,0.23333333333333334,-20.82859250038309,-16.0908480641942,-19.21967044726238,,30.531763654205758,23.139106287205514,27.467126292004313,
GLU,-90,-30,5,242,0.02066115702479339,63.62468607658084,174.91822272958865,41.41090769523789,,24.571287206778283,9.571265587237441,18.616073094926076,
GLU,-90,-30,7,242,0.028925619834710745,71.43842208527563,171.30938922744184,-68.0068058504093,,10.697990882358368,7.780753937547386,11.758589256038125,
GLU,-90,-30,5,242,0.02066115702479339,29.269391739321993,-69.58978007740691,-48.043213842041546,,16.170803258400205,13.8975969323446,8.315259252739994,
GLU,-90,-30,17,242,0.07024793388429752,-161.8596577335201,67.42345559996039,42.15918041767388,,13.10248787649318,6.7176665153204524,12.970874727259634,
GLU,-90,-30,19,242,0.07851239669421488,-170.34045570239985,-179.9495910849427,26.95852577998102,,11.99145111207623,8.508799660442003,21.668200966067864,
GLU,-90,-30,22,242,0.09090909090909091,-172.87277108171304,-179.30909127420895,-32.19211451365755,,8.58547008695885,11.386725044436337,18.226691436225025,
GLU,-90,-30,8,242,0.03305785123966942,-162.27109347027326,-79.26833294495322,-29.823355552477466,,10.137974021989411,4.367084225917239,11.844276659544747,
GLU,-90,-30,14,242,0.05785123966942149,-60.966076834030495,82.20929407407829,22.220496394612685,,7.123522230165992,8.355208407543891,23.05668640526842,
GLU,-90,-30,6,242,0.024793388429752067,-70.69656847699648,81.75577832771675,-31.959267061939503,,18.44713940303745,22.234206411264584,25.603626217183876,
GLU,-90,-30,25,242,0.10330578512396695,-71.40440331146458,176.9956275700118,18.105419499373465,,11.892723980620872,9.273322073073581,12.409945781966277,
GLU,-90,-30,43,242,0.17768595041322313,-63.687006010891686,-178.67533454468148,-30.186981176225363,,7.647384854996998,9.053700652155808,17.355337563816054,
GLU,-90,-30,9,242,0.0371900826446281,-59.09256774155393,-82.47978125100386,47.28555144482648,,6.8840062700534945,8.277153376806762,15.074455598297705,
GLU,-90,-30,56,242,0.23140495867768596,-59.39863676674452,-53.16702323368112,-30.296025434703374,,20.442063412924693,17.631866113083106,20.1626785752951,
GLU,-90,0,10,187,0.053475935828877004,73.37517899452361,-174.0801020512526,32.45018160101458,,8.801348942675629,8.359669542923193,21.033350808996687,
GLU,-90,0,10,187,0.053475935828877004,63.34430271128481,177.39097161886548,-50.13388964795126,,5.007412308576039,29.376692316029878,17.244429304026173,
GLU,-90,0,7,187,0.0374331550802139,64.85848361862416,-74.7346650388862,-47.72826002505166,,13.601042726242742,7.524155924111928,20.4712627161881,
GLU,-90,0,7,187,0.0374331550802139,-146.59402875644568,66.49532615947288,46.541099414277234,,8.872842548043714,10.693348071943639,8.975445596864908,
GLU,-90,0,11,187,0.058823529411764705,-64.50158015674278,75.1606882323599,52.72528096653171,,12.709651623511665,8.77730021557748,13.669962931415483,
GLU,-90,0,30,187,0.16042780748663102,-60.29118461071902,177.65825157917033,26.88852895762272,,8.13846310555682,8.796366008596513,14.700842776589079,
GLU,-90,0,37,187,0.19786096256684493,-62.490275638774435,-179.50243808248396,-31.31217939220305,,8.42238659784199,7.298799947324003,18.666899190800784,
GLU,-90,0,7,187,0.0374331550802139,-62.28704146994558,-66.27684944770743,22.42551260705679,,10.621825029822922,7.856645381263587,26.22866742029806,
GLU,-90,0,56,187,0.2994652406417112,-57.30982340843216,-56.56345831455385,-29.283658271034145,,18.417644035119686,17.805093235376155,20.614016185374794,
GLU,-90,30,9,23,0.391304347826087,-61.82374179432563,178.46786148003045,31.34848994808145,,10.402579930003744,13.572943572488075,17.07544264885038,
GLU,-90,30,6,23,0.2608695652173913,-63.712585108754766,-58.09368613420304,-31.123825604690683,,13.624777104538609,11.54549374234204,11.224240738015833,
GLU,-90,60,7,12,0.5833333333333334,-68.70465347464985,177.3899508534192,53.667436428381556,,11.881090244532423,21.221010523068614,20.051436098032255,
GLU,-90,90,6,30,0.2,-155.44509867322483,175.48097019617896,61.39811184220571,,8.30873528276112,12.481554807042421,21.9886865335125,
GLU,-90,90,6,30,0.2,-26.10437624577722,-34.129764189108535,-25.52862727876172,,27.41823869239458,34.67226268242142,25.726436571730186,
GLU,-90,120,8,139,0.05755395683453238,-172.83266018307398,67.76008112208909,27.89060040389884,,6.164476202826524,5.061301660750967,7.519968743667279,
GLU,-90,120,31,139,0.22302158273381295,-174.68709730128296,-177.33390938325485,31.520760902990926,,8.032280674813585,7.212105282969247,20.206600538877552,
GLU,-90,120,35,139,0.2517985611510791,-177.7420183353172,178.23061776574085,-30.489804577893082,,6.935561144055199,8.375320385276252,19.74704122141083,
GLU,-90,120,19,139,0.1366906474820144,-60.79397195381297,174.75503941199182,39.75566886450524,,6.945938999497712,8.01772501146328,22.72564962109498,
GLU,-90,120,10,139,0.07194244604316546,-65.90143649873745,-172.7722345025371,-67.23832988332668,,10.46505922687948,14.848308858881207,14.682315460485258,
GLU,-90,120,25,139,0.17985611510791366,-49.06861721876373,-44.62086062744364,-25.40319811095113,,31.383676523960474,29.077137695935402,23.573757029466066,
GLU,-90,150,8,161,0.049689440993788817,63.871644210216,-167.2853116917156,15.714289838010863,,19.65531266104984,4.015599028657026,19.02947567494093,
GLU,-90,150,10,161,0.062111801242236024,-169.92260152793148,172.70803124944442,30.019508927557162,,11.204196706199848,10.817763571209827,25.5888974733598,
GLU,-90,150,5,161,0.031055900621118012,179.56579380830007,178.36754416602992,-50.074154857423466,,7.9430767343589785,4.475226339005848,19.772163887281785,
GLU,-90,150,36,161,0.2236024844720497,-64.53576977150556,-179.46030693970684,27.894310930738193,,8.623017408590572,8.420711624359786,19.50637578612231,
GLU,-90,150,34,161,0.2111801242236025,-62.80414987282203,-178.06271813234002,-26.686181526721995,,6.40848271271222,8.031057608290407,15.408168624499645,
GLU,-90,150,5,161,0.031055900621118012,-58.69186554370203,-77.99621036090943,58.0626252702501,,19.157779148457532,14.455366306802542,14.116597883955432,
GLU,-90,150,45,161,0.2795031055900621,-62.83212247265796,-63.48753435229278,-32.409508545044304,,13.592962021734525,13.761007861868991,21.15796683873039,
GLU,-60,-60,32,577,0.05545927209705372,-176.13824669225832,62.90881287199138,25.74953774297988,,8.534068410166002,7.618825803952863,13.320277355485386,
GLU,-60,-60,10,577,0.01733102253032929,-179.99098958340517,81.69129400813019,-27.037044603073554,,12.065742969535384,12.558714248935013,20.518279221700688,
GLU,-60,-60,94,577,0.16291161178509533,-175.30764638975432,179.16961161783732,34.06161030562628,,8.026214249171046,8.348538825213415,22.513658486628955,
GLU,-60,-60,90,577,0.1559792027729636,-175.17885012387694,-179.8629023479564,-22.495967650431933,,10.622976528877906,9.932665459017805,18.029817507428305,
GLU,-60,-60,12,577,0.02079722703639515,-166.7316382366184,-80.60071751809924,-38.749142679528944,,10.471026695878225,26.198427551129864,25.679692711408077,
GLU,-60,-60,21,577,0.036395147313691506,-70.8222190774375,71.77424666945764,45.15481469340967,,12.835990796701727,8.853441378313693,19.67516526656083,
GLU,-60,-60,20,577,0.03466204506065858,-66.10274698578078,84.75576278752081,-27.02965629761431,,9.67343219824645,7.860517304229209,19.92331383069755,
GLU,-60,-60,94,577,0.16291161178509533,-71.78552892995475,177.49422840978565,30.16966375945804,,10.048998501043647,9.580525104709515,18.247031817484686,
GLU,-60,-60,76,577,0.1317157712305026,-70.34710417005839,-179.96245588560436,-28.933419756871306,,7.874992932762277,8.553100729534862,16.927667163307845,
GLU,-60,-60,19,577,0.03292894280762565,-68.23184556443294,-85.30484844411127,28.22418952375726,,11.438967741536255,12.609261530588958,17.072043570722286,
GLU,-60,-60,96,577,0.1663778162911612,-44.51536802965849,-36.49225278244012,-18.949182577394996,,33.63293815513648,29.55649638327905,24.654890963679897,
GLU,-60,-30,12,1605,0.007476635514018692,79.16096131791552,83.92314773976281,43.50694289786475,,18.21263411840871,9.786863743828134,15.179269575878196,
GLU,-60,-30,26,1605,0.0161993769470405,63.021345115114286,-175.4734194136793,35.440504392868796,,9.689615722788805,10.523429255722561,19.61891695760266,
GLU,-60,-30,32,1605,0.019937694704049845,68.68025353442307,-177.55019495786908,-28.549437749325072,,7.375666522643324,7.934472296645445,23.365684697616327,
GLU,-60,-30,26,1605,0.0161993769470405,59.96994483026859,-89.23356495357424,37.835013258406065,,10.175651953140227,3.909960277307768,14.259075398962997,
GLU,-60,-30,13,1605,0.00809968847352025,49.360591169367,-73.96420625991736,-33.91146256585961,,22.6060302920894,7.859734745199972,14.204808274857184,
GLU,-60,-30,164,1605,0.10218068535825545,-172.8995313477539,62.634373212348194,32.08361267565476,,11.096160881446895,7.626990271417978,16.073615001777814,
GLU,-60,-30,25,1605,0.01557632398753894,-170.31575858482017,76.16186863125633,-26.491245677231824,,11.63886191374287,5.638926081380728,24.44989856303586,
GLU,-60,-30,159,1605,0.09906542056074766,-176.72722047744335,176.13513103711477,34.22993496794825,,9.736013158441159,10.424559454638498,19.260649043546632,
GLU,-60,-30,192,1605,0.11962616822429907,-173.90179845437856,-178.5378151773242,-32.83190566251838,,8.610486674137338,9.689661191394599,18.817539938573116,
GLU,-60,-30,5,1605,0.003115264797507788,-177.38830096048275,-100.51447922004955,31.440668314538176,,1.2949700923485403,3.032899353952081,11.760554935804718,
GLU,-60,-30,30,1605,0.018691588785046728,-162.62208143747958,-73.51730356177654,-30.134404824924953,,16.51263482854706,23.61197966290288,21.48447905764702,
GLU,-60,-30,73,1605,0.04548286604361371,-68.43736534926252,74.63424224816467,37.38370886776004,,11.122766910931922,7.571320378112189,19.399943251962352,
GLU,-60,-30,52,1605,0.032398753894081,-64.3914763193103,91.14583273935487,-22.598177861682633,,4.9249370716709695,6.47097104748316,14.183601966493958,
GLU,-60,-30,245,1605,0.1526479750778816,-69.92011088595005,175.67478094948922,24.99467255552095,,8.79182747506094,10.585855530594134,19.044238526081287,
GLU,-60,-30,276,1605,0.17196261682242991,-67.45950122372606,179.65371268504524,-30.81764574965341,,6.864125932281438,9.302978376194906,17.462049920078854,
GLU,-60,-30,29,1605,0.01806853582554517,-63.41692199512899,-86.12286559436478,32.40215657303313,,7.978788831360417,12.380588776294132,18.915672577475497,
GLU,-60,-30,246,1605,0.15327102803738318,-51.94272966082305,-44.54538771956274,-24.21481658347426,,30.65042427620598,27.167813703943352,23.048803317360623,
GLU,-60,0,8,87,0.09195402298850575,65.77115239898308,172.30592469880108,34.40762887215316,,8.44546101128493,9.514868030555808,21.949003911654607,
GLU,-60,0,11,87,0.12643678160919541,51.081699573481366,175.43178081309247,-40.04932708946116,,12.610006978989635,8.123239492911834,18.6480783985811,
GLU,-60,0,12,87,0.13793103448275862,68.79314198673565,-87.5532365949818,22.922756797202922,,3.1301284961948714,4.202847720173157,12.86229221726147,
GLU,-60,0,7,87,0.08045977011494253,-162.85365690658261,175.50399791431659,29.995463596181462,,10.791049433702252,10.757945895206255,22.91126421774413,
GLU,-60,0,12,87,0.13793103448275862,-73.4142842461797,178.4669905383635,24.88339360687361,,10.957746825792277,13.35676591544101,19.844607928800603,
GLU,-60,0,8,87,0.09195402298850575,-62.33359627347815,-179.45057909904557,-22.51845012031335,,6.811986777189798,5.0262004064427845,14.160509110454957,
GLU,-60,0,15,87,0.1724137931034483,-47.042993950355,-43.651624850766076,-18.543157064326927,,30.792085582168507,28.3696065898689,23.228019510908897,
GLU,-60,30,6,9,0.6666666666666666,-73.82133872664201,-168.12588824176171,7.071599256792826,,10.889883330314213,10.265994546505805,7.785948233967282,
GLU,-60,90,6,11,0.5454545454545454,-7.769616250606442,-9.948072195596058,-7.5698217598437685,,17.403876534897382,25.708652233487552,16.856095529517912,
GLU,-60,120,8,106,0.07547169811320754,-175.47751698405324,73.6391205037254,27.61375465346107,,6.257281387535773,5.647760411258351,14.398874238679435,
GLU,-60,120,22,106,0.20754716981132076,-174.66167662803508,-179.10121964295317,32.26969049786372,,7.804015482024163,8.966370572864857,17.195894467656146,
GLU,-60,120,21,106,0.19811320754716982,-172.01921249933972,-179.8998602922407,-25.870127341751523,,6.231622210579017,7.411959901487192,17.539244874056987,
GLU,-60,120,11,106,0.10377358490566038,-72.31861976521309,-179.264248370856,29.592926719623534,,16.064454243746646,13.649131456258342,13.32486631067804,
GLU,-60,120,14,106,0.1320754716981132,-68.86476210687378,179.9721374361894,-31.72368537511209,,9.494062454682464,8.07201391057298,15.804958054287528,
GLU,-60,120,12,106,0.11320754716981132,-59.18464991103869,-61.361976783329936,-10.92712103604751,,30.17543141841591,28.84677511549907,13.878218655675852,
GLU,-60,150,5,170,0.029411764705882353,68.64592013470582,178.46964647341045,46.78748781114497,,3.909346930753079,18.490783587239633,30.12525963820426,
GLU,-60,150,12,170,0.07058823529411765,66.9241734547805,175.58239994084892,-58.34223189446125,,8.654642004434807,8.085138565825169,22.589945325557125,
GLU,-60,150,19,170,0.11176470588235295,179.21612074528142,-177.17165360569183,31.680679519210052,,6.246698246822835,9.268492246580802,19.53630593606195,
GLU,-60,150,19,170,0.11176470588235295,-171.898699472484,176.6040782030513,-21.519761277185218,,13.82508780770068,8.566828567497232,16.573240888202026,
GLU,-60,150,9,170,0.052941176470588235,-56.26300470323358,84.89794789318923,38.92303429847285,,20.46539235285,6.5320754874201175,22.777690714771854,
GLU,-60,150,23,170,0.13529411764705881,-64.80209142978688,178.13183944172323,27.66563236890459,,9.079482236444372,8.073597542607853,17.937182698310906,
GLU,-60,150,29,170,0.17058823529411765,-67.61809205986177,-177.16746630046725,-41.514183708059356,,8.586238108680162,9.054761722105669,20.013282164220318,
GLU,-60,150,5,170,0.029411764705882353,-66.99455339215741,-78.23248143036993,11.98130768477805,,6.663228930609792,6.546525892508062,7.100158663821883,
GLU,-60,150,32,170,0.18823529411764706,-43.37946124498635,-39.1398327023112,-23.692495917432165,,29.42016917490275,30.308320831205144,25.13492589261524,
GLU,0,0,1096,1097,0.9990884229717412,-5.950162078840407e-240,-5.945464898663714e-240,-3.814451258345241e-240,,2.1799237385863375e-119,2.1548829285129233e-119,1.042359308214177e-119,
GLU,60,30,8,33,0.24242424242424243,-57.217361694935676,176.51634760061,32.376387955645555,,6.888401945311485,6.432274134948386,13.165582205437577,
GLU,60,30,11,33,0.3333333333333333,-59.8561628095445,-171.21691137519468,-37.59981615862182,,8.652560882773125,4.97106542085725,21.563646803565316,
GLU,60,60,5,21,0.23809523809523808,-65.59497194449159,-171.39433341436086,29.020585940653593,,12.378960183903022,8.118463145235417,12.68346151211807,
GLU,60,60,5,21,0.23809523809523808,-54.681755083457,-174.46121743746218,-38.235263102109485,,4.127430723478977,7.562425366395023,19.39491154519599,
GLU,60,60,5,21,0.23809523809523808,-46.71463262649646,-71.11565313687437,-31.007543545394988,,21.18385749715494,13.789050875092169,6.658889703124874,
GLN,-150,120,13,34,0.38235294117647056,-174.90558402072017,174.55122364747584,-38.61965056123176,,6.856483955580157,11.082375544810093,17.98466280518727,
GLN,-150,150,9,54,0.16666666666666666,63.39435524469112,-175.55653489353017,66.4429312818254,,7.707420065903072,10.425740446115777,19.088996114622205,
GLN,-150,150,9,54,0.16666666666666666,-168.9167510142154,177.65289503641134,67.96050121630319,,6.7313147215182845,7.874013799237765,22.067714522125314,
GLN,-150,150,9,54,0.16666666666666666,-166.36294838626807,-176.13705711321353,-35.44019996410963,,6.549840923956432,10.423083823944689,16.816146471220744,
GLN,-150,150,8,54,0.14814814814814814,-68.60066425932534,-174.3983137117944,45.45702101294345,,8.239351582329526,9.953705081523724,18.687021868281658,
GLN,-150,150,6,54,0.1111111111111111,-69.18074121654118,176.1827290713319,-69.69065185746243,,8.694588821032227,5.878898893285318,19.936125759958454,
GLN,-120,-180,6,10,0.6,-56.31012361982819,-176.9976422223017,70.95129673880459,,6.399360424531901,10.2128529412815,20.46124887118456,
GLN,-120,-30,5,26,0.19230769230769232,-60.777022450609415,-172.50304556851037,-31.797260117384877,,9.122691458522857,13.396410717896869,20.397193217404045,
GLN,-120,-30,7,26,0.2692307692307692,-49.4133615292931,-49.12960090130304,-32.70755929362874,,18.54714241471967,23.090637180715184,22.30571886141434,
GLN,-120,0,8,31,0.25806451612903225,-63.36858220249188,172.6722940895379,48.00136379280683,,7.333758453142391,9.349802245246217,22.44837374562301,
GLN,-120,0,5,31,0.16129032258064516,-64.46252252565249,-172.1230096357962,-29.546254206975114,,12.178597292563703,16.192303080302032,13.69164884701021,
GLN,-120,0,5,31,0.16129032258064516,-39.54129590097778,-43.14112528736608,-35.2172363905052,,26.287485611879976,29.323767572653672,27.229565413009055,
GLN,-120,30,5,25,0.2,-63.53642815634631,-178.2176651721851,34.184376423269214,,5.751359313687931,6.184661818464791,24.701967911929025,
GLN,-120,30,5,25,0.2,-62.53320339348522,-62.818268157412604,-57.29471785813401,,4.966713810573981,2.4589143985956228,8.305367894430516,
GLN,-120,90,7,26,0.2692307692307692,-59.67276987272428,-172.88239431026608,-29.098819333073504,,9.578558509888767,4.250441877759708,29.412202612944274,
GLN,-120,90,5,26,0.19230769230769232,-64.10871084965983,-66.86712965157663,-27.9723649267179,,4.988577670245399,15.32778608586594,22.774424596592876,
GLN,-120,120,6,66,0.09090909090909091,-176.80317355788677,64.58028398382683,50.32864021346535,,7.268927126809241,6.291953004095755,15.520515543718808,
GLN,-120,120,5,66,0.07575757575757576,-174.05961919311875,173.66012227553455,64.25207110364931,,3.9609664570991274,5.8503822981333125,29.562538995113766,
GLN,-120,120,6,66,0.09090909090909091,179.25213147329168,-179.42196155109988,-75.5424853096532,,3.2185568450753763,5.703131600371672,21.132014865650003,
GLN,-120,120,11,66,0.16666666666666666,-63.003413222328554,-175.1745885876413,50.56169582712963,,8.162310234794234,7.588406102426529,23.76547970603785,
GLN,-120,120,10,66,0.15151515151515152,-66.07710717854552,-179.158263971433,-39.32276014415182,,4.534825252314365,6.38699645119422,18.63468913918442,
GLN,-120,120,11,66,0.16666666666666666,-58.48180630083455,-60.69484196159276,-32.56896157522989,,21.583781404259355,20.017306595065,17.66700030538976,
GLN,-120,150,8,115,0.06956521739130435,56.63517931689861,-178.61048404327235,46.35163911568149,,16.264596238473516,8.420930714929035,20.96153101221939,
GLN,-120,150,7,115,0.06086956521739131,62.93925705836439,-173.91943678118272,-75.16672319960212,,4.751720498344233,6.338295630899745,24.477405872506075,
GLN,-120,150,5,115,0.043478260869565216,-57.985887489980406,77.16285137862508,25.676293243738296,,7.611269953782482,4.823758588990731,10.471210974312148,
GLN,-120,150,17,115,0.14782608695652175,-66.92001752760768,173.92624788057182,36.85608410807034,,10.145426803305355,10.4925439578559,24.22387228529352,
GLN,-120,150,7,115,0.06086956521739131,-66.17784379482745,171.30037992078596,157.0138153650608,,6.595459395574737,14.994243163624306,16.899888110115356,
GLN,-120,150,33,115,0.28695652173913044,-64.14969353237795,-178.64465009741744,-56.33149512017906,,6.937977843644975,13.22157700160993,18.039974593900926,
GLN,-120,150,5,115,0.043478260869565216,-71.48829499212738,-58.19181609050568,75.04544881330203,,5.165275522728126,9.21001423995998,22.63664885340309,
GLN,-120,150,5,115,0.043478260869565216,-51.29558738382583,-65.29497790509986,166.03029330508235,,9.246334713574948,5.20169501090632,15.69777226459571,
GLN,-120,150,15,115,0.13043478260869565,-60.63082662306265,-64.30329280498745,-34.925343205877255,,7.9494905144948325,17.293081755142097,19.298358407471493,
GLN,-90,-180,5,16,0.3125,-61.00725917381061,177.07882311167364,-69.85220715208824,,5.82301782566164,3.6155931118536215,22.790324556313887,
GLN,-90,-180,6,16,0.375,-28.581091530781425,-27.202153715305542,-12.017457916013111,,29.06193729837992,27.957250626809035,21.30618940668893,
GLN,-90,-30,5,94,0.05319148936170213,57.66007625029985,-174.160987583476,-30.942236034968374,,16.363303681625176,6.179378752140072,44.91082215480224,
GLN,-90,-30,5,94,0.05319148936170213,-171.5932553312989,70.1117542119127,58.97223185757506,,13.304580763897556,10.247080433447621,31.467698659187764,
GLN,-90,-30,8,94,0.0851063829787234,-174.48282690928093,174.54533151319822,-18.576388634439194,,11.72845368548981,9.12975008724082,16.097594810995766,
GLN,-90,-30,15,94,0.1595744680851064,-63.08576720457647,179.18139283790103,40.66378213228537,,3.890525963256303,7.53460952033435,22.7738581426154,
GLN,-90,-30,15,94,0.1595744680851064,-68.69239663152443,-177.14023626022956,-46.89654087375452,,6.557770130599992,9.910355190629623,25.307947366537967,
GLN,-90,-30,6,94,0.06382978723404255,-55.40573362886676,-78.02009345599738,52.771858896891004,,16.76501126385913,3.8416868758150433,37.491711411869105,
GLN,-90,-30,18,94,0.19148936170212766,-61.65161601684536,-59.475132840143054,-47.873780475898954,,7.3353075288094605,10.847548415210413,15.67838742629412,
GLN,-90,0,6,128,0.046875,52.682750306936306,177.8770157538426,43.43890076880296,,20.65395123449335,7.740132307890903,11.501095561185892,
GLN,-90,0,11,128,0.0859375,-72.84882952941582,69.01934062212078,56.029624747529944,,7.690950067374427,4.103937547235522,8.238215809862911,
GLN,-90,0,25,128,0.1953125,-62.82981551116568,177.3617073666097,46.11456240411892,,5.931644052033682,9.087403895888578,13.206693574033945,
GLN,-90,0,5,128,0.0390625,-62.261281704290255,166.71100876971988,-166.8054379384038,,6.4805643787479985,10.918546841329295,29.920257207367435,
GLN,-90,0,17,128,0.1328125,-65.70855954991782,175.30924384580948,-35.195089651738314,,5.346443225274082,9.371153228940226,21.13651470409033,
GLN,-90,0,5,128,0.0390625,-62.84867447821695,-59.42519258849718,130.35586211694587,,9.125572619056948,4.942296205488753,9.490191829414012,
GLN,-90,0,32,128,0.25,-59.45897406489752,-57.52286224399346,-44.31321605527598,,14.923676571865803,14.230289580565188,16.599674230265542,
GLN,-90,30,5,10,0.5,-76.92722525868888,179.6511194112159,-18.701793336871884,,19.28277080182256,9.444047374632106,18.851553982541322,
GLN,-90,120,9,86,0.10465116279069768,177.02283147423276,66.40291880859544,52.753522252215426,,9.491231779965418,4.148740718150979,12.56527112951969,
GLN,-90,120,6,86,0.06976744186046512,-178.28192922937347,66.56472013729817,-96.71618831440632,,8.709421709073865,12.4214463903023,26.217232873986827,
GLN,-90,120,14,86,0.16279069767441862,-179.2233049876361,-175.50572118600795,49.7968596753857,,6.581373489212559,9.449437145542177,19.119309009925196,
GLN,-90,120,7,86,0.08139534883720931,-178.35217952825846,176.64145588374973,-177.23249868445075,,4.220526043866413,7.591410135033803,12.233386831157578,
GLN,-90,120,7,86,0.08139534883720931,-175.45565346354564,-171.88040977028078,-39.18734112028562,,4.541212663998037,9.148883646037335,18.39989217389738,
GLN,-90,120,5,86,0.05813953488372093,-69.04588473427106,175.82569749318614,29.65918034954994,,13.783324489229692,11.498672072116864,22.289251454694977,
GLN,-90,120,12,86,0.13953488372093023,-68.09694881057509,176.5256916925322,-53.03045560914996,,6.589840020886008,7.1812272579509395,39.69803919355584,
GLN,-90,120,11,86,0.12790697674418605,-63.36597101056916,-54.99368384852933,-35.11325358790841,,16.92277958211366,15.940303429752742,20.837449139457686,
GLN,-90,150,6,92,0.06521739130434782,-158.39678948512423,-179.39204619683326,-23.328897363808384,,11.734073178608147,11.462216046665278,7.464659632374929,
GLN,-90,150,21,92,0.22826086956521738,-67.47577341764529,-175.22774819365424,39.93588912620252,,9.613397207623079,12.795186865136314,25.307487000465784,
GLN,-90,150,5,92,0.05434782608695652,-58.89257771028178,178.14293981941043,-155.12621978861867,,12.211032702108678,8.367253491262927,13.207060463532578,
GLN,-90,150,18,92,0.1956521739130435,-61.00139970860026,-178.38266062873683,-61.29275609837006,,6.173747455470405,11.97423356007817,13.894902420121637,
GLN,-90,150,5,92,0.05434782608695652,-65.73000035213107,-60.72492652783778,112.84684787298609,,12.201122963258099,4.6883453962564525,6.90562002203726,
GLN,-90,150,14,92,0.15217391304347827,-54.677527519016365,-53.667418506645056,-29.181477834805076,,12.552785761331151,14.841416140689791,18.990197110306084,
GLN,-60,-60,23,248,0.09274193548387097,-178.09901276175154,61.63557260480124,50.084267796195014,,6.582116134042403,7.6432389920794845,15.061613325837715,
GLN,-60,-60,6,248,0.024193548387096774,169.06663265873587,66.82942610969756,-169.88506265911028,,11.075832360893262,9.410095700458314,23.011547687801574,
GLN,-60,-60,7,248,0.028225806451612902,-148.0211145320918,70.23718461043232,-81.93612402120387,,24.296355382339925,13.39883646357268,33.85338612976295,
GLN,-60,-60,23,248,0.09274193548387097,-174.94200542143776,174.1219371295811,38.40681674413907,,9.605207409821164,10.675218089837609,21.26474358605206,
GLN,-60,-60,11,248,0.04435483870967742,177.5193879712852,-176.10624556678044,173.756412597343,,7.581959391752109,8.936478470945998,19.67733311912224,
GLN,-60,-60,23,248,0.09274193548387097,-177.38780315830917,177.62216699412983,-43.50558241061563,,8.514554374756173,9.410789797368702,23.748694683286722,
GLN,-60,-60,7,248,0.028225806451612902,-171.12392257241245,-71.27159977737276,-35.91424627452195,,16.421864347528484,29.26743247669726,25.526911640657374,
GLN,-60,-60,5,248,0.020161290322580645,-74.81791407090351,91.2956329642424,-47.746082115761524,,9.97183319977597,7.81174382243717,18.706149125061874,
GLN,-60,-60,40,248,0.16129032258064516,-72.98730614137911,176.89848776116386,24.666513255395994,,6.71633291843307,8.781412975785004,13.730820181999018,
GLN,-60,-60,11,248,0.04435483870967742,-75.20389383989705,-178.72081521865647,171.6791771772043,,8.872974344900294,10.00827104101574,29.15699101616962,
GLN,-60,-60,48,248,0.1935483870967742,-70.50883588482013,177.35284167659802,-38.75510160359915,,8.279599850101246,7.873915361127235,17.836107765726428,
GLN,-60,-60,8,248,0.03225806451612903,-64.01390505606223,-67.81525924765889,79.088066738238,,7.115750448208423,9.89696948930142,19.007149070455423,
GLN,-60,-60,21,248,0.0846774193548387,-43.14626205378418,-38.68760288543205,-31.11845841547362,,29.71310847161263,25.684851576244622,25.846394500372746,
GLN,-60,-30,10,777,0.01287001287001287,73.29993507687652,-178.77769306786323,65.02880771593617,,13.104922959882423,9.137102220818383,19.037311441774374,
GLN,-60,-30,6,777,0.007722007722007722,60.74346230811901,175.8252945711597,-177.33911974742975,,11.567396247248597,12.915837119027861,13.644863778275756,
GLN,-60,-30,20,777,0.02574002574002574,64.51757572045835,178.79420138140085,-53.150034000064466,,5.531715937331511,9.273602051160886,16.222793115749234,
GLN,-60,-30,95,777,0.12226512226512226,-174.66638008063725,61.82360354056823,46.74538769398811,,6.21437729201636,7.201053129536548,16.765285223252,
GLN,-60,-30,12,777,0.015444015444015444,-175.5727343465604,62.16836539501129,-131.96331239567036,,8.842499044836705,3.455152002289915,10.223456576501244,
GLN,-60,-30,21,777,0.02702702702702703,-173.26079099038375,71.49889345355936,-70.10127557156444,,9.972540179532944,7.627150157760973,30.419797247466978,
GLN,-60,-30,59,777,0.07593307593307594,-177.86055045899536,175.91767676384478,37.84177247033068,,8.566533143821921,9.768455046194887,18.56619524873202,
GLN,-60,-30,17,777,0.021879021879021878,-176.74417626506948,-174.39222475036746,162.50027811254162,,8.389990385683886,6.6734671749575485,24.98057694514009,
GLN,-60,-30,66,777,0.08494208494208494,-177.7213958825873,178.54144589764957,-42.53545269281365,,8.28259794251625,11.033575107347607,25.658860510502503,
GLN,-60,-30,18,777,0.023166023166023165,-168.22725880700978,-85.72028296135663,-28.75761022128407,,6.1118205088904585,8.565860294424231,12.21781899368535,
GLN,-60,-30,8,777,0.010296010296010296,-66.7778701732113,75.13772664790353,35.62061227593993,,5.318545405100317,8.994511700450317,22.163518320530912,
GLN,-60,-30,17,777,0.021879021879021878,-65.77698164827267,90.7713460520372,-34.941000097359556,,9.721366513634573,8.064592814906359,17.24800797045121,
GLN,-60,-30,105,777,0.13513513513513514,-69.78256624297228,178.26478261243,42.5162487598522,,6.857656668892434,11.773506646792653,18.887034391043056,
GLN,-60,-30,38,777,0.0489060489060489,-69.29806327105005,176.7851669140048,-178.4335615002737,,7.544185493103536,8.24374289834605,19.069959820090993,
GLN,-60,-30,129,777,0.16602316602316602,-69.5815573355573,176.5712926675162,-43.414771096934786,,6.560942135742185,7.156005193547107,19.15067133118469,
GLN,-60,-30,31,777,0.039897039897039896,-68.42938257652014,-66.95588065851324,91.79872062270736,,5.867106422964105,11.10014245228063,30.808800978256244,
GLN,-60,-30,16,777,0.02059202059202059,-65.22524309570089,-58.51857713593943,134.21615425223743,,6.997401365906004,6.740543550523173,12.752153263116465,
GLN,-60,-30,97,777,0.12483912483912483,-64.23807406059142,-57.348221676524446,-37.6669705779993,,13.263495061222676,14.419133676347132,18.98281222127674,
GLN,-60,0,7,26,0.2692307692307692,-64.93713699718174,177.3840269086717,-30.68566536245854,,7.002994405946138,7.42921583879958,18.177100674687335,
GLN,-60,120,5,53,0.09433962264150944,169.70215867055444,63.35539374018602,44.33733364366957,,17.91422722021086,2.1255661645496318,15.21697107132531,
GLN,-60,120,8,53,0.1509433962264151,-176.01726031392712,-175.81319346502144,34.78745894462862,,6.490101503402613,3.8966450320122616,14.773078071683884,
GLN,-60,120,6,53,0.11320754716981132,-177.98384379563421,166.76882769329757,-38.43752310995188,,11.19886949306656,17.826986950264917,18.384702331120355,
GLN,-60,120,5,53,0.09433962264150944,-164.24780345741988,-79.45437932517686,-44.30609435748799,,11.884434022196427,14.971154683522034,15.432726606115772,
GLN,-60,120,5,53,0.09433962264150944,-64.25031778467499,179.00980169682012,-50.402414189555905,,8.12551326637926,8.57785576903972,14.888723719947315,
GLN,-60,120,10,53,0.18867924528301888,-68.55626968592394,-64.06341476814944,-30.306495556063393,,7.499870079904349,7.002536749617976,13.544745654151146,
GLN,-60,150,5,53,0.09433962264150944,-178.60306293366884,65.18361734399618,41.640332615899034,,14.322992531622198,9.111496742370468,13.081468980262152,
GLN,-60,150,6,53,0.11320754716981132,-64.63184857160607,-169.90036904406858,-56.863636129274646,,2.425912488211161,10.93826000764542,12.701449841379887,
GLN,-60,150,7,53,0.1320754716981132,-41.160054117862245,-40.565261223947594,-9.762328007399656,,29.420813853507553,30.97345361865633,18.95767721851926,
GLN,0,0,434,434,1.0,0.0,0.0,0.0,,0.0,0.0,0.0,
GLN,60,30,7,21,0.3333333333333333,-68.82696679183785,-179.84326120650897,67.03789667558657,,3.938735332066549,11.07709655448632,17.044682921962266,
GLN,60,30,8,21,0.38095238095238093,-66.83669608945735,-178.37141662316347,-57.1135892498651,,6.22294993920673,13.195599949697144,24.0602661517803,
GLN,60,60,9,24,0.375,-62.80337170746009,-179.22554720625917,-48.7094949453644,,6.65731523243861,16.700735132440585,24.436687145984493,
GLN,60,60,5,24,0.20833333333333334,-18.992046324878274,-16.932590433102124,-10.142716320866507,,34.42972649504711,28.423846030754838,15.820860613774645,
MET,-150,-180,5,11,0.45454545454545453,53.1494697568484,176.71117196574806,-77.84251633556177,,10.866736426735095,10.258023353404402,6.0411744826638625,
MET,-150,150,7,46,0.15217391304347827,54.87288444585195,-168.15166663535211,67.97522555090275,,7.166416322043835,14.297959123292753,19.536752185807718,
MET,-150,150,7,46,0.15217391304347827,67.40968571319162,179.8793317256566,-65.47630962954646,,9.186638733390176,8.38895136132577,9.903243310064402,
MET,-150,150,5,46,0.10869565217391304,-68.66007437820741,178.82721689683498,164.5994230323325,,14.432340074774793,5.158279147459971,17.761189101981227,
MET,-150,150,7,46,0.15217391304347827,-69.77166522228073,-171.84569326943003,-80.73046928005652,,6.998573227487488,6.140115815534234,11.68058331006204,
MET,-150,150,5,46,0.10869565217391304,-83.58914941721396,-1.5337472442659978,-1.4364149203385885,,23.924179735104705,12.580062042262998,8.688079524937272,
MET,-120,120,7,60,0.11666666666666667,-174.53953327830382,170.28380848293384,63.41917523946054,,4.395018423311116,21.574927491152206,10.389758992831139,
MET,-120,120,8,60,0.13333333333333333,-166.61918732479532,179.1847421285929,-65.50892276847902,,8.771271060773818,7.128421939480251,17.313577288407473,
MET,-120,120,5,60,0.08333333333333333,-173.17050480434986,-1.4089207550985325,-1.2446932539990563,,6.276444491612988,13.527092644143089,14.252779555849905,
MET,-120,120,8,60,0.13333333333333333,-58.62028255743301,179.8123488364815,76.32547187485788,,10.621131004477009,4.508886997516996,5.566687256712714,
MET,-120,120,8,60,0.13333333333333333,-60.314472779533,179.78017753820012,-66.67332441926182,,6.347753466521472,15.242740866928724,11.895601993666753,
MET,-120,120,7,60,0.11666666666666667,-56.75004200279848,-21.76410062393934,-15.039060785825642,,8.733133611192109,33.07754453596309,23.966369198744054,
MET,-120,150,5,55,0.09090909090909091,57.81983946590512,-176.75651112103287,-68.1599976085161,,4.803716881659075,5.834016671444653,10.420661582282788,
MET,-120,150,9,55,0.16363636363636364,-61.29145235765759,-178.4954001321136,68.59479735367285,,4.272810944191832,8.525674612728361,7.554458376479493,
MET,-120,150,6,55,0.10909090909090909,-63.90882968211324,-168.07660406672866,-145.22899070051204,,7.744601569659653,21.52371459018777,12.612456263741658,
MET,-120,150,8,55,0.14545454545454545,-65.70702405941357,-172.87767895570985,-73.8158972455463,,9.414487054227525,14.565742948152156,7.831691209427341,
MET,-120,150,14,55,0.2545454545454545,-60.70952557109946,-56.07746611471207,-58.77302405299128,,8.433729736688619,28.635459136136344,31.9604433098235,
MET,-90,-30,5,72,0.06944444444444445,-178.07301924828613,177.39506802991505,-73.51830906320231,,17.822384103130446,11.632583711412964,20.701218277172554,
MET,-90,-30,9,72,0.125,-65.02321074253994,176.98942630435798,67.76320548061008,,6.400571938467042,7.955547102137412,7.632099196737787,
MET,-90,-30,9,72,0.125,-64.66128172986701,-166.478117881346,-70.32814741042417,,9.180135964702194,5.384688851021211,16.94717369999475,
MET,-90,-30,5,72,0.06944444444444445,-65.92501917620163,-62.188930171496644,94.25888188783651,,3.440329001155739,4.416939176788648,8.167012401532327,
MET,-90,-30,21,72,0.2916666666666667,-66.550149733757,-46.522263830935536,-52.71819387642686,,7.716245774237887,27.83040950906219,31.231852285072122,
MET,-90,0,13,69,0.18840579710144928,-62.33947123273813,175.5373834178553,68.49046148417776,,12.233766786427974,4.653886078905296,11.22564159056303,
MET,-90,0,13,69,0.18840579710144928,-66.41641464329072,-176.95111667288495,-66.35979981308297,,8.199490758362582,7.266653899871026,20.981371733212665,
MET,-90,0,25,69,0.36231884057971014,-64.77111315520945,-42.602141254826655,-48.80710949498712,,5.5988632227839465,28.29190056861302,32.39193862868572,
MET,-90,120,7,51,0.13725490196078433,178.72128707463838,61.92763207405389,77.97898617047441,,4.4770034468302295,5.0244686438382935,8.702080558969316,
MET,-90,120,5,51,0.09803921568627451,179.93874353427282,-1.5723203718297123,-1.5816461018700931,,6.0763861026477874,11.946847840241553,11.583525808999068,
MET,-90,120,8,51,0.1568627450980392,-84.43765096895837,-177.60645715402606,70.67586026926077,,11.255357873840492,6.787941185024743,9.929411371969637,
MET,-90,120,7,51,0.13725490196078433,-61.29620256233676,-167.43481008396668,-84.7013515018629,,5.505657609173018,9.800189826297185,13.855510156758656,
MET,-90,120,12,51,0.23529411764705882,-60.1724349989547,-55.215490422720436,-65.50085310034203,,6.911821881187045,18.564961587414977,22.67306411713107,
MET,-90,150,8,51,0.1568627450980392,-65.70050276901794,-168.1353782543019,59.57637353674507,,7.672365684602335,12.996358439429924,10.129046881338068,
MET,-90,150,12,51,0.23529411764705882,-62.667294875921996,-57.24314088063755,-63.28432199052141,,4.987166005162945,16.122414658882104,21.363956640903332,
MET,-60,-60,6,136,0.04411764705882353,-169.92826835022072,57.452412524712834,77.2635559302319,,7.794040555552537,5.370311558932067,12.132013179883245,
MET,-60,-60,18,136,0.1323529411764706,-177.10622909037795,-178.44903344913826,73.65574642142826,,6.851602631734076,8.211821498235036,9.833078862763509,
MET,-60,-60,11,136,0.08088235294117647,-170.20707829651866,174.25772522796876,-67.22446287449277,,11.908576521835542,6.933686592016152,11.411839168694371,
MET,-60,-60,10,136,0.07352941176470588,177.28333275774142,-42.007985548780745,-34.130307455437105,,6.331641700870014,42.4353620512853,35.96119958120591,
MET,-60,-60,15,136,0.11029411764705882,-67.33818271374874,174.38744742307594,68.75906325539057,,5.2097097313652005,8.780794451916213,5.069110355470638,
MET,-60,-60,20,136,0.14705882352941177,-76.04676278209324,-179.02397168342665,177.0822042072437,,7.138578501466276,5.3869169196750635,9.979166028926624,
MET,-60,-60,13,136,0.09558823529411764,-74.87343269470166,-166.85664720145846,-80.79740379318088,,10.002692861223858,8.12162950454794,15.69947463801495,
MET,-60,-60,9,136,0.0661764705882353,-70.58184091752983,-62.11428631817229,97.15106261523604,,4.364999111356949,5.708040159525397,4.384653771176401,
MET,-60,-60,20,136,0.14705882352941177,-70.85493557910804,-25.54826943978707,-28.318405204915692,,9.05467231355799,27.237372531515764,30.29397213419351,
MET,-60,-30,8,384,0.020833333333333332,67.92925007674678,177.2648432315431,76.34597989806947,,8.84496133983271,2.7510215636524116,11.75394549208233,
MET,-60,-30,24,384,0.0625,-173.65828588069323,59.42167913771257,71.13484128513015,,6.997926736855179,5.030641254095633,10.476960040716412,
MET,-60,-30,6,384,0.015625,-171.68981470838824,58.760363582112745,-166.20560707228753,,5.355620347623026,4.1639734807520155,12.215242464591304,
MET,-60,-30,20,384,0.052083333333333336,-177.37855039616863,-176.09137180132046,62.014201564434,,6.575169791867741,14.881173049415477,10.964207854523588,
MET,-60,-30,10,384,0.026041666666666668,-174.79336497740266,177.8679887488828,178.8237506716935,,6.464638712602381,9.192049792344498,7.528636037226018,
MET,-60,-30,17,384,0.044270833333333336,-175.97620659636993,178.7513393796185,-64.26490565328929,,9.940081028684967,11.254014219464308,10.447360839184023,
MET,-60,-30,21,384,0.0546875,-174.64306100783878,-1.2564581416859322,-1.4967925754361544,,10.443412121249354,12.263640058263665,8.70594024362139,
MET,-60,-30,58,384,0.15104166666666666,-69.49242643326926,176.25198720717847,69.72292086924425,,5.601774026901136,8.10917130402227,8.643837603191727,
MET,-60,-30,30,384,0.078125,-69.68510936430435,-179.77393958929977,-176.90537753075782,,5.857542582414331,7.143104282621114,17.797918575602388,
MET,-60,-30,33,384,0.0859375,-70.06447710180355,-171.85283450253138,-70.36945386158975,,6.093066082739754,4.668504014912775,16.718863693947952,
MET,-60,-30,30,384,0.078125,-66.75290860495943,-60.23499515537268,97.18146005325256,,5.2509856968959285,7.826296985896261,8.483150586735627,
MET,-60,-30,7,384,0.018229166666666668,-61.61904564227967,-55.63322440201601,161.4050200599059,,11.657665092122231,8.999143139145975,20.10151389047845,
MET,-60,-30,109,384,0.2838541666666667,-69.82193208797337,-44.74040193080953,-50.54626425373498,,8.712768209932934,25.680324500118317,29.440938628950388,
MET,-60,0,15,22,0.6818181818181818,-69.1164460749986,-48.84714631651854,-49.536508518994296,,8.095632979910379,25.907919945126217,26.646979486465355,
MET,-60,120,5,24,0.20833333333333334,-177.02999410329343,-178.16100170486573,-76.30342127982195,,4.096035831177128,10.229856444806945,7.586460405185317,
MET,-60,150,8,43,0.18604651162790697,-68.78405450071395,-168.41215532174846,-70.46895105234424,,8.670079720384491,6.132754317662489,4.5079297014034,
MET,-60,150,10,43,0.23255813953488372,-60.05398676178822,-58.21997019823656,-68.48664997369647,,12.407362140850118,13.20814592766921,21.641805008371293,
MET,0,0,255,255,1.0,0.0,0.0,0.0,,0.0,0.0,0.0,
ASP,-150,-180,20,40,0.5,57.58508976608378,34.05628788736908,,,6.380196582976194,12.09600933259576,,
ASP,-150,-180,7,40,0.175,77.07819248516815,-70.82210500875806,,,3.9981307327357087,14.90395129854706,,
ASP,-150,-180,5,40,0.125,-158.07312273531238,-13.901797632924989,,,1.6963971196083196,3.069118444161219,,
ASP,-150,-150,9,13,0.6923076923076923,64.49810466376644,25.276093308330715,,,6.409567059896682,17.3770968908821,,
ASP,-150,60,6,12,0.5,-164.93237666029583,20.737398780806224,,,3.8258683833489218,12.69010006500398,,
ASP,-150,60,5,12,0.4166666666666667,-164.40718157459673,-7.933924254836645,,,3.232665480210945,7.061470012899259,,
ASP,-150,90,16,32,0.5,-178.08152158173175,23.705477917287126,,,6.037530497766944,12.260995073608857,,
ASP,-150,90,13,32,0.40625,-168.41794188858296,-13.464839699002164,,,3.9988540578151626,11.350678965250767,,
ASP,-150,120,6,39,0.15384615384615385,-173.16083785249313,30.06961958251527,,,2.9955155612360196,16.829008665330896,,
ASP,-150,120,33,39,0.8461538461538461,-174.09755183025126,-36.73432495739673,,,5.083801166711291,17.98092752503196,,
ASP,-150,150,5,44,0.11363636363636363,58.50974409939388,66.77371699501435,,,7.632018605941053,6.140214963365108,,
ASP,-150,150,15,44,0.3409090909090909,-176.3665226303782,39.21918353343623,,,7.9525210820680545,24.124266821918006,,
ASP,-150,150,11,44,0.25,-161.94592828666256,-56.040573824544424,,,7.307478964231253,25.222491575720113,,
ASP,-150,150,8,44,0.18181818181818182,-61.220390164679806,-45.055037598574344,,,22.60518217663879,23.09944828426981,,
ASP,-120,-180,15,29,0.5172413793103449,60.732739472327246,21.657545163160933,,,4.271326639519695,12.012367020984748,,
ASP,-120,-180,6,29,0.20689655172413793,63.265471083991706,-9.852596928507868,,,4.961119574843092,13.677590697521604,,
ASP,-120,-30,10,16,0.625,-66.51854571766715,-40.3801695124925,,,9.356159103334264,20.30904884207521,,
ASP,-120,0,10,57,0.17543859649122806,54.08984198845594,8.290356309093095,,,4.687603725503079,5.7644744745296865,,
ASP,-120,0,9,57,0.15789473684210525,65.44729341900151,-22.335737623049308,,,4.6417375376660335,9.687618590115607,,
ASP,-120,0,5,57,0.08771929824561403,-163.1541137340618,24.00796214186822,,,5.060278738349658,6.998563123216612,,
ASP,-120,0,30,57,0.5263157894736842,-64.28548369146877,-41.60690674499983,,,12.339071985485234,14.105495202274149,,
ASP,-120,30,7,42,0.16666666666666666,49.6002492639253,23.091016248620157,,,5.7266184709291705,7.737515032640071,,
ASP,-120,30,17,42,0.40476190476190477,62.81641758222995,-22.211537401609462,,,5.301330943885107,10.99430842768967,,
ASP,-120,30,6,42,0.14285714285714285,-158.39527197198413,41.17571397649399,,,8.723261436828823,25.640406022102567,,
ASP,-120,30,11,42,0.2619047619047619,-72.15598391924478,-20.086497761529817,,,20.5483407915108,17.00050597856856,,
ASP,-120,90,23,58,0.39655172413793105,177.92880761707556,20.388653964325943,,,7.188384811049264,11.641738886947971,,
ASP,-120,90,27,58,0.46551724137931033,-173.95485859584306,-16.820338023525647,,,4.900540392632222,11.390974937895173,,
ASP,-120,90,5,58,0.08620689655172414,-56.40446986823103,-49.667556814040246,,,13.409090571087997,24.81464472439386,,
ASP,-120,120,29,113,0.25663716814159293,-172.47976566190465,30.392319156259443,,,7.556190040187195,25.951136120224593,,
ASP,-120,120,50,113,0.4424778761061947,-172.2563475021541,-24.13595279970898,,,5.264009212008225,14.373216056339144,,
ASP,-120,120,6,113,0.05309734513274336,-60.41650867944358,47.69050129577859,,,13.255622530914481,21.51629281277406,,
ASP,-120,120,26,113,0.23008849557522124,-64.01894187162033,-41.477920088612265,,,8.667069951827756,21.650682152275852,,
ASP,-120,150,13,53,0.24528301886792453,-173.37475511593416,55.0214973120665,,,9.796151576734804,19.2777828192457,,
ASP,-120,150,7,53,0.1320754716981132,-157.3874965271094,-41.86486743924004,,,15.759181387976215,28.739361129638123,,
ASP,-120,150,11,53,0.20754716981132076,-68.56831973785569,25.436095304887715,,,14.104754416968172,16.212814819020128,,
ASP,-120,150,15,53,0.2830188679245283,-65.62389627270335,-30.71678093844629,,,10.906029909359283,17.601779917753827,,
ASP,-90,-180,28,60,0.4666666666666667,64.25917197087874,19.757671771285032,,,5.152131672068684,6.559674880559436,,
ASP,-90,-180,15,60,0.25,69.78878210517696,-14.632479664372642,,,8.486330290523304,10.656397406097751,,
ASP,-90,-180,5,60,0.08333333333333333,-86.58870931318846,19.177071940637695,,,15.23464115454052,8.082322046096225,,
ASP,-90,-180,7,60,0.11666666666666667,-72.03650672849925,-40.21913211973801,,,12.939734544302707,20.376759592232105,,
ASP,-90,-60,5,24,0.20833333333333334,-73.11815717696439,47.49772577842054,,,11.684160611662106,24.78906748951042,,
ASP,-90,-60,14,24,0.5833333333333334,-68.21116579576174,-36.0727499706387,,,6.409291035823488,16.309969130839992,,
ASP,-90,-30,15,168,0.08928571428571429,57.41955730344991,-31.808764563696815,,,6.432558887934843,15.669039949909648,,
ASP,-90,-30,10,168,0.05952380952380952,-166.8926734734636,58.18759197970077,,,6.525619440677063,10.788622010954223,,
ASP,-90,-30,5,168,0.02976190476190476,-133.1915861279499,-70.86092899010892,,,12.853916937613654,11.377187745575512,,
ASP,-90,-30,13,168,0.07738095238095238,-75.76496726059331,40.34306403581386,,,11.76378524139023,23.688945762733614,,
ASP,-90,-30,121,168,0.7202380952380952,-65.63927503112181,-37.20152228613031,,,8.284206589622604,16.59100420537699,,
ASP,-90,0,36,188,0.19148936170212766,59.98780718184526,16.945108469140184,,,5.698221800066381,12.917963916172036,,
ASP,-90,0,42,188,0.22340425531914893,62.323917984353606,-32.974999887555974,,,6.364974639081219,16.92602570695615,,
ASP,-90,0,14,188,0.07446808510638298,-70.95391538561331,44.211919853009356,,,16.573907730622565,15.083988574781449,,
ASP,-90,0,91,188,0.48404255319148937,-65.4013864067621,-29.081851598004686,,,8.204892400107374,12.453959228305811,,
ASP,-90,30,10,51,0.19607843137254902,59.666160754653184,14.05607314181115,,,4.601102021734806,12.816045055567365,,
ASP,-90,30,17,51,0.3333333333333333,63.598005996179026,-13.80103903260521,,,3.795531848467852,7.942080510469345,,
ASP,-90,30,20,51,0.39215686274509803,-61.98030258956592,-43.91955856036612,,,9.072211293299997,15.14066320460868,,
ASP,-90,60,8,38,0.21052631578947367,-175.92208515489702,20.033741165761576,,,5.917058557847265,7.792276011194379,,
ASP,-90,60,8,38,0.21052631578947367,-164.14290827385938,-12.731676812965029,,,5.463444100347303,6.290855845920704,,
ASP,-90,60,17,38,0.4473684210526316,-67.0823436689542,-30.983288016393537,,,16.444977507714075,12.293029627524353,,
ASP,-90,90,40,106,0.37735849056603776,-177.98925427742338,18.67182351082197,,,5.032800677861532,11.331621418899383,,
ASP,-90,90,49,106,0.46226415094339623,-174.27193830079975,-16.283760810310387,,,5.52615358876926,9.390638114042344,,
ASP,-90,90,14,106,0.1320754716981132,-54.522162753961936,-11.43309073478486,,,30.12811378947484,18.797393064645135,,
ASP,-90,120,39,172,0.22674418604651161,178.15380292608972,23.77665866202768,,,5.589107471758048,20.31037818428263,,
ASP,-90,120,88,172,0.5116279069767442,-173.22337001005852,-21.614026825063675,,,6.006423575205212,14.725454332160215,,
ASP,-90,120,37,172,0.21511627906976744,-66.0828476941965,-30.50562469040042,,,5.715860614018331,16.095043645760715,,
ASP,-90,150,7,109,0.06422018348623854,60.0696302449601,-60.3651814986137,,,5.2602315702554145,14.926048024885391,,
ASP,-90,150,25,109,0.22935779816513763,-172.9356479056991,62.723986326943226,,,5.294984388033277,24.015261159718182,,
ASP,-90,150,12,109,0.11009174311926606,-153.62720145473207,-30.749316969163605,,,10.594212773457585,27.635068904856674,,
ASP,-90,150,8,109,0.07339449541284404,-75.8838642364064,8.839438289866692,,,7.844821323304104,6.7418912095872745,,
ASP,-90,150,55,109,0.5045871559633027,-64.30913021445654,-35.029825471844404,,,9.50364516039315,13.454204632742057,,
ASP,-60,-180,6,13,0.46153846153846156,76.29923350182484,10.53799014810409,,,7.762424449974615,8.59334228483323,,
ASP,-60,-60,41,275,0.14909090909090908,-174.07907145419452,50.87071744459727,,,8.850834251971293,17.969794049076683,,
ASP,-60,-60,23,275,0.08363636363636363,-161.93851188530513,-56.33734985024043,,,14.784972804744623,25.056430295090863,,
ASP,-60,-60,42,275,0.15272727272727274,-73.06272233384635,25.447730174329507,,,13.441143157700926,19.37907110562148,,
ASP,-60,-60,166,275,0.6036363636363636,-69.67198413444054,-21.076829402468494,,,7.715147174914711,12.290519575632775,,
ASP,-60,-30,15,843,0.017793594306049824,50.3936269075069,44.63868158641745,,,5.983427277985203,17.32878786777369,,
ASP,-60,-30,41,843,0.04863582443653618,58.52248957403553,-41.6664281834019,,,6.836523326388429,17.07326042732831,,
ASP,-60,-30,116,843,0.1376037959667853,-171.62033234335732,58.87764216138567,,,8.659041135804554,15.43072497694138,,
ASP,-60,-30,26,843,0.03084223013048636,-162.98793896243325,-53.96540568580196,,,10.963748976660648,25.4654115085874,,
ASP,-60,-30,111,843,0.13167259786476868,-75.74342664647722,18.7191857974298,,,7.836892860493374,15.076778335670008,,
ASP,-60,-30,534,843,0.6334519572953736,-69.56180583964826,-21.83145809406958,,,7.070493535853061,11.805392561646286,,
ASP,-60,0,19,78,0.24358974358974358,53.35921722436043,26.84980157843088,,,9.978485645303847,15.708867226740994,,
ASP,-60,0,16,78,0.20512820512820512,61.65210626419337,-34.216372527082044,,,6.673474008415283,17.16837982151807,,
ASP,-60,0,6,78,0.07692307692307693,-79.71455301175868,25.16055757675908,,,8.228299794062309,8.08244052674974,,
ASP,-60,0,35,78,0.44871794871794873,-67.11228508312401,-23.56617570348434,,,7.560951207190662,13.612855258097143,,
ASP,-60,90,10,24,0.4166666666666667,-173.66465349710396,15.453241475808207,,,6.444468772292145,8.967987259680816,,
ASP,-60,90,10,24,0.4166666666666667,-162.92228736522284,-23.618177577013327,,,6.653569918109741,7.213216409827212,,
ASP,-60,120,49,142,0.34507042253521125,-179.72796164332658,38.97393561878099,,,6.944121229765504,23.071162252907115,,
ASP,-60,120,64,142,0.4507042253521127,-170.33713552408508,-39.47870570573266,,,5.656814866010174,22.01934663584809,,
ASP,-60,120,7,142,0.04929577464788732,-67.74776721370662,37.6331962945921,,,11.041169346883782,19.45752572101286,,
ASP,-60,120,20,142,0.14084507042253522,-66.03743699277076,-32.940277975446946,,,5.4631348081458935,12.220153835162257,,
ASP,-60,150,5,149,0.03355704697986577,64.7502670379411,60.437362910852386,,,10.591340134483028,15.90668159727437,,
ASP,-60,150,6,149,0.040268456375838924,62.88624177230157,-68.45669805600292,,,4.347958639113193,11.972477667611614,,
ASP,-60,150,14,149,0.09395973154362416,-175.63859025254916,61.985973251065815,,,4.406658058743394,16.69611658733175,,
ASP,-60,150,15,149,0.10067114093959731,-166.13249693988809,-65.23715840398624,,,8.657426058675373,21.946841139616964,,
ASP,-60,150,32,149,0.21476510067114093,-74.7289915052694,15.666121933203014,,,8.100807259061718,14.951701016282838,,
ASP,-60,150,77,149,0.5167785234899329,-69.56163533456989,-22.386812233890883,,,8.968105277562035,12.11761059215216,,
ASP,-30,-60,7,14,0.5,-62.95299742933959,50.15528188095458,,,5.653681968918873,29.45474334948488,,
ASP,0,0,782,782,1.0,0.0,0.0,,,0.0,0.0,,
ASP,60,30,20,53,0.37735849056603776,-160.76648852711403,30.821671995682713,,,5.390019810701325,9.637421528746076,,
ASP,60,30,32,53,0.6037735849056604,-65.00441462483913,-37.306210165543646,,,8.792759552769459,17.296807138541975,,
ASP,60,60,13,34,0.38235294117647056,-165.04396998053028,24.688240958536877,,,8.266660037099035,7.964145413829297,,
ASP,60,60,6,34,0.17647058823529413,-87.95365716300759,32.50368413883804,,,18.368719762526563,18.666793817874293,,
ASP,60,60,12,34,0.35294117647058826,-55.90878682869205,-34.67984357986627,,,10.986013812865771,20.230249814716615,,
ASP,90,0,5,8,0.625,-49.24816277512087,-18.147449483941536,,,16.413034730868418,16.97116744255887,,
ASN,-150,-180,14,23,0.6086956521739131,59.740428420513624,48.54058946811021,,,5.293486170619489,18.934510485261228,,
ASN,-150,-180,5,23,0.21739130434782608,-84.55981912862778,-71.54272032164005,,,20.676903451617388,21.06187514101485,,
ASN,-150,0,7,12,0.5833333333333334,55.674927461255024,33.9162845276184,,,5.301610414592609,21.416246615822764,,
ASN,-150,30,5,20,0.25,-164.75237716764147,26.107133564164542,,,2.197194924675959,9.646476437993291,,
ASN,-150,30,8,20,0.4,-75.24606289495773,-65.95003670143528,,,6.5089920217002994,13.106477467388403,,
ASN,-150,90,6,22,0.2727272727272727,177.6490590649591,8.494029182592302,,,2.9580226892994395,9.87731054334819,,
ASN,-150,90,12,22,0.5454545454545454,-169.55024899806347,-28.289335536602714,,,5.072584507630004,13.314381992511978,,
ASN,-150,120,8,22,0.36363636363636365,-173.74522908082156,45.924498321987514,,,13.543069390802005,30.033938486146557,,
ASN,-150,120,6,22,0.2727272727272727,179.77742817298298,-27.610965370574714,,,6.822464539506979,20.598308696534772,,
ASN,-150,150,13,38,0.34210526315789475,70.71268672651483,76.42363456761417,,,2.7950678211932414,7.096062207986722,,
ASN,-150,150,6,38,0.15789473684210525,-171.82112693908823,53.455639924476486,,,6.748279947520706,21.78044522906076,,
ASN,-150,150,5,38,0.13157894736842105,-168.9034202277969,-95.60876110638702,,,17.011369545042573,22.587736872092822,,
ASN,-150,150,7,38,0.18421052631578946,-69.16957040251688,-60.63617048119188,,,12.75923740633965,22.094514577428725,,
ASN,-120,-180,5,16,0.3125,56.832261414482375,31.19314384258033,,,3.776515824410472,19.629689584968684,,
ASN,-120,-180,7,16,0.4375,-64.97840915442647,-58.761619539211445,,,9.56686963823843,5.213770073570729,,
ASN,-120,-150,6,8,0.75,-82.91411686084427,-76.79645045051876,,,3.590259996309502,5.1246227205254735,,
ASN,-120,-30,8,10,0.8,-63.05990194059472,-71.67858719109825,,,8.824124959562813,14.835333036676273,,
ASN,-120,0,7,81,0.08641975308641975,53.194615584809995,19.01834880896061,,,7.141899564054629,9.19391499963171,,
ASN,-120,0,12,81,0.14814814814814814,64.90187948014496,-24.906461279266626,,,6.330430142230303,12.219517614876878,,
ASN,-120,0,9,81,0.1111111111111111,-63.811434822653545,67.36469369811711,,,9.230284463306289,33.335534392676735,,
ASN,-120,0,43,81,0.5308641975308642,-64.74773792505827,-55.42886827525137,,,8.436919632695567,14.380415082390735,,
ASN,-120,30,9,51,0.17647058823529413,65.30598430279412,-25.433222418963734,,,3.6957454234474296,8.864761554198246,,
ASN,-120,30,5,51,0.09803921568627451,-67.86424285861183,85.99970460765537,,,9.692695936084181,17.853458139789605,,
ASN,-120,30,27,51,0.5294117647058824,-65.0267034640001,-59.313885122659066,,,7.2953977036973585,16.607124599547408,,
ASN,-120,60,9,19,0.47368421052631576,-60.02253074016979,-58.40649399974949,,,7.721327563521898,20.35904059294388,,
ASN,-120,90,11,44,0.25,-173.08434647928306,23.45015567830299,,,6.837415633132645,17.156845741824416,,
ASN,-120,90,19,44,0.4318181818181818,-171.53024506888056,-16.620221775829034,,,6.023513575475339,7.715620907643214,,
ASN,-120,90,8,44,0.18181818181818182,-64.55843885875841,-40.91518328098272,,,23.45655327465003,24.011526533105194,,
ASN,-120,120,10,72,0.1388888888888889,174.03030189851498,38.44884663291045,,,7.371086682209109,17.10872057732297,,
ASN,-120,120,5,72,0.06944444444444445,178.90595895847625,-163.3788207969777,,,11.249620521765255,27.17987665281244,,
ASN,-120,120,26,72,0.3611111111111111,-170.83215325100858,-32.024564471011836,,,5.1023645623810765,17.019672886434083,,
ASN,-120,120,9,72,0.125,-66.9255196044244,78.69179689837337,,,6.221104342395227,22.22444334163079,,
ASN,-120,120,17,72,0.2361111111111111,-63.038414649437264,-49.32567627181401,,,10.09223959391496,20.85012906727335,,
ASN,-120,150,5,47,0.10638297872340426,61.53316838379281,78.4890008424343,,,6.57920577985171,12.725514954427911,,
ASN,-120,150,5,47,0.10638297872340426,-167.36995204407097,44.454424727861024,,,2.124222222853661,22.45861323625751,,
ASN,-120,150,5,47,0.10638297872340426,-61.846883202682996,69.17901931265796,,,9.698200600518383,23.220742852612243,,
ASN,-120,150,6,47,0.1276595744680851,-72.46516474890214,138.79499304891692,,,3.968050419220587,12.06606277965878,,
ASN,-120,150,22,47,0.46808510638297873,-64.86187039898898,-43.2852134810012,,,9.62496688890138,16.386722570279588,,
ASN,-90,-180,24,48,0.5,63.23620216330402,33.69554491304461,,,5.1613693492329045,13.85331543788704,,
ASN,-90,-180,8,48,0.16666666666666666,70.44999534050389,-24.48921154203071,,,5.6002935473157915,16.577607082912746,,
ASN,-90,-60,5,17,0.29411764705882354,-168.46394310376178,38.70058022194704,,,5.695715706629952,23.51459932548215,,
ASN,-90,-60,10,17,0.5882352941176471,-71.15149304225818,-30.128305134026043,,,8.774243269452386,10.667563832102552,,
ASN,-90,-30,6,96,0.0625,-177.78530082218032,42.23891161690544,,,13.848971572947338,18.785537825819993,,
ASN,-90,-30,10,96,0.10416666666666667,-63.41197692059373,78.19684453351414,,,12.027334201631461,30.72320688924969,,
ASN,-90,-30,10,96,0.10416666666666667,-68.4513945975968,138.6756040444504,,,4.467199277412672,12.57866982964169,,
ASN,-90,-30,65,96,0.6770833333333334,-70.32300520945223,-41.2940230784929,,,8.590185601143713,18.860137433009637,,
ASN,-90,0,18,211,0.08530805687203792,59.02249595579808,20.99090107461818,,,7.880101765866477,13.954068954068298,,
ASN,-90,0,29,211,0.13744075829383887,69.12091982642201,-28.071116945341604,,,6.058919606789994,12.442994414042435,,
ASN,-90,0,8,211,0.037914691943127965,-169.7580231677695,40.661728728634486,,,8.484394129148159,11.789229671524495,,
ASN,-90,0,25,211,0.11848341232227488,-72.5398118818751,55.50450704460252,,,11.458544096236588,34.40081965262699,,
ASN,-90,0,17,211,0.08056872037914692,-62.84679248601484,142.04174822776065,,,3.604298821886205,10.37473129475324,,
ASN,-90,0,111,211,0.5260663507109005,-68.15301799912093,-45.68721664536818,,,8.132653525108251,19.120646910901296,,
ASN,-90,30,7,44,0.1590909090909091,70.14749198897006,-35.224038880942615,,,6.647614446278102,9.320700957937085,,
ASN,-90,30,22,44,0.5,-62.05917350848676,-40.00440635200346,,,9.308307415761778,19.632403179063022,,
ASN,-90,60,10,31,0.3225806451612903,-167.94434530216887,27.966998858462524,,,6.802260747972527,11.82357451580155,,
ASN,-90,60,8,31,0.25806451612903225,-52.71791523695853,-58.307332623798345,,,14.216167564317457,27.374580811177594,,
ASN,-90,90,19,55,0.34545454545454546,-175.08132439116815,17.139452328806428,,,9.977069403976229,14.68965205934789,,
ASN,-90,90,6,55,0.10909090909090909,-172.70367127078126,171.77942657237065,,,5.681521410256595,10.145806564228943,,
ASN,-90,90,16,55,0.2909090909090909,-172.94860226667657,-17.349454297114303,,,2.9521732248929307,12.547112768284343,,
ASN,-90,90,10,55,0.18181818181818182,-54.51435322546629,-31.48228986918314,,,24.420486842555363,13.529070112145469,,
ASN,-90,120,27,126,0.21428571428571427,177.9768660446865,25.09228519816519,,,6.02688167802234,17.324263900922478,,
ASN,-90,120,6,126,0.047619047619047616,179.061060049648,-172.54154532514772,,,5.999744684252284,19.50570986430706,,
ASN,-90,120,53,126,0.42063492063492064,-173.99488885017453,-33.27757573024868,,,4.996256184690801,18.31303227609623,,
ASN,-90,120,7,126,0.05555555555555555,-77.12268812612972,56.72159536523909,,,12.419225280443394,41.05367483904412,,
ASN,-90,120,8,126,0.06349206349206349,-73.90867651151171,149.2685015883329,,,7.257555185414473,31.180587867112898,,
ASN,-90,120,21,126,0.16666666666666666,-63.24472629225255,-48.986743213649106,,,7.170228131249226,10.663147334174857,,
ASN,-90,150,5,69,0.07246376811594203,64.48057467626433,52.60947708446232,,,9.800409529892926,11.866652864909778,,
ASN,-90,150,6,69,0.08695652173913043,-167.3592596959438,49.76544402495,,,14.204712298181516,12.947808695586305,,
ASN,-90,150,5,69,0.07246376811594203,-171.68009495164202,-73.09972309624962,,,19.326898022617485,16.495284409132577,,
ASN,-90,150,8,69,0.11594202898550725,-67.99100475492085,53.50518280658788,,,9.514854487181912,33.36335527615943,,
ASN,-90,150,5,69,0.07246376811594203,-71.38272345907492,156.32022944082772,,,11.990939358343555,17.970349216429174,,
ASN,-90,150,35,69,0.5072463768115942,-65.94318627268318,-39.952845684077424,,,9.557946052215984,16.971266513514678,,
ASN,-60,-180,6,8,0.75,64.54572817928536,49.58071634415067,,,2.2218529495107355,23.752099283918007,,
ASN,-60,-60,25,163,0.15337423312883436,-170.48694286265996,43.04094196607829,,,7.98541226715542,13.332831768237206,,
ASN,-60,-60,7,163,0.04294478527607362,-174.14368083519253,-155.2111121086012,,,3.482683590796626,36.5623301077602,,
ASN,-60,-60,24,163,0.147239263803681,-173.31101765048047,-80.03965161423605,,,9.575368314669426,16.751349537896996,,
ASN,-60,-60,23,163,0.1411042944785276,-78.7060630283945,28.415503178541567,,,9.72009695624066,23.67137660609434,,
ASN,-60,-60,14,163,0.08588957055214724,-72.62724963911023,155.92008326519962,,,4.382340538096639,11.216282411931711,,
ASN,-60,-60,69,163,0.4233128834355828,-71.32435246078047,-21.99259791560896,,,8.814900848913252,11.17979661271035,,
ASN,-60,-30,17,568,0.02992957746478873,72.22475685024482,71.49861664651404,,,9.510729071267606,21.998239351218547,,
ASN,-60,-30,18,568,0.03169014084507042,63.39299012556674,-43.24879622193291,,,7.147946547142881,12.111058810220337,,
ASN,-60,-30,65,568,0.11443661971830986,-165.8843214734525,56.25967744921962,,,11.25608489442522,17.928650963491197,,
ASN,-60,-30,6,568,0.01056338028169014,-170.5827403149009,-134.45215440436127,,,6.080581470414784,10.289543554892745,,
ASN,-60,-30,35,568,0.061619718309859156,-173.0977492308153,-88.33820242015749,,,10.633774742408619,15.827735625048104,,
ASN,-60,-30,61,568,0.1073943661971831,-74.08032695291791,40.00994891509134,,,11.697262915876017,31.306003712647442,,
ASN,-60,-30,49,568,0.08626760563380281,-72.61098939577474,157.54322918996866,,,7.110437906352808,16.61567730862903,,
ASN,-60,-30,317,568,0.5580985915492958,-71.97963005738266,-25.7037829623864,,,7.531164636374392,12.897486865725863,,
ASN,-60,0,9,40,0.225,61.81639066817833,22.651557144270537,,,5.807049322719315,12.202706743830577,,
ASN,-60,0,6,40,0.15,64.16110810970763,-28.430045783736862,,,2.000370874536052,24.525283209209352,,
ASN,-60,0,15,40,0.375,-71.55131118381985,-26.15817893564621,,,11.731761733008117,17.21092660893349,,
ASN,-60,120,17,74,0.22972972972972974,-174.65228457100082,23.01193616000087,,,7.361909224967968,14.909353318285218,,
ASN,-60,120,32,74,0.43243243243243246,-172.5253139122245,-53.05893513036344,,,5.189961086941653,15.022211915582695,,
ASN,-60,120,7,74,0.0945945945945946,-55.48655535725003,67.10401102590455,,,9.371027733724308,18.391981544602366,,
ASN,-60,120,13,74,0.17567567567567569,-64.73225047906544,-19.891426714163146,,,18.903452986485693,11.747690721496156,,
ASN,-60,150,5,73,0.0684931506849315,76.20914415156604,83.45083960187955,,,6.939378012254492,10.34650831123911,,
ASN,-60,150,10,73,0.136986301369863,-176.0846339411186,-64.44683960454492,,,8.0676491058744,12.547874851289485,,
ASN,-60,150,8,73,0.1095890410958904,-64.19501585700267,38.04540284028169,,,18.390049423084527,19.992751002440762,,
ASN,-60,150,6,73,0.0821917808219178,-76.41042716367488,-178.10355800064087,,,6.339604376235268,12.04509805739614,,
ASN,-60,150,36,73,0.4931506849315068,-65.96241861864112,-32.806541837710284,,,6.957839291151793,18.309899961377464,,
ASN,-30,-60,5,11,0.45454545454545453,-77.08182656271622,-6.129456109581597,,,43.223090967218035,14.942853038012487,,
ASN,0,0,544,545,0.998165137614679,0.0,0.0,,,0.0,0.0,,
ASN,60,0,10,16,0.625,-66.61060145528663,-18.691212986432628,,,12.745583993715634,15.401395178889567,,
ASN,60,30,28,120,0.23333333333333334,-157.89031859712156,40.03000746783245,,,6.721832323575926,9.47872552694259,,
ASN,60,30,7,120,0.058333333333333334,-144.38153477517906,-51.952794230380654,,,6.1216488849704165,31.387730102451997,,
ASN,60,30,17,120,0.14166666666666666,-73.37269607694445,87.00360485087505,,,16.036808205834504,33.441276685367875,,
ASN,60,30,11,120,0.09166666666666666,-59.6665845466905,144.5453297250615,,,9.1233180818226,11.82711163136582,,
ASN,60,30,53,120,0.44166666666666665,-61.93520509066361,-39.426334480823414,,,10.169677453022016,18.884750532685075,,
ASN,60,60,20,60,0.3333333333333333,-166.06175268437684,32.16702790225326,,,5.7522896171887155,10.706135758806143,,
ASN,60,60,7,60,0.11666666666666667,-63.87853559955398,91.44699681591119,,,10.99948717770854,19.022930699816836,,
ASN,60,60,23,60,0.38333333333333336,-63.097778507117305,-45.78603284375217,,,10.594574272466856,17.435044224621045,,
HIS,-150,-180,8,19,0.42105263157894735,60.1943105601731,88.93121820162177,,,7.536285942960066,12.630383620333257,,
HIS,-150,-180,6,19,0.3157894736842105,66.09639462832672,-67.91945410826393,,,4.497846165586036,13.79649773089026,,
HIS,-150,120,6,30,0.2,-179.77910926282433,69.13306350863223,,,5.4955710192479135,19.075638459358586,,
HIS,-150,120,9,30,0.3,-171.22132942824857,-81.79127371170712,,,6.019493711840972,16.200559311269817,,
HIS,-150,120,8,30,0.26666666666666666,-57.665372169103165,-76.80096136030144,,,8.252306456735852,10.974433204658554,,
HIS,-150,150,8,48,0.16666666666666666,65.27239827028944,78.23022678349837,,,7.889250739981681,7.31798407691218,,
HIS,-150,150,8,48,0.16666666666666666,63.05604396079195,-84.03140548149726,,,5.2094777745684295,3.37145642715113,,
HIS,-150,150,11,48,0.22916666666666666,-167.7960681599393,-95.40617489364799,,,4.8225777653958275,7.645654862762659,,
HIS,-150,150,7,48,0.14583333333333334,-63.91732913793604,81.30842849076075,,,5.69451350806854,10.30602649175774,,
HIS,-150,150,9,48,0.1875,-55.38915578394109,-75.95051785874017,,,9.553406559345772,10.57007291211102,,
HIS,-120,-180,5,17,0.29411764705882354,63.35147524283461,-88.08399687095168,,,2.6181347659528003,6.687183209727673,,
HIS,-120,-180,7,17,0.4117647058823529,-61.35641713137291,-61.25535675257401,,,13.139036175440962,13.30908614549032,,
HIS,-120,-60,6,6,1.0,-63.67290558635148,-65.09197268630545,,,10.383607184629895,14.148921032336974,,
HIS,-120,-30,16,22,0.7272727272727273,-57.79826450588549,-70.66351183065748,,,2.579039682488065,10.013853954466835,,
HIS,-120,0,11,52,0.21153846153846154,-61.50158041314751,81.69987632865617,,,7.130260376788507,12.942265072029048,,
HIS,-120,0,5,52,0.09615384615384616,-70.02829431240863,151.67704794842686,,,5.818600996328292,25.579794582732916,,
HIS,-120,0,34,52,0.6538461538461539,-58.324690338121215,-73.3402294484098,,,7.448660393745944,11.989050412568805,,
HIS,-120,30,9,36,0.25,-70.67492928998035,83.6271580701059,,,6.096007662488587,9.785753044239005,,
HIS,-120,30,5,36,0.1388888888888889,-64.09698874953878,155.01000697611425,,,7.446279694308452,20.061600091602,,
HIS,-120,30,20,36,0.5555555555555556,-59.620772226523286,-72.76024465800256,,,7.465337580903693,11.075685901859195,,
HIS,-120,60,7,14,0.5,-62.23007465825281,86.40790259502131,,,7.196886736161731,11.277441685745664,,
HIS,-120,90,6,15,0.4,-56.98784364946392,-68.4303643678576,,,2.4939471259037838,4.9358790220719095,,
HIS,-120,120,10,71,0.14084507042253522,-177.56288523831608,67.45686734593663,,,7.850137709380321,21.763336834501043,,
HIS,-120,120,6,71,0.08450704225352113,177.7742075914089,-160.64730907060812,,,3.1708207507353543,9.32541395255225,,
HIS,-120,120,10,71,0.14084507042253522,-172.36125359187733,-82.4971750357927,,,8.432642798929695,14.926924420638915,,
HIS,-120,120,11,71,0.15492957746478872,-65.26602233644894,83.5431385907969,,,5.160520269335588,9.1010484699616,,
HIS,-120,120,5,71,0.07042253521126761,-70.35796480110993,162.37278667263487,,,7.767263211285296,5.194815511829396,,
HIS,-120,120,29,71,0.4084507042253521,-55.432419626580064,-84.47979010009162,,,7.378963108284257,12.448328544715446,,
HIS,-120,150,6,67,0.08955223880597014,-168.1542297144938,-80.53321536470686,,,7.642851415848889,8.381575392542059,,
HIS,-120,150,16,67,0.23880597014925373,-66.03533312542199,80.25716240354161,,,6.1949375045895465,14.14289975338307,,
HIS,-120,150,6,67,0.08955223880597014,-67.58586969359587,-167.0597605359185,,,8.475688184908687,17.4461249658092,,
HIS,-120,150,32,67,0.47761194029850745,-56.02712963162822,-82.7194692468638,,,8.226397253970637,14.661737039768669,,
HIS,-90,-180,5,13,0.38461538461538464,-64.24018970789247,17.675784408504217,,,2.156862247269758,16.82076111562742,,
HIS,-90,-60,5,11,0.45454545454545453,-60.84115687291964,-64.00898247045329,,,15.787926416972677,7.15555969880674,,
HIS,-90,-30,8,45,0.17777777777777778,-166.33991576448005,69.69289479285366,,,10.489596269806876,8.899859864445629,,
HIS,-90,-30,11,45,0.24444444444444444,-71.00118922834895,82.35563526022293,,,4.118432160606052,10.342530347637998,,
HIS,-90,-30,9,45,0.2,-67.480643612564,154.23093786524817,,,4.604746499978516,19.815735986681222,,
HIS,-90,-30,12,45,0.26666666666666666,-66.18579689335773,-86.92030760115584,,,6.923964091747929,15.683082993234521,,
HIS,-90,0,12,81,0.14814814814814814,61.24959047119152,-71.32236702716352,,,5.923137743648267,11.003560693989586,,
HIS,-90,0,15,81,0.18518518518518517,-66.559117588747,84.50352875613886,,,4.534960623591011,12.38760474367726,,
HIS,-90,0,17,81,0.20987654320987653,-63.886659008088024,170.6967009801853,,,4.9044853648769005,28.856177694449787,,
HIS,-90,0,34,81,0.41975308641975306,-61.093805197678066,-69.59958875128093,,,6.061801621825474,11.549387577338766,,
HIS,-90,30,7,13,0.5384615384615384,-62.051331257659236,-74.1493809522541,,,7.20310348772662,24.99151919270555,,
HIS,-90,120,11,55,0.2,-178.56221186809245,59.3193150811606,,,5.6724451150805795,22.910141382569563,,
HIS,-90,120,6,55,0.10909090909090909,-177.92121743368287,-161.97068378228474,,,3.623802162469268,14.214243620989809,,
HIS,-90,120,12,55,0.21818181818181817,-176.83560148911945,-91.69161795981341,,,11.6590989279064,19.392874213527126,,
HIS,-90,120,7,55,0.12727272727272726,-70.34512723659242,172.52231426911118,,,5.713333251065074,15.954327386405923,,
HIS,-90,120,16,55,0.2909090909090909,-60.066084475992554,-80.59068033174125,,,6.923664660617449,10.930568925364733,,
HIS,-90,150,12,61,0.19672131147540983,-168.71766334700487,-87.79103119030405,,,5.941432410520803,6.891975175917236,,
HIS,-90,150,12,61,0.19672131147540983,-62.76387917320218,83.65845875072414,,,9.39640439877535,10.22534458039332,,
HIS,-90,150,23,61,0.3770491803278688,-60.29291221290169,-73.50995469329462,,,9.258911466910627,9.226553122945639,,
HIS,-60,-60,40,116,0.3448275862068966,175.9313314942383,72.38342185681907,,,6.201644277698892,9.973243864436025,,
HIS,-60,-60,12,116,0.10344827586206896,-175.74747697320848,-152.1441566064035,,,5.783351247330157,17.13527758546512,,
HIS,-60,-60,26,116,0.22413793103448276,-178.48504704139538,-92.10425637503377,,,6.341017545483911,10.641250559800172,,
HIS,-60,-60,7,116,0.0603448275862069,-85.0377852278018,88.27011946309125,,,6.822972128666323,7.912930321340742,,
HIS,-60,-60,13,116,0.11206896551724138,-73.86346079303732,166.93497545230687,,,6.15696172364281,12.841447975137237,,
HIS,-60,-60,17,116,0.14655172413793102,-71.04388371980828,-52.62926643063343,,,9.433478735322735,16.76578027314147,,
HIS,-60,-30,13,338,0.038461538461538464,60.325744714423294,90.35584875194255,,,8.439271749918651,8.349002215297798,,
HIS,-60,-30,7,338,0.020710059171597635,63.56683202585606,-129.50683614211187,,,1.1678358030270644,6.977074935328124,,
HIS,-60,-30,37,338,0.10946745562130178,70.41064568497526,-80.23650697604712,,,8.97703689258228,8.26335627520629,,
HIS,-60,-30,64,338,0.1893491124260355,179.53014818571623,68.07950064823368,,,8.077685439536106,8.86383025464042,,
HIS,-60,-30,7,338,0.020710059171597635,-175.90964146266342,-158.7532407391556,,,3.098796032291601,18.632857162410136,,
HIS,-60,-30,45,338,0.13313609467455623,-175.71877616848167,-93.75996568561104,,,8.141233629471346,10.325822600125509,,
HIS,-60,-30,39,338,0.11538461538461539,-71.66802698114985,95.99975082912948,,,7.8679957985185265,14.089685936915535,,
HIS,-60,-30,43,338,0.12721893491124261,-70.30852088489087,169.44049759186456,,,6.076112594559239,15.332117902166308,,
HIS,-60,-30,83,338,0.2455621301775148,-72.21302004479045,-62.00950881075883,,,7.789844813904467,12.710382322206833,,
HIS,-60,0,5,24,0.20833333333333334,-69.01989120844523,92.00344726084519,,,2.623820076147739,7.840679134745116,,
HIS,-60,0,5,24,0.20833333333333334,-75.49252348271813,138.47377187904507,,,15.763838596785241,13.991551251402178,,
HIS,-60,0,6,24,0.25,-71.7939617699947,-49.15779294833583,,,9.262066251839672,21.294569280460763,,
HIS,-60,120,5,26,0.19230769230769232,-176.52058549490062,68.04854672061413,,,3.5900079532641445,17.232499161667043,,
HIS,-60,120,15,26,0.5769230769230769,-171.60803696838417,-68.51855044876153,,,7.6870061034160075,12.627186310198761,,
HIS,-60,150,9,68,0.1323529411764706,59.68296052250366,-69.80149129647228,,,5.410934222327774,7.219902983632773,,
HIS,-60,150,5,68,0.07352941176470588,-166.29743919628274,88.00077962579105,,,12.134137836296432,5.675943654984779,,
HIS,-60,150,24,68,0.35294117647058826,-170.95861195167794,-82.05746039915684,,,4.526931050280065,6.432533557892981,,
HIS,-60,150,10,68,0.14705882352941177,-73.21725089552812,162.91710548834652,,,5.59602809212602,25.088558370200953,,
HIS,-60,150,16,68,0.23529411764705882,-71.46596129381427,-67.03854380060416,,,8.990718941157843,13.138450082614694,,
HIS,0,0,305,306,0.9967320261437909,0.0,0.0,,,0.0,0.0,,
HIS,60,30,7,19,0.3684210526315789,-68.28035865441711,162.4168221389779,,,4.166726480392433,31.954375030823385,,
HIS,60,30,8,19,0.42105263157894735,-55.53503767877661,-70.97763376688384,,,7.252203968592124,10.395074604925862,,
HIS,60,60,7,18,0.3888888888888889,-59.74848823097561,106.67848338938163,,,4.926930597686717,5.5543437723199816,,
HIS,60,60,6,18,0.3333333333333333,-64.7489058788074,-80.07704446237692,,,9.616454696296735,10.619081522136458,,
LEU,-150,-180,6,13,0.46153846153846156,48.16932882595828,72.43577945312028,,,6.809321023084204,11.64696392782325,,
LEU,-150,120,35,53,0.660377358490566,-178.7176022401288,64.60255209932268,,,6.560192215563633,5.497242499584064,,
LEU,-150,120,10,53,0.18867924528301888,-173.83098944518446,151.09979549266592,,,5.793269128609227,8.338073722237894,,
LEU,-150,150,12,73,0.1643835616438356,57.79554205838483,75.59976143087034,,,12.979618683616605,9.560447266035634,,
LEU,-150,150,10,73,0.136986301369863,69.99701587234756,158.4620615842269,,,6.404849023032427,14.81340265559896,,
LEU,-150,150,12,73,0.1643835616438356,-179.3092712571985,67.95323284073163,,,14.436720263817612,8.258073687856585,,
LEU,-150,150,5,73,0.0684931506849315,175.66284937070884,149.007024687476,,,6.338009662892752,3.4929273019130367,,
LEU,-150,150,5,73,0.0684931506849315,-66.86361306384575,74.62462800493863,,,13.331799101822003,11.649305031303838,,
LEU,-150,150,29,73,0.3972602739726027,-65.12809664592085,171.14594186871977,,,6.424172547596962,4.245519790343706,,
LEU,-120,-180,19,23,0.8260869565217391,-61.25516119941875,174.42738734010962,,,6.893400613395957,8.575468921989238,,
LEU,-120,-60,6,11,0.5454545454545454,-57.98168211327921,172.9762642999869,,,7.601212444832502,4.81872421818435,,
LEU,-120,-30,22,31,0.7096774193548387,-60.64875080950878,171.17260108581934,,,6.5723748878455694,7.789661656108077,,
LEU,-120,0,73,78,0.9358974358974359,-61.36044629816845,173.28961076946092,,,7.261476555861965,6.226967440185683,,
LEU,-120,30,41,43,0.9534883720930233,-62.33880895590247,173.99938163575993,,,5.619989031497559,6.304901049314844,,
LEU,-120,60,11,12,0.9166666666666666,-63.54473329694765,172.45145019528803,,,4.98765870468619,6.74854742624746,,
LEU,-120,90,13,44,0.29545454545454547,-178.81851643910173,62.980734296046094,,,8.11632198227721,5.760247717259899,,
LEU,-120,90,9,44,0.20454545454545456,-163.44072774127275,172.58591191396954,,,10.520190999148085,14.353505871929707,,
LEU,-120,90,21,44,0.4772727272727273,-59.511254399288916,176.649095676395,,,6.305634558585736,5.675477318237889,,
LEU,-120,120,127,262,0.4847328244274809,179.6640114773806,62.887019082933534,,,6.722544479063337,5.154503528489148,,
LEU,-120,120,19,262,0.07251908396946564,-165.08404212819266,161.270950762731,,,8.265977645585966,17.863885286619436,,
LEU,-120,120,21,262,0.08015267175572519,-86.98986980472225,58.42026077289222,,,9.51969451654405,10.91512625964226,,
LEU,-120,120,88,262,0.33587786259541985,-61.603234860991776,175.2905148520758,,,7.373459429904834,7.657728052109057,,
LEU,-120,120,6,262,0.022900763358778626,-32.06707204605881,-25.818349399712343,,,34.75576968222239,27.27893143763965,,
LEU,-120,150,17,268,0.06343283582089553,179.86161205772325,70.33298223218048,,,7.45652443591004,7.946447286870123,,
LEU,-120,150,22,268,0.08208955223880597,-89.37952622365749,61.638638964480435,,,12.619286236564303,18.70011587361212,,
LEU,-120,150,218,268,0.8134328358208955,-60.547169581061794,174.82257406782145,,,6.1753155351440245,6.369376654875738,,
LEU,-120,150,8,268,0.029850746268656716,-43.89811539460049,-33.06371338190524,,,25.460244746416944,20.166674703135392,,
LEU,-90,-180,25,28,0.8928571428571429,-56.87499698345638,177.94058516632535,,,5.487907443152485,8.359844674836229,,
LEU,-90,-60,9,44,0.20454545454545456,-177.7628748144424,65.15602952997024,,,4.285752915825713,8.382257551260617,,
LEU,-90,-60,24,44,0.5454545454545454,-65.04421592297393,173.55760627704254,,,10.024751680535177,9.012755977316022,,
LEU,-90,-30,31,288,0.1076388888888889,-173.09663021636402,60.85544878364609,,,16.193207578552105,9.422803615395189,,
LEU,-90,-30,13,288,0.04513888888888889,-96.72046390217163,52.821076459977455,,,15.151918719719468,18.46865766029209,,
LEU,-90,-30,228,288,0.7916666666666666,-65.63078244752754,175.59679673561305,,,6.5251845258896415,6.97544762259918,,
LEU,-90,-30,8,288,0.027777777777777776,-85.57363275612357,-62.66422622343287,,,13.65091612031918,18.611562557330036,,
LEU,-90,0,6,250,0.024,-154.91749197725017,53.99496421702388,,,12.770010573504189,6.235833959641001,,
LEU,-90,0,28,250,0.112,-90.61836543400626,46.40598178309363,,,10.785926920456454,17.31343113862623,,
LEU,-90,0,203,250,0.812,-63.530812361291495,175.9309243429802,,,6.399361218623356,6.5948090867516225,,
LEU,-90,0,8,250,0.032,-56.52921100544946,-18.983434740540606,,,31.57915478713859,18.443432753777856,,
LEU,-90,30,23,26,0.8846153846153846,-62.754446310752506,174.41241537467369,,,3.7280738098070687,5.68880553411141,,
LEU,-90,60,16,20,0.8,-59.47584679259578,177.01234715949926,,,6.266972812370072,4.463174633088578,,
LEU,-90,90,16,56,0.2857142857142857,-175.9801045924903,62.65905315037809,,,6.7046486300272425,8.867685956691842,,
LEU,-90,90,7,56,0.125,-83.27186049442662,39.680715022289384,,,4.819342522444364,15.990545271915275,,
LEU,-90,90,28,56,0.5,-60.08003757737329,176.47069146585127,,,6.7192009334101925,7.474285099606905,,
LEU,-90,120,110,279,0.3942652329749104,-179.520724992158,62.773132209503004,,,7.708049492064163,4.96604872423037,,
LEU,-90,120,10,279,0.035842293906810034,-156.74740121829447,170.58845172378017,,,14.280403007451689,23.497927626132086,,
LEU,-90,120,19,279,0.06810035842293907,-82.04032399684559,65.61271751939587,,,9.830862009592048,18.96482366519513,,
LEU,-90,120,128,279,0.45878136200716846,-62.46288298079796,178.94592484907932,,,8.306481960959589,7.056555059170236,,
LEU,-90,120,10,279,0.035842293906810034,-32.85058753923837,-26.276607052739816,,,34.23060408055895,29.778789550114986,,
LEU,-90,150,19,340,0.05588235294117647,-172.1182899803108,63.65196721962883,,,13.357463746794345,6.290955854464204,,
LEU,-90,150,42,340,0.12352941176470589,-86.46817646435456,60.03300234437481,,,11.271476716621141,12.789890966192996,,
LEU,-90,150,264,340,0.7764705882352941,-60.230490532180966,176.96530606460047,,,5.1267914323115,6.74523993481304,,
LEU,-90,150,9,340,0.026470588235294117,-61.880655456550066,-33.69260562933369,,,32.48330292991729,22.446304483705795,,
LEU,-60,-60,274,655,0.4183206106870229,179.45608739539483,59.976923213958145,,,6.707112620714538,5.885050259449042,,
LEU,-60,-60,56,655,0.08549618320610687,-153.43792169158283,-175.4608663087596,,,13.156305558305293,25.410855421554565,,
LEU,-60,-60,9,655,0.013740458015267175,-147.0124779522293,-83.02426204823288,,,20.376426891209324,14.409780158113476,,
LEU,-60,-60,27,655,0.04122137404580153,-97.27168725233663,41.62883981430423,,,9.131448607707057,18.0612734457779,,
LEU,-60,-60,273,655,0.416793893129771,-71.82393111668179,175.3016398772611,,,7.755819225343517,7.703966308591778,,
LEU,-60,-60,16,655,0.024427480916030534,-88.51248653523821,-35.06805851229805,,,28.1152090179239,23.900050466040053,,
LEU,-60,-30,9,1747,0.005151688609044075,66.3452687525558,82.42753650216635,,,12.604812880797311,12.973766784176657,,
LEU,-60,-30,465,1747,0.2661705781339439,-177.61392579073927,59.688279966091976,,,7.59336763411278,6.834071397006648,,
LEU,-60,-30,60,1747,0.03434459072696051,-156.53087708133887,172.30801883913168,,,17.031841086503057,21.504616352414985,,
LEU,-60,-30,21,1747,0.012020606754436176,-159.34896826470637,-75.53418862485317,,,17.596993337002026,9.307927743059988,,
LEU,-60,-30,82,1747,0.04693760732684602,-95.54914499162635,47.49523898588116,,,7.5185826309192985,14.662788882086668,,
LEU,-60,-30,1062,1747,0.607899255867201,-68.73942404048258,174.68199178563756,,,6.052148335033422,6.7583628528556945,,
LEU,-60,-30,44,1747,0.025186033199771037,-33.624830163283534,-16.527367196094836,,,40.34857482582951,21.263510743229865,,
LEU,-60,0,7,88,0.07954545454545454,-90.40018476397351,45.89597938182569,,,7.94439635085536,7.8699610314751975,,
LEU,-60,0,74,88,0.8409090909090909,-67.93011886395702,174.51596656957588,,,6.067535144588029,6.999455773836171,,
LEU,-60,120,86,164,0.524390243902439,-174.03693998003496,65.50237197196752,,,8.58033798828545,5.324276851410673,,
LEU,-60,120,11,164,0.06707317073170732,-168.0621178793698,162.55799583758582,,,16.368946059714027,17.76639351778219,,
LEU,-60,120,6,164,0.036585365853658534,-88.94555766187038,47.750604739947796,,,4.1584105756826775,21.028605303998084,,
LEU,-60,120,56,164,0.34146341463414637,-66.31389499915718,176.45134175075262,,,9.827835800718335,6.568305410209399,,
LEU,-60,150,28,203,0.13793103448275862,-174.58314689502456,65.21173742073074,,,10.106430326706436,7.209136436974146,,
LEU,-60,150,19,203,0.09359605911330049,-87.51853435029773,46.56360809776353,,,7.13427709752647,17.170446916096704,,
LEU,-60,150,145,203,0.7142857142857143,-64.98309738092429,174.73342555104028,,,6.373723383798004,6.466548036000268,,
LEU,-60,150,7,203,0.034482758620689655,-23.48996758959243,-5.442661835180421,,,36.42048662085471,8.323917915995557,,
LEU,-30,-60,9,18,0.5,-172.93541472677867,50.86144999641538,,,10.240650929176068,8.086266995455968,,
LEU,0,0,1221,1221,1.0,0.0,0.0,,,0.0,0.0,,
LEU,60,30,23,26,0.8846153846153846,-53.58989157137409,-179.4695523594068,,,7.1864917116436535,5.73594207525916,,
ILE,-150,-180,8,11,0.7272727272727273,61.93876955381845,169.2676148545792,,,5.596174486219567,7.777015919144641,,
ILE,-150,120,10,33,0.30303030303030304,-176.56821386926435,170.70133872610094,,,5.9211587665641865,6.901870016478991,,
ILE,-150,120,17,33,0.5151515151515151,-63.60944563948135,172.40827995773375,,,7.681143704815621,8.940996953910568,,
ILE,-150,150,19,66,0.2878787878787879,59.030445364913916,171.63775587630786,,,5.4937844702049805,7.75143885640626,,
ILE,-150,150,24,66,0.36363636363636365,-173.50971744781987,165.4058187030063,,,7.573637979780149,10.168277183385467,,
ILE,-150,150,11,66,0.16666666666666666,-66.79308681112646,178.8029006267827,,,14.644244261111364,8.816595404043694,,
ILE,-120,-180,29,37,0.7837837837837838,64.69409213398256,171.00870990292623,,,6.880516837067562,5.489054686425997,,
ILE,-120,-60,12,18,0.6666666666666666,-63.25212392999494,172.40683775681924,,,4.319843038939076,7.725107524452564,,
ILE,-120,-60,6,18,0.3333333333333333,-57.947390282731256,-57.12077603126424,,,10.797190318518206,8.975263118556636,,
ILE,-120,-30,9,22,0.4090909090909091,61.61295335014262,177.95032294527365,,,5.333493678637303,10.617915706090892,,
ILE,-120,-30,6,22,0.2727272727272727,-62.97064852318106,160.60412766993724,,,6.346176743005364,9.872333668140536,,
ILE,-120,0,32,40,0.8,62.53642485754054,169.86321284781036,,,4.407820268514664,7.481279485897942,,
ILE,-120,30,18,21,0.8571428571428571,60.73305454012555,173.2961589414531,,,7.206995202751692,6.91177280693788,,
ILE,-120,90,21,32,0.65625,-57.76444045408244,176.96677972117138,,,6.601535443988042,7.458056276770395,,
ILE,-120,90,7,32,0.21875,-44.809401472579886,-61.888790526829396,,,20.752191718478656,22.741381611826583,,
ILE,-120,120,6,414,0.014492753623188406,49.467590380111474,179.98439061229996,,,8.863861030014128,11.975703272684948,,
ILE,-120,120,13,414,0.03140096618357488,-177.0926765134269,164.3961442652182,,,6.065583827081149,5.818573069725314,,
ILE,-120,120,18,414,0.043478260869565216,-61.862980677558966,96.48970376146316,,,4.150886680940115,9.99752542521986,,
ILE,-120,120,301,414,0.7270531400966184,-59.68123986115041,173.91192621533878,,,4.882010974872651,7.052931158057527,,
ILE,-120,120,70,414,0.16908212560386474,-55.69618034194966,-63.37774216410846,,,7.410738740390185,8.309305222009408,,
ILE,-120,150,5,209,0.023923444976076555,72.86665624817195,106.10304299275727,,,4.09236010825313,12.641317827895092,,
ILE,-120,150,97,209,0.46411483253588515,59.59461449126309,172.30283455063733,,,5.825802940007555,6.918955687946239,,
ILE,-120,150,19,209,0.09090909090909091,-173.14596303115974,168.6527772149766,,,5.570606254720703,4.699636187817258,,
ILE,-120,150,8,209,0.03827751196172249,-67.56122004934936,77.27800345789171,,,17.88061960180718,9.025212701346295,,
ILE,-120,150,49,209,0.23444976076555024,-61.054549218412106,173.44464441566245,,,7.0550467640021886,8.826713145348005,,
ILE,-120,150,28,209,0.1339712918660287,-54.90232267729048,-61.97687635551105,,,8.295831240842997,10.714239016871657,,
ILE,-90,-180,6,6,1.0,62.09131763942534,174.46284361550263,,,5.393483493190778,9.624440305426877,,
ILE,-90,-60,5,71,0.07042253521126761,-77.42159921450761,68.50441237166032,,,9.581671788398324,14.61309366055946,,
ILE,-90,-60,40,71,0.5633802816901409,-64.72762650998561,173.9432462506451,,,5.1168613859957,6.0889211427947485,,
ILE,-90,-60,23,71,0.323943661971831,-59.93599039999963,-57.886668240072396,,,7.085924813215965,4.655468163114408,,
ILE,-90,-30,17,121,0.14049586776859505,64.40171589109896,172.18350696621164,,,6.196218216173918,8.49081332631988,,
ILE,-90,-30,6,121,0.049586776859504134,-165.01286862864367,62.798057601824304,,,7.621703750438868,10.160854888916672,,
ILE,-90,-30,8,121,0.06611570247933884,-172.18385978975965,163.77054983225105,,,10.421234314053395,4.702951202609804,,
ILE,-90,-30,6,121,0.049586776859504134,-82.76098229289879,75.67044849672833,,,11.41621613244656,16.9153103499918,,
ILE,-90,-30,55,121,0.45454545454545453,-66.8622919886421,173.89117277470564,,,7.220927546918498,10.086398539015978,,
ILE,-90,-30,25,121,0.2066115702479339,-60.798400452012245,-57.11429034781864,,,12.265418509463258,11.06303108873847,,
ILE,-90,0,6,52,0.11538461538461539,58.46993783776181,99.10360612102507,,,6.781639727090474,1.1599111464923448,,
ILE,-90,0,39,52,0.75,64.54575229907584,171.00069580596872,,,4.458241381615394,8.6474830652866,,
ILE,-90,30,5,7,0.7142857142857143,63.45902328264437,169.8694755708663,,,2.953392269300089,3.9232941580578085,,
ILE,-90,90,23,37,0.6216216216216216,-56.84755631532466,179.41130759645725,,,5.6130234902095575,5.185431556971984,,
ILE,-90,90,11,37,0.2972972972972973,-50.355413050102484,-54.94115560600831,,,3.615825367619489,5.877527356159222,,
ILE,-90,120,19,322,0.059006211180124224,-65.7791631956001,82.77026615928193,,,6.591831003076844,10.135887639935223,,
ILE,-90,120,214,322,0.6645962732919255,-60.58954711082664,172.184544979262,,,4.794844499659203,7.544558086780381,,
ILE,-90,120,83,322,0.2577639751552795,-53.7851354852262,-58.98734575833045,,,6.208205612890865,7.8379008682755185,,
ILE,-90,150,18,80,0.225,67.55852120346422,165.77022141367974,,,7.044954627168082,7.167701604217846,,
ILE,-90,150,32,80,0.4,-61.30315305107008,172.15617372362433,,,4.227452892920638,5.918396785072444,,
ILE,-90,150,21,80,0.2625,-57.2509395757679,-59.47451319317282,,,8.101252637953877,12.115815514911487,,
ILE,-60,-60,354,433,0.8175519630484989,-67.26757923671528,171.14460622347949,,,4.952084544433857,6.500594415911424,,
ILE,-60,-60,72,433,0.16628175519630484,-60.477493906521495,-61.14276365898165,,,6.166625649519592,8.559366437656719,,
ILE,-60,-30,10,815,0.012269938650306749,61.242369060129136,93.80149119973392,,,14.92640320404477,6.809443043466573,,
ILE,-60,-30,39,815,0.04785276073619632,64.58572108442932,175.50126817661945,,,6.971812536326177,7.914023231377478,,
ILE,-60,-30,66,815,0.08098159509202454,-165.70940181284743,66.90812702957714,,,8.118024343927095,5.532903351535836,,
ILE,-60,-30,49,815,0.06012269938650307,-168.158121232482,169.6679702774588,,,5.175869228902678,7.233746116758438,,
ILE,-60,-30,19,815,0.023312883435582823,-70.54421435823072,75.74942725864656,,,15.193162841759483,18.520296742936747,,
ILE,-60,-30,500,815,0.6134969325153374,-67.05723118670372,172.0023482102873,,,4.961815055013884,6.920594889285003,,
ILE,-60,-30,131,815,0.1607361963190184,-61.217196934306095,-59.127499414153746,,,7.640841539150141,9.148900025888235,,
ILE,-60,0,15,20,0.75,64.39092383585579,166.06081520323485,,,4.183881743622471,8.12743253650332,,
ILE,-60,120,7,105,0.06666666666666667,-79.28739047081157,83.46976876654705,,,7.504970804641765,9.913185188605043,,
ILE,-60,120,71,105,0.6761904761904762,-63.240741255544926,171.72061764893868,,,5.483042972634432,7.7369047159173645,,
ILE,-60,120,24,105,0.22857142857142856,-57.359551477690154,-58.94198561661259,,,6.488307720674247,6.041082433276111,,
ILE,-60,150,14,73,0.1917808219178082,60.730074825181774,173.40607645065364,,,2.802302025225323,9.124219267030204,,
ILE,-60,150,5,73,0.0684931506849315,-167.25319030601383,65.25740701493794,,,3.484065405880112,9.879984982992804,,
ILE,-60,150,13,73,0.1780821917808219,-166.5254922908774,170.3982626037058,,,4.69730201163632,4.742973097763856,,
ILE,-60,150,22,73,0.3013698630136986,-63.55635114159055,172.3438986546638,,,5.974130156110591,9.254851659895499,,
ILE,-60,150,14,73,0.1917808219178082,-47.45030070828676,-48.57232765678002,,,25.00514646573362,26.552670996105817,,
ILE,-30,-60,8,12,0.6666666666666666,-62.965145552650476,178.83467998734983,,,4.893093713085163,4.8201691531155895,,
ILE,0,0,799,799,1.0,0.0,0.0,,,0.0,0.0,,
PHE,-180,150,6,13,0.46153846153846156,61.124530325903464,82.67973104943205,,,6.145454475326669,2.039961592363116,,
PHE,-150,-180,7,43,0.16279069767441862,58.22218227490481,84.48239917543525,,,6.020701341434523,7.994732955271747,,
PHE,-150,-180,31,43,0.7209302325581395,64.77351085784167,-83.35114549668967,,,5.328279355294058,4.147177089283595,,
PHE,-150,90,6,11,0.5454545454545454,-179.44719503738673,60.68590547480036,,,7.048484399038087,10.741722565549248,,
PHE,-150,120,24,37,0.6486486486486487,-176.4692877869572,72.43639152843735,,,5.994154191140931,8.846826612690679,,
PHE,-150,120,6,37,0.16216216216216217,-55.980698056485394,-74.68056931179393,,,4.6225675698613,7.613494881349806,,
PHE,-150,150,43,135,0.31851851851851853,58.71530700082653,84.27841769637726,,,6.943957201336015,3.4876958406489456,,
PHE,-150,150,55,135,0.4074074074074074,65.11707021512686,-83.93597984154134,,,5.356411682328663,4.086059830501785,,
PHE,-150,150,8,135,0.05925925925925926,-162.1870748175207,67.514780538776,,,9.259407622604334,5.97526962245623,,
PHE,-150,150,13,135,0.0962962962962963,-57.990289666793366,83.44583407243857,,,5.801355940691411,4.576439413612652,,
PHE,-150,150,15,135,0.1111111111111111,-61.393424916960655,-77.27806133540457,,,7.3405126914706615,10.62533179633583,,
PHE,-120,-180,5,22,0.22727272727272727,56.27153716509546,85.51401097473429,,,2.5423099743647897,3.1264358295157324,,
PHE,-120,-180,8,22,0.36363636363636365,-61.09772960709012,81.61013049308819,,,6.615584687891163,6.170759476609502,,
PHE,-120,-180,7,22,0.3181818181818182,-54.64607897391531,-78.03147722533029,,,12.579368711852984,10.379775927117514,,
PHE,-120,-30,6,34,0.17647058823529413,-65.24187848878904,81.71061738185608,,,9.33961057336583,7.130612251232748,,
PHE,-120,-30,22,34,0.6470588235294118,-57.60246862101551,-67.42329803075062,,,5.541006513833552,7.856137774074379,,
PHE,-120,0,10,59,0.1694915254237288,-68.80216532937023,84.31677310897098,,,6.958311690214724,3.0921690334643084,,
PHE,-120,0,47,59,0.7966101694915254,-60.9434726353674,-74.53195950931025,,,6.398236742792705,8.859567207527324,,
PHE,-120,30,6,28,0.21428571428571427,-65.15885211457497,79.59008358260309,,,2.033792256259151,3.5575048130319042,,
PHE,-120,30,19,28,0.6785714285714286,-55.78135861777112,-70.66994098689719,,,7.11890821291888,10.527051408876444,,
PHE,-120,60,14,19,0.7368421052631579,-55.630544274485274,-74.93150344659726,,,5.338403687891875,6.747073904298852,,
PHE,-120,90,7,32,0.21875,-170.46932742510418,53.315429236521695,,,8.273032020262827,13.866161943146892,,
PHE,-120,90,7,32,0.21875,-67.25073958308268,85.58427435467941,,,9.19085598960661,1.8903971546511336,,
PHE,-120,90,15,32,0.46875,-58.45400664723386,-79.52137840688637,,,7.880566217770442,9.605841018058939,,
PHE,-120,120,24,106,0.22641509433962265,178.6357722248173,69.13336902721596,,,5.46650328563711,11.686065458830338,,
PHE,-120,120,35,106,0.330188679245283,-68.46531406504492,80.48896648917038,,,6.785848141421665,6.586184568052908,,
PHE,-120,120,42,106,0.39622641509433965,-62.592520616171065,-77.94166222525021,,,8.30533275493377,6.962696810604715,,
PHE,-120,150,5,157,0.03184713375796178,64.18604361872194,-84.4408927332235,,,5.907377142455641,5.859579225340891,,
PHE,-120,150,5,157,0.03184713375796178,178.76182829074202,68.17566789753488,,,6.288805638686528,3.777728648103081,,
PHE,-120,150,55,157,0.3503184713375796,-63.97062237272173,82.24066151643791,,,6.972379747520976,4.468442318915402,,
PHE,-120,150,89,157,0.5668789808917197,-62.83534452469394,-78.54090343723804,,,6.645446015577514,8.999746010584042,,
PHE,-90,-180,8,24,0.3333333333333333,-65.66392878068535,67.37677901717176,,,6.442044308500612,14.04441316741984,,
PHE,-90,-180,13,24,0.5416666666666666,-65.19322410822099,-83.19820708788079,,,4.967544009647462,8.184398811902211,,
PHE,-90,-60,11,19,0.5789473684210527,177.7415015034695,69.6222894584235,,,11.196238456093942,10.090358483989489,,
PHE,-90,-60,6,19,0.3157894736842105,-60.92304072450397,-52.41098770342245,,,5.763679481992784,23.043807927120067,,
PHE,-90,-30,16,97,0.16494845360824742,-171.07900944307903,74.64546281034673,,,7.339266272491711,6.006615530209283,,
PHE,-90,-30,16,97,0.16494845360824742,-75.19353110930237,74.30237915698294,,,4.917241074885722,13.001565561413692,,
PHE,-90,-30,60,97,0.6185567010309279,-66.01575945785275,-71.00344828018979,,,7.628167980111555,11.681790858069876,,
PHE,-90,0,34,131,0.2595419847328244,-72.07968320746232,75.6234946953661,,,7.434408721265875,13.2127767445068,,
PHE,-90,0,86,131,0.6564885496183206,-64.94283004971285,-71.73410766172567,,,7.390924721532934,13.382991267945464,,
PHE,-90,60,6,8,0.75,-64.37107400213921,-61.02476361449352,,,10.460617498403517,23.51531927683949,,
PHE,-90,90,5,25,0.2,-169.82210318871043,-84.2368125347426,,,5.098520358417305,5.60010516491692,,
PHE,-90,90,5,25,0.2,-63.849645180194024,79.31259553483383,,,6.706821971185177,2.9718447953059863,,
PHE,-90,90,12,25,0.48,-59.027344337371844,-72.69197872509368,,,12.193884474086962,10.190499155183097,,
PHE,-90,120,43,134,0.3208955223880597,-179.4155984320495,71.6676943586442,,,7.853185408661644,10.489340081610987,,
PHE,-90,120,11,134,0.08208955223880597,-170.42510802145992,-76.13090635541816,,,3.330910003188392,13.62423659509763,,
PHE,-90,120,26,134,0.19402985074626866,-70.43865596635501,78.13403689698177,,,5.121309185618066,7.9043484905260835,,
PHE,-90,120,54,134,0.40298507462686567,-67.86538239248364,-68.14063323393862,,,7.414352472945901,17.243680025662552,,
PHE,-90,150,11,108,0.10185185185185185,178.70457732468216,81.6812230864934,,,17.630042674730397,4.634850394614868,,
PHE,-90,150,33,108,0.3055555555555556,-76.93476720392354,77.81962341027901,,,5.939140490218256,8.516713602557708,,
PHE,-90,150,60,108,0.5555555555555556,-69.06765031980716,-65.60775808015464,,,7.691338718322526,18.32796692822627,,
PHE,-60,-60,203,298,0.6812080536912751,178.59423801406376,73.1117322262433,,,7.579393927967734,8.86845789843822,,
PHE,-60,-60,45,298,0.15100671140939598,-176.78955498201483,-83.0808104183702,,,6.230177085256788,5.056202248158681,,
PHE,-60,-60,12,298,0.040268456375838924,-89.04963736826387,73.42639571772877,,,7.3070472712846595,13.901857763724683,,
PHE,-60,-60,38,298,0.12751677852348994,-71.88066126447119,-52.87527832802912,,,9.652368384415094,17.91375265273394,,
PHE,-60,-30,20,462,0.04329004329004329,74.44291061401762,83.04032783138562,,,11.486501938551635,3.76823842300991,,
PHE,-60,-30,14,462,0.030303030303030304,69.21252486496715,-81.2718919892793,,,8.351699429485757,3.3046195242191336,,
PHE,-60,-30,188,462,0.4069264069264069,179.109632742661,71.41877310018698,,,6.527778915283533,9.47173110349813,,
PHE,-60,-30,24,462,0.05194805194805195,-177.1612214082936,-84.22117796390691,,,7.75700199941738,3.69858723608221,,
PHE,-60,-30,53,462,0.11471861471861472,-82.14157633145854,66.65717234034732,,,6.093250347601817,22.627682596507814,,
PHE,-60,-30,163,462,0.3528138528138528,-69.5017315057819,-56.328581154310484,,,7.8942838392585974,21.409486959653687,,
PHE,-60,0,6,30,0.2,57.497115908421954,79.9744484337163,,,5.928770139073294,3.8119011433399868,,
PHE,-60,0,5,30,0.16666666666666666,65.55286405497476,-81.49174137121368,,,10.327357718477268,6.818211957646222,,
PHE,-60,0,9,30,0.3,-72.84112949461787,79.88699096177925,,,4.826969959166424,12.398034615175634,,
PHE,-60,0,9,30,0.3,-67.64129527390574,-71.44716246491282,,,5.3994519709341064,20.36059396278609,,
PHE,-60,120,40,65,0.6153846153846154,179.58967160785514,74.76558263108696,,,6.684052161509367,7.233085322083223,,
PHE,-60,120,17,65,0.26153846153846155,-69.30454047803224,-54.85685938205611,,,11.441528425187988,14.915437108669122,,
PHE,-60,150,21,77,0.2727272727272727,-177.03249302771437,70.86164771957985,,,7.366148824310193,9.151048646128302,,
PHE,-60,150,5,77,0.06493506493506493,-156.1780268581071,-81.19636166727607,,,9.197583089212815,14.262028546988846,,
PHE,-60,150,13,77,0.16883116883116883,-76.65317109926288,64.98187054740734,,,8.763558568410618,22.103183788517196,,
PHE,-60,150,33,77,0.42857142857142855,-67.88755138503383,-63.705373339099815,,,6.4775779117466525,16.557611277628446,,
PHE,-30,-60,9,14,0.6428571428571429,179.06934110127267,73.77615382163906,,,7.364304957284843,9.89655368752341,,
PHE,0,0,561,561,1.0,0.0,0.0,,,0.0,0.0,,
PHE,60,30,10,24,0.4166666666666667,-66.87827450465166,82.88708206946647,,,9.78334532534024,12.549757096156137,,
PHE,60,30,14,24,0.5833333333333334,-56.29211282342368,-71.07744957703763,,,7.698083927450083,11.077850281854547,,
PHE,60,60,13,16,0.8125,-56.049187581296856,-77.77342979419656,,,8.555404878078471,7.024909015636819,,
PHE,90,0,5,5,1.0,-56.54221160228637,-57.940991261962964,,,11.705986483562876,21.651170513564303,,
PRO,-90,-180,55,59,0.9322033898305084,33.52129795831863,-36.74785634468698,,,3.6334649080247416,5.246610398639386,,
PRO,-90,-30,24,31,0.7741935483870968,28.356453116765838,-35.04941032413367,,,6.015235586011719,8.393892659666072,,
PRO,-90,0,79,87,0.9080459770114943,34.15892164200585,-36.59770524389588,,,3.58291101071775,4.735470979457375,,
PRO,-90,0,6,87,0.06896551724137931,-13.102423482816755,30.804671646909785,,,7.201052110912465,5.010795663663318,,
PRO,-90,30,11,13,0.8461538461538461,36.01473539384226,-39.17663726798986,,,3.450434296987942,3.4079273383745545,,
PRO,-90,60,18,22,0.8181818181818182,30.633032463659337,-33.90106539941809,,,2.1035166976975423,5.042471334357685,,
PRO,-90,90,12,15,0.8,30.44668683664028,-34.19468578157256,,,4.0441379385205884,4.620482861365891,,
PRO,-90,120,25,36,0.6944444444444444,31.697307182927446,-36.17402184753055,,,2.8726967046461187,4.619222004703307,,
PRO,-90,120,7,36,0.19444444444444445,-14.065941455427142,32.86903876745062,,,6.353903441792779,5.898041893429428,,
PRO,-90,150,11,153,0.0718954248366013,8.393359752174392,8.886678616205966,,,2.795912340110443,3.4115964881309955,,
PRO,-90,150,122,153,0.7973856209150327,31.468693849576656,-35.12394741599901,,,2.897926782120173,4.998456508057522,,
PRO,-90,150,19,153,0.12418300653594772,-12.74115561241587,30.96397306921916,,,5.429810844859383,5.921550809894146,,
PRO,-60,-180,49,77,0.6363636363636364,28.235932629918995,-35.15369730496298,,,3.5520985666351406,3.823045361098608,,
PRO,-60,-180,25,77,0.3246753246753247,-23.076193922922794,35.39031189667315,,,4.516527820702522,4.779165194884654,,
PRO,-60,-60,9,94,0.09574468085106383,26.233865541385207,-39.11351894859111,,,5.31035098192654,5.67302908302142,,
PRO,-60,-60,85,94,0.9042553191489362,-28.964689921758648,38.298006912330884,,,3.948030256245055,4.5704512940620186,,
PRO,-60,-30,240,742,0.32345013477088946,23.248899384433145,-34.48083097243121,,,4.658119092956226,4.352503071759807,,
PRO,-60,-30,498,742,0.6711590296495957,-26.860405544516553,37.23670838671333,,,4.135004588603069,4.386433646876729,,
PRO,-60,0,72,109,0.6605504587155964,26.794591936043037,-35.8656852089056,,,4.2009993016731535,4.42839619364935,,
PRO,-60,0,36,109,0.3302752293577982,-23.098516409466516,37.331456662503,,,5.906184616274394,5.612976929672546,,
PRO,-60,60,6,11,0.5454545454545454,28.77994858192204,-36.13064497569895,,,1.7689897956686667,2.277024979329963,,
PRO,-60,60,5,11,0.45454545454545453,-19.151389727855875,33.7432061463965,,,3.3965444423133415,2.9308315803492144,,
PRO,-60,120,63,221,0.2850678733031674,21.99200822733585,-32.664937785362206,,,5.0545877245353035,5.015048293584991,,
PRO,-60,120,155,221,0.7013574660633484,-26.346333602658024,37.37270413394958,,,4.254156489514513,4.533273859903083,,
PRO,-60,150,357,905,0.39447513812154694,25.483711532749744,-34.71838276828384,,,4.502243966336464,4.63788679261403,,
PRO,-60,150,544,905,0.6011049723756906,-23.904123335921696,35.32474330397077,,,4.798275897038201,4.641614502293204,,
PRO,-30,-60,20,22,0.9090909090909091,-32.91712393749805,35.663710844396704,,,2.352687657767162,8.286930345445521,,
PRO,-30,-30,18,22,0.8181818181818182,-33.09757578107692,39.11728116478339,,,2.3378801799341153,5.719298290233673,,
PRO,-30,120,11,14,0.7857142857142857,-32.550206397093575,40.35534034964354,,,1.6263294379842437,4.24150409640589,,
PRO,-30,150,10,10,1.0,-33.83328144217761,39.798375822394085,,,1.724437924268786,4.674540056627496,,
PRO,0,0,605,605,1.0,0.0,0.0,,,0.0,0.0,,
TRP,-150,-180,5,9,0.5555555555555556,56.22986574498108,-91.10271215113399,,,5.171000212384906,15.22185594887465,,
TRP,-150,120,5,7,0.7142857142857143,167.95081467044972,-93.04392184019589,,,8.054570458499471,5.223331802676805,,
TRP,-150,150,10,25,0.4,53.6336463375114,-88.44660465098427,,,8.834557799079693,5.966482019661345,,
TRP,-150,150,7,25,0.28,175.9299908253761,87.02581631460362,,,3.159756254407101,1.8277361069869522,,
TRP,-120,-180,5,6,0.8333333333333334,-61.82413475855149,76.05451758604065,,,7.339251174087913,21.101124931774827,,
TRP,-120,-30,5,15,0.3333333333333333,-57.535766465112786,105.51418804721723,,,7.416916550899716,4.061864642057495,,
TRP,-120,0,5,8,0.625,-55.4363510313101,-68.00128762328849,,,5.104370097824408,27.22499933391203,,
TRP,-120,120,15,28,0.5357142857142857,-69.6133956703879,90.67766169066026,,,6.2568041641494405,11.872059989032465,,
TRP,-120,120,6,28,0.21428571428571427,-75.55486259101588,-87.90654803878593,,,8.767543436995073,5.149626905975014,,
TRP,-120,150,27,40,0.675,-67.02496819481118,82.36290447685369,,,7.032574870053859,13.969652480822488,,
TRP,-120,150,7,40,0.175,-62.326847552657235,-79.09472064158241,,,7.573631569095647,23.22041984482555,,
TRP,-90,-30,24,30,0.8,-70.24906850813147,95.64159475186626,,,6.57138065343106,18.42806376925258,,
TRP,-90,0,17,30,0.5666666666666667,-66.75752278103977,100.13372584430036,,,7.635526566674403,8.3281089574383,,
TRP,-90,0,5,30,0.16666666666666666,-67.36181347362024,-16.997747162227064,,,4.498025481805337,10.711311978458632,,
TRP,-90,120,7,22,0.3181818181818182,-173.37102306441722,-83.63773075039141,,,6.789062567729631,29.638435147403246,,
TRP,-90,120,12,22,0.5454545454545454,-73.86028957112416,93.8778045029946,,,10.014760518368023,11.30086232581856,,
TRP,-90,150,27,40,0.675,-65.80334418914121,93.18909412880546,,,5.8962768275832005,9.240727149949612,,
TRP,-60,-60,47,101,0.46534653465346537,179.47226208674488,83.3051538169581,,,6.751689985934037,5.83972276198504,,
TRP,-60,-60,6,101,0.0594059405940594,-179.2675701607603,-129.801744281753,,,4.173306556239501,8.43217126925969,,
TRP,-60,-60,25,101,0.24752475247524752,-179.07814991085792,-94.48563289941676,,,7.827795026962889,12.42971016207969,,
TRP,-60,-60,9,101,0.0891089108910891,-87.03452747403044,109.8031599867452,,,9.873232628936288,5.014616178038177,,
TRP,-60,-60,10,101,0.09900990099009901,-67.06404373201087,-11.296824423223159,,,8.912996688243725,5.5617092676072355,,
TRP,-60,-30,31,197,0.15736040609137056,63.84763673136279,-93.11413653911086,,,6.9419493141922555,6.515130409421393,,
TRP,-60,-30,43,197,0.2182741116751269,177.66048631556055,82.29134368574047,,,6.319328314134218,7.896499851289379,,
TRP,-60,-30,30,197,0.15228426395939088,179.20460106550888,-99.1761054255998,,,7.090365799112024,10.540724853340715,,
TRP,-60,-30,54,197,0.27411167512690354,-75.46744654285386,102.47598880121686,,,7.044853262109424,14.53918036308044,,
TRP,-60,-30,8,197,0.04060913705583756,-61.93402749298129,128.57311840517372,,,8.879269418363327,3.867661722730964,,
TRP,-60,-30,23,197,0.116751269035533,-68.93442995073495,-17.124900521531945,,,10.026603732608963,12.426972557411796,,
TRP,-60,120,8,19,0.42105263157894735,-175.40227089520633,77.5956417508916,,,3.2832960967664704,11.872082434694097,,
TRP,-60,150,5,28,0.17857142857142858,-175.4855923790898,87.83580146477931,,,5.309413782248639,4.970417720106958,,
TRP,-60,150,8,28,0.2857142857142857,-168.6373711864388,-101.8868987479043,,,7.9744151518246005,8.544271989618275,,
TRP,-60,150,11,28,0.39285714285714285,-63.628916443297136,92.84037215722647,,,7.862494411119123,17.423379735936955,,
TRP,0,0,142,142,1.0,0.0,0.0,,,0.0,0.0,,
TYR,-180,150,5,12,0.4166666666666667,58.32746930436294,87.62828634795125,,,10.47844327176383,3.947472268681737,,
TYR,-180,150,6,12,0.5,63.23351232010165,-85.98946579438928,,,7.70837159994024,1.8202411785221337,,
TYR,-150,-180,16,36,0.4444444444444444,56.322506206199265,81.97338352096922,,,7.862259140143716,4.347175914900577,,
TYR,-150,-180,20,36,0.5555555555555556,68.51423104726226,-78.17877919222161,,,6.7405088337487244,4.601794411844411,,
TYR,-150,120,18,27,0.6666666666666666,177.15141369700171,68.59823535849976,,,7.77306380180291,10.429139238091128,,
TYR,-150,150,33,107,0.308411214953271,61.81893355338443,81.08776721431094,,,6.199108413105245,4.372860290537105,,
TYR,-150,150,31,107,0.2897196261682243,67.55363739071203,-82.8309682738712,,,5.0607888136927155,4.392024166608209,,
TYR,-150,150,12,107,0.11214953271028037,-170.02998311605262,75.4186790116351,,,11.046488472384777,7.169663017673336,,
TYR,-150,150,13,107,0.12149532710280374,-61.2841443720699,82.57497241443325,,,4.702263834015562,3.516762408058373,,
TYR,-150,150,17,107,0.1588785046728972,-61.189210357954,-71.36481218447909,,,13.166742185094291,11.882626927855462,,
TYR,-120,-180,5,13,0.38461538461538464,-62.140110712153664,80.36841264420526,,,5.7785934290246805,5.313962038633011,,
TYR,-120,-180,6,13,0.46153846153846156,-54.72429285455243,-73.76094468737358,,,5.438694165955191,9.392121086718593,,
TYR,-120,-30,19,24,0.7916666666666666,-58.64128428852363,-71.60034308002281,,,4.703043882773886,8.629802114550138,,
TYR,-120,0,6,50,0.12,-59.850649188872154,81.50639546359267,,,8.135980523689478,6.371103776496539,,
TYR,-120,0,38,50,0.76,-62.972002694195695,-72.16545636166477,,,7.012259156913104,10.388634529346733,,
TYR,-120,30,10,38,0.2631578947368421,-62.80578807934971,85.42618379980699,,,8.889711030509032,3.223301264491272,,
TYR,-120,30,26,38,0.6842105263157895,-57.48061849032286,-73.34337938906984,,,5.987452430557284,5.767198926845724,,
TYR,-120,60,18,21,0.8571428571428571,-53.136098192250145,-71.77171198181502,,,7.371572333713864,11.491469374277864,,
TYR,-120,90,11,19,0.5789473684210527,-53.236020380354546,-68.69869383269824,,,6.543583322847617,10.602549040822819,,
TYR,-120,120,35,104,0.33653846153846156,174.85949155504818,66.72126923001434,,,7.028650574908506,13.213775566487683,,
TYR,-120,120,8,104,0.07692307692307693,-175.90852191608772,-79.0547257813124,,,12.322652431650845,13.58295715058424,,
TYR,-120,120,28,104,0.2692307692307692,-62.871984641428114,78.6419439540191,,,6.080031905092538,5.87558401113273,,
TYR,-120,120,33,104,0.3173076923076923,-61.53705674802732,-73.58844821286041,,,7.06393843266757,14.053679738230056,,
TYR,-120,150,7,168,0.041666666666666664,62.70349365316558,78.9620703506463,,,1.8064146597985424,5.186741803020317,,
TYR,-120,150,8,168,0.047619047619047616,59.746571653318654,-83.20668382529738,,,5.2600212949982685,2.0568993920748815,,
TYR,-120,150,6,168,0.03571428571428571,176.60604277523436,77.2426090860009,,,3.6888057060681367,8.107009532219813,,
TYR,-120,150,61,168,0.3630952380952381,-65.85947074955617,80.24285092750087,,,7.328594523438562,6.489131755743621,,
TYR,-120,150,84,168,0.5,-62.00470348545784,-78.7571468041461,,,6.703922919296352,7.195796395105739,,
TYR,-90,-180,8,16,0.5,-57.55948076138731,-68.09838806757409,,,12.05224785536082,21.031663044402432,,
TYR,-90,-60,7,16,0.4375,169.8685342653266,68.70613718486166,,,3.5089693983239876,6.182866583536832,,
TYR,-90,-30,5,85,0.058823529411764705,60.40374710311116,77.87433404706864,,,5.312224962511954,3.3748219467522067,,
TYR,-90,-30,9,85,0.10588235294117647,-175.52750639556996,77.4749206247454,,,8.261397661316341,7.72458236661406,,
TYR,-90,-30,13,85,0.15294117647058825,-68.70363782806022,79.99976186135937,,,5.95628718310601,7.670319950503669,,
TYR,-90,-30,56,85,0.6588235294117647,-63.43880016890204,-62.46036946880202,,,9.636472735958685,17.254102181791936,,
TYR,-90,0,10,95,0.10526315789473684,58.46528103884703,79.07651139067877,,,8.74167579098849,3.289556340149297,,
TYR,-90,0,17,95,0.17894736842105263,-71.0586886246621,83.5542667744895,,,6.635426896788372,6.1348954876191,,
TYR,-90,0,66,95,0.6947368421052632,-65.35358020341442,-71.61895586447343,,,6.395595414824138,12.291478066063577,,
TYR,-90,30,13,18,0.7222222222222222,-62.05089685821697,-68.85078530248029,,,7.714705725049334,9.147858136275852,,
TYR,-90,90,5,10,0.5,-62.814596216703535,-71.37734045884619,,,3.885614908883565,6.354977238159455,,
TYR,-90,120,26,91,0.2857142857142857,178.94146175405993,68.44583265559234,,,6.4896679183521595,11.548903483379402,,
TYR,-90,120,9,91,0.0989010989010989,-174.39323759052976,-81.36693578151255,,,8.278694109914623,5.965992173440169,,
TYR,-90,120,17,91,0.18681318681318682,-66.31202120112381,79.96991488406685,,,7.15042477724979,9.52905770559499,,
TYR,-90,120,39,91,0.42857142857142855,-67.59646652812381,-77.55440844929275,,,8.321751710370146,6.7242450002886285,,
TYR,-90,150,5,91,0.054945054945054944,63.33498471491549,82.01105234494304,,,3.360668687800281,6.148660773329498,,
TYR,-90,150,8,91,0.08791208791208792,-178.58597330318835,70.27329786068472,,,8.978062832295432,6.477857166982491,,
TYR,-90,150,21,91,0.23076923076923078,-66.62947682991513,81.63187145765843,,,7.668836454283023,5.146535132908002,,
TYR,-90,150,53,91,0.5824175824175825,-67.33777859669206,-74.76391425966146,,,7.079751219866449,9.850185820419417,,
TYR,-60,-60,221,356,0.6207865168539326,177.11738871154023,76.7374155375059,,,6.423599904685169,7.905863866487948,,
TYR,-60,-60,66,356,0.1853932584269663,-176.06396998975433,-83.51901767010416,,,6.1871185891484854,5.07423548401369,,
TYR,-60,-60,9,356,0.025280898876404494,-78.82769989009562,76.58190725495155,,,7.3458995047368525,10.944792963539841,,
TYR,-60,-60,60,356,0.16853932584269662,-74.34629471118234,-43.694869256578784,,,11.771368511682402,18.0043716717642,,
TYR,-60,-30,16,490,0.0326530612244898,69.43747313129076,82.54775115137718,,,7.464865357488305,7.478830130010711,,
TYR,-60,-30,13,490,0.026530612244897958,75.07499196515211,-81.38316687248023,,,6.011252383018283,3.7191337495433983,,
TYR,-60,-30,207,490,0.42244897959183675,-179.06678382526036,74.1791129775889,,,6.906926059937108,9.676129685449165,,
TYR,-60,-30,39,490,0.07959183673469387,-175.88238700284705,-85.11924515529944,,,7.97823946018443,4.521618794518399,,
TYR,-60,-30,35,490,0.07142857142857142,-83.90630697126917,46.80541011674661,,,8.171857777098955,29.32202783559429,,
TYR,-60,-30,180,490,0.3673469387755102,-71.96952384416117,-54.69911880310702,,,9.002219502313434,19.66910041775768,,
TYR,-60,0,8,23,0.34782608695652173,62.55232285313467,77.10584943764998,,,4.9180639975191855,6.955431741845721,,
TYR,-60,0,13,23,0.5652173913043478,-65.38837101913481,-37.22427236644844,,,25.454125919529424,30.142196834302457,,
TYR,-60,30,6,8,0.75,-174.1287485697392,59.926189808257305,,,9.587840724083279,4.504657823163573,,
TYR,-60,120,31,44,0.7045454545454546,-177.94603041837775,71.10698946451542,,,5.8974020946597046,9.131550291594008,,
TYR,-60,120,5,44,0.11363636363636363,-168.13849079709902,-82.32813413227521,,,2.665395997567151,2.4398991429414423,,
TYR,-60,120,6,44,0.13636363636363635,-78.59179858453572,-67.02104166034282,,,4.742210636031161,6.155401605995311,,
TYR,-60,150,22,59,0.3728813559322034,-179.46856951502875,77.26299940436976,,,6.452751759685169,6.782036849954007,,
TYR,-60,150,10,59,0.1694915254237288,-81.26884928107212,54.398469091728195,,,4.385061637965501,20.669158486530325,,
TYR,-60,150,24,59,0.4067796610169492,-68.2342422386631,-69.83966418417492,,,12.24702256544024,10.769816950720944,,
TYR,-30,-60,8,15,0.5333333333333333,-178.2377316316725,75.35295633761349,,,6.610522331654588,9.228874446352687,,
TYR,-30,-60,5,15,0.3333333333333333,-168.89494655312464,-76.5621010453859,,,3.6465751973333194,14.240618438930982,,
TYR,0,0,473,473,1.0,0.0,0.0,,,0.0,0.0,,
TYR,60,0,7,10,0.7,-55.04636776978793,-59.52556229808821,,,7.668069563157719,6.844183516789264,,
TYR,60,30,5,19,0.2631578947368421,-69.99711177268561,75.83642268957136,,,8.873998177983648,19.032303190160313,,
TYR,60,30,13,19,0.6842105263157895,-57.33415922224342,-71.54523288639504,,,10.613374155911234,5.736073139854086,,
TYR,60,60,7,9,0.7777777777777778,-61.24769000077221,-57.51711625544674,,,10.190989174387616,6.306468510926594,,
CYS,-180,-180,9,9,1.0,65.16237811411813,,,,7.492091280110089,,,
CYS,-180,150,6,8,0.75,75.91047753319101,,,,7.614286494038939,,,
CYS,-150,-180,13,14,0.9285714285714286,62.6799032269495,,,,3.9539582822154706,,,
CYS,-150,90,5,5,1.0,-173.28972738868802,,,,1.268761489863518,,,
CYS,-150,120,14,15,0.9333333333333333,-177.22211936341168,,,,8.138475973327257,,,
CYS,-150,150,28,41,0.6829268292682927,62.01568297479614,,,,5.357202678930213,,,
CYS,-150,150,10,41,0.24390243902439024,-177.55790845213667,,,,5.260402115249623,,,
CYS,-120,-180,6,7,0.8571428571428571,-58.160890122203085,,,,5.851954351301356,,,
CYS,-120,0,7,13,0.5384615384615384,73.02963924432791,,,,4.973337365558789,,,
CYS,-120,0,5,13,0.38461538461538464,-62.23049559444074,,,,7.405485312027737,,,
CYS,-120,30,5,13,0.38461538461538464,61.69396917942414,,,,12.003261114046811,,,
CYS,-120,30,8,13,0.6153846153846154,-64.43036129322398,,,,7.76910318327055,,,
CYS,-120,120,18,31,0.5806451612903226,-174.99289763137827,,,,8.62084073221668,,,
CYS,-120,120,12,31,0.3870967741935484,-60.50159479997236,,,,8.292334806686025,,,
CYS,-120,150,8,47,0.1702127659574468,63.74660305349936,,,,13.557327194151867,,,
CYS,-120,150,10,47,0.2127659574468085,-178.91517420723596,,,,7.789527119674996,,,
CYS,-120,150,29,47,0.6170212765957447,-59.65765460998333,,,,8.497372182805865,,,
CYS,-90,-180,7,7,1.0,62.5894726496959,,,,10.311317369841937,,,
CYS,-90,-60,6,7,0.8571428571428571,-25.22631014054362,,,,21.875352879693892,,,
CYS,-90,-30,5,30,0.16666666666666666,-172.40225231899595,,,,4.007135128517726,,,
CYS,-90,-30,21,30,0.7,-66.83887276656665,,,,9.46729706643043,,,
CYS,-90,0,12,28,0.42857142857142855,64.32132532986898,,,,7.353840315805638,,,
CYS,-90,0,16,28,0.5714285714285714,-64.88604613939934,,,,3.9929185957594506,,,
CYS,-90,120,32,46,0.6956521739130435,-177.18897035128097,,,,5.6427099274670125,,,
CYS,-90,120,14,46,0.30434782608695654,-60.28981611933856,,,,5.628796984432695,,,
CYS,-90,150,19,26,0.7307692307692307,-67.17845794481713,,,,12.704609843741263,,,
CYS,-60,-60,24,70,0.34285714285714286,-175.87675355796458,,,,8.246527975230626,,,
CYS,-60,-60,46,70,0.6571428571428571,-71.82351036032637,,,,6.659158545248493,,,
CYS,-60,-30,13,152,0.08552631578947369,63.43132743357832,,,,5.154416430277789,,,
CYS,-60,-30,24,152,0.15789473684210525,-176.07587538643978,,,,9.857227377272292,,,
CYS,-60,-30,115,152,0.756578947368421,-71.7019760574063,,,,6.277193374010578,,,
CYS,-60,0,10,14,0.7142857142857143,-60.99637302808442,,,,10.583979607701748,,,
CYS,-60,120,22,29,0.7586206896551724,-174.62386462021436,,,,6.093702747383624,,,
CYS,-60,120,7,29,0.2413793103448276,-59.450335537507804,,,,8.869391178591385,,,
CYS,-60,150,12,36,0.3333333333333333,72.11783958442177,,,,8.409543537161747,,,
CYS,-60,150,12,36,0.3333333333333333,-176.1934340897024,,,,4.639804187666046,,,
CYS,-60,150,12,36,0.3333333333333333,-61.457714465085694,,,,15.555001635637247,,,
CYS,0,0,155,155,1.0,0.0,,,,0.0,,,
CYS,60,30,5,5,1.0,-58.92364342097319,,,,17.550195477529545,,,
CYS,60,60,5,5,1.0,-59.67535538956254,,,,6.964298142220936,,,
SER,-180,-180,11,13,0.8461538461538461,70.71002178116944,,,,12.70742303788201,,,
SER,-180,150,9,15,0.6,60.58496899415858,,,,11.691636496519264,,,
SER,-180,150,6,15,0.4,-176.48389031034807,,,,7.109325164642336,,,
SER,-150,-180,77,87,0.8850574712643678,65.90875846348423,,,,7.0873436635542095,,,
SER,-150,-180,6,87,0.06896551724137931,-179.58387568972512,,,,6.851911135343973,,,
SER,-150,-150,6,7,0.8571428571428571,-179.11736890372075,,,,6.153406284858616,,,
SER,-150,90,8,11,0.7272727272727273,-174.204113242283,,,,8.200347323388046,,,
SER,-150,120,5,50,0.1,61.918419374257354,,,,7.296821891147065,,,
SER,-150,120,39,50,0.78,-178.14400404211455,,,,6.344463116075062,,,
SER,-150,120,6,50,0.12,-49.543598550982416,,,,27.26316810063617,,,
SER,-150,150,100,184,0.5434782608695652,65.63632867432743,,,,7.262604208073474,,,
SER,-150,150,64,184,0.34782608695652173,176.77043231403783,,,,8.93283501818804,,,
SER,-150,150,20,184,0.10869565217391304,-60.91677554809398,,,,11.749516179975593,,,
SER,-120,-180,23,51,0.45098039215686275,64.73813470765788,,,,7.126063244015052,,,
SER,-120,-180,7,51,0.13725490196078433,-177.6002794082416,,,,7.898725481897924,,,
SER,-120,-180,21,51,0.4117647058823529,-61.28867372466997,,,,14.087800047414687,,,
SER,-120,-30,6,16,0.375,52.5148407676933,,,,11.18355494510697,,,
SER,-120,-30,8,16,0.5,-60.0842548361205,,,,3.6456268679239203,,,
SER,-120,0,26,42,0.6190476190476191,62.18013584378277,,,,7.129578458770476,,,
SER,-120,0,13,42,0.30952380952380953,-59.86038530134908,,,,10.187484529007357,,,
SER,-120,30,10,22,0.45454545454545453,61.565229999785004,,,,3.7888880548451374,,,
SER,-120,30,11,22,0.5,-59.74667155754736,,,,10.28957250126312,,,
SER,-120,90,9,20,0.45,174.03303947128063,,,,5.684348123217445,,,
SER,-120,90,8,20,0.4,-51.2325446594647,,,,6.286585412234629,,,
SER,-120,120,12,72,0.16666666666666666,60.389005668136264,,,,6.691491085334644,,,
SER,-120,120,34,72,0.4722222222222222,176.6386904942114,,,,7.787086244538974,,,
SER,-120,120,26,72,0.3611111111111111,-61.64552904588622,,,,9.194629908203904,,,
SER,-120,150,41,128,0.3203125,60.73021895698714,,,,8.111837291187962,,,
SER,-120,150,39,128,0.3046875,173.50693607042462,,,,7.423978109272823,,,
SER,-120,150,48,128,0.375,-60.07925952122958,,,,7.793103869794675,,,
SER,-90,-180,42,57,0.7368421052631579,66.372412611831,,,,8.072880109025434,,,
SER,-90,-180,5,57,0.08771929824561403,-177.1088588463038,,,,10.831164947049713,,,
SER,-90,-180,10,57,0.17543859649122806,-60.034517714944336,,,,8.698700639629545,,,
SER,-90,-60,5,19,0.2631578947368421,55.42589732839864,,,,2.077044748070853,,,
SER,-90,-60,7,19,0.3684210526315789,174.50437475570666,,,,10.115571773907783,,,
SER,-90,-60,7,19,0.3684210526315789,-69.6885682926515,,,,7.290228218067256,,,
SER,-90,-30,61,118,0.5169491525423728,64.20432521296424,,,,7.5304148341736195,,,
SER,-90,-30,12,118,0.1016949152542373,174.13466830588908,,,,11.540854092355842,,,
SER,-90,-30,45,118,0.3813559322033898,-61.51044968345126,,,,7.4684002059333725,,,
SER,-90,0,134,197,0.6802030456852792,65.29047828318295,,,,8.834490221448997,,,
SER,-90,0,61,197,0.3096446700507614,-61.588796472958755,,,,9.038363886733324,,,
SER,-90,30,11,21,0.5238095238095238,65.17163203515328,,,,7.19012384340182,,,
SER,-90,30,9,21,0.42857142857142855,-63.6346692984632,,,,17.41138552897722,,,
SER,-90,90,10,16,0.625,177.79796805684578,,,,11.243055066952342,,,
SER,-90,90,6,16,0.375,-54.37543463813495,,,,5.08306353444541,,,
SER,-90,120,9,89,0.10112359550561797,44.99773964270242,,,,7.9718253335894085,,,
SER,-90,120,51,89,0.5730337078651685,176.24494646635844,,,,8.886646847719268,,,
SER,-90,120,29,89,0.3258426966292135,-61.33388238474021,,,,7.087096387400571,,,
SER,-90,150,85,173,0.4913294797687861,66.6238637618321,,,,6.837605924474509,,,
SER,-90,150,49,173,0.2832369942196532,172.8628220771967,,,,7.558928280904676,,,
SER,-90,150,39,173,0.2254335260115607,-62.857711659984346,,,,6.773120109913871,,,
SER,-60,-180,21,35,0.6,62.890035381062454,,,,8.16335047201893,,,
SER,-60,-180,5,35,0.14285714285714285,168.30504102053536,,,,10.356977509802102,,,
SER,-60,-180,9,35,0.2571428571428571,-41.984782886692024,,,,20.88724868589037,,,
SER,-60,-60,35,253,0.1383399209486166,62.55404347158103,,,,11.440536862483356,,,
SER,-60,-60,102,253,0.4031620553359684,179.7205927163048,,,,8.697203640956623,,,
SER,-60,-60,116,253,0.45849802371541504,-61.52352436816006,,,,13.027315845191334,,,
SER,-60,-30,399,872,0.45756880733944955,65.37238726639814,,,,9.16923037515814,,,
SER,-60,-30,156,872,0.17889908256880735,177.405242226229,,,,9.300343082897285,,,
SER,-60,-30,317,872,0.36353211009174313,-65.23010202205582,,,,7.520276206102303,,,
SER,-60,0,67,89,0.7528089887640449,65.78008207468504,,,,7.612265878255029,,,
SER,-60,0,7,89,0.07865168539325842,163.19502354082115,,,,12.391211307792641,,,
SER,-60,0,15,89,0.16853932584269662,-64.12783987890425,,,,13.115197709656092,,,
SER,-60,120,10,62,0.16129032258064516,71.98982250186477,,,,8.258989249023069,,,
SER,-60,120,45,62,0.7258064516129032,175.46965679743292,,,,6.755735936069544,,,
SER,-60,120,7,62,0.11290322580645161,-61.43478884516925,,,,4.072995405913841,,,
SER,-60,150,118,266,0.44360902255639095,67.65717487111952,,,,7.158209926942522,,,
SER,-60,150,93,266,0.34962406015037595,175.66402432438406,,,,7.422066641569563,,,
SER,-60,150,55,266,0.20676691729323307,-64.95512392786401,,,,6.94638363745915,,,
SER,-30,-60,8,15,0.5333333333333333,-71.72802257618206,,,,12.941499371098567,,,
SER,-30,-30,8,14,0.5714285714285714,177.34695551502014,,,,22.97834888442539,,,
SER,0,0,688,689,0.9985486211901307,0.0,,,,0.0,,,
SER,60,-150,7,8,0.875,175.53646409641237,,,,7.829503187230829,,,
SER,60,0,5,8,0.625,-56.527190675800334,,,,2.7756805857007643,,,
SER,60,30,5,34,0.14705882352941177,-157.81574638658037,,,,10.120097963095736,,,
SER,60,30,27,34,0.7941176470588235,-59.415284991385434,,,,6.002672905773457,,,
SER,60,60,11,15,0.7333333333333333,-50.628866475723136,,,,18.264465012241587,,,
THR,-180,150,8,10,0.8,174.08945268581596,,,,8.241619758062908,,,
THR,-150,-180,25,58,0.43103448275862066,64.90616887827979,,,,8.044209619701014,,,
THR,-150,-180,32,58,0.5517241379310345,-170.94017915590607,,,,4.434168231569,,,
THR,-150,0,6,9,0.6666666666666666,61.347124371193125,,,,8.481193137186851,,,
THR,-150,120,5,28,0.17857142857142858,170.63633501340738,,,,6.377705677555678,,,
THR,-150,120,21,28,0.75,-59.572176875750316,,,,7.360575726150776,,,
THR,-150,150,55,144,0.3819444444444444,59.75305560748866,,,,7.143241694652257,,,
THR,-150,150,60,144,0.4166666666666667,-177.7686125085316,,,,6.733277753801502,,,
THR,-150,150,29,144,0.2013888888888889,-54.97730022666517,,,,11.606857263946273,,,
THR,-120,-180,70,77,0.9090909090909091,65.0187920489367,,,,7.0115314015736026,,,
THR,-120,-180,5,77,0.06493506493506493,-165.52683245018804,,,,10.31769992558058,,,
THR,-120,-60,7,13,0.5384615384615384,62.55558439034194,,,,13.48080620673607,,,
THR,-120,-60,5,13,0.38461538461538464,-58.402017652153965,,,,3.4081960778420393,,,
THR,-120,-30,46,56,0.8214285714285714,60.71219507734537,,,,5.179885835515783,,,
THR,-120,-30,5,56,0.08928571428571429,-166.7547775078599,,,,18.28580523400535,,,
THR,-120,-30,5,56,0.08928571428571429,-88.79352527444965,,,,17.41295077502025,,,
THR,-120,0,83,90,0.9222222222222223,60.67625834963621,,,,4.736771980039142,,,
THR,-120,30,36,39,0.9230769230769231,55.898120899848955,,,,6.212198615279449,,,
THR,-120,60,7,8,0.875,58.06297928633127,,,,2.7462508698486805,,,
THR,-120,90,8,19,0.42105263157894735,56.33762138532393,,,,3.5450725502887317,,,
THR,-120,90,11,19,0.5789473684210527,-56.705558792282886,,,,10.591780462913933,,,
THR,-120,120,21,148,0.14189189189189189,63.760522109072284,,,,10.780250414997665,,,
THR,-120,120,8,148,0.05405405405405406,177.99102272120976,,,,5.255712718215849,,,
THR,-120,120,119,148,0.8040540540540541,-58.85659300323925,,,,5.361438515028948,,,
THR,-120,150,144,226,0.6371681415929203,61.46713660781058,,,,6.516524628404637,,,
THR,-120,150,27,226,0.11946902654867257,-179.2249101955346,,,,9.740862135987921,,,
THR,-120,150,55,226,0.24336283185840707,-58.33954146480986,,,,10.16820094013266,,,
THR,-90,-180,80,91,0.8791208791208791,63.59778817427994,,,,5.4395653090894305,,,
THR,-90,-180,6,91,0.06593406593406594,178.36907106048702,,,,9.642766374924474,,,
THR,-90,-180,5,91,0.054945054945054944,-42.45426268665487,,,,24.942406654051045,,,
THR,-90,-60,6,17,0.35294117647058826,51.07129612341763,,,,11.082975897828861,,,
THR,-90,-60,11,17,0.6470588235294118,-60.23344649734945,,,,5.82601533919842,,,
THR,-90,-30,86,137,0.6277372262773723,60.993713369049935,,,,6.781260766122956,,,
THR,-90,-30,11,137,0.08029197080291971,-176.67432186096812,,,,15.92826812330919,,,
THR,-90,-30,40,137,0.291970802919708,-57.534719711890624,,,,8.667530721456393,,,
THR,-90,0,144,157,0.9171974522292994,60.32938338311547,,,,5.836996908418843,,,
THR,-90,0,10,157,0.06369426751592357,-40.51483855980846,,,,25.470043285453276,,,
THR,-90,30,15,17,0.8823529411764706,57.471251065748554,,,,6.905962948129511,,,
THR,-90,60,9,13,0.6923076923076923,66.13870536384415,,,,11.496768016929925,,,
THR,-90,90,9,13,0.6923076923076923,-53.17336309666291,,,,4.5737771248163375,,,
THR,-90,120,13,130,0.1,57.03498328520112,,,,7.8011738040500305,,,
THR,-90,120,117,130,0.9,-60.321234830114385,,,,6.557974967354445,,,
THR,-90,150,102,144,0.7083333333333334,61.904388953744814,,,,7.042951841518361,,,
THR,-90,150,13,144,0.09027777777777778,-174.65827284489984,,,,9.415850552998052,,,
THR,-90,150,29,144,0.2013888888888889,-55.27084689698263,,,,10.082114633870114,,,
THR,-60,-180,22,25,0.88,65.30947967692411,,,,5.896873152408818,,,
THR,-60,-60,35,268,0.13059701492537312,53.52352458024365,,,,13.169436540624814,,,
THR,-60,-60,232,268,0.8656716417910447,-60.74090612957743,,,,6.590600588602123,,,
THR,-60,-30,183,579,0.3160621761658031,60.47496507469092,,,,7.953485780688609,,,
THR,-60,-30,19,579,0.03281519861830743,-175.37185743719348,,,,8.347179054706515,,,
THR,-60,-30,377,579,0.6511226252158895,-59.75766729152791,,,,7.466228162289609,,,
THR,-60,0,32,36,0.8888888888888888,63.90447327713215,,,,6.570244308498838,,,
THR,-60,120,5,71,0.07042253521126761,60.70434109647577,,,,15.82999674852118,,,
THR,-60,120,64,71,0.9014084507042254,-56.75809582286437,,,,6.371446253421763,,,
THR,-60,150,67,117,0.5726495726495726,64.86780670908477,,,,6.696492622325628,,,
THR,-60,150,12,117,0.10256410256410256,177.5984825706923,,,,9.621183176440812,,,
THR,-60,150,38,117,0.3247863247863248,-58.39628412947356,,,,10.784532538549252,,,
THR,-30,-60,12,15,0.8,-57.440695053918155,,,,3.132896677868479,,,
THR,0,0,616,616,1.0,0.0,,,,0.0,,,
VAL,-150,-180,19,20,0.95,-63.74574393336502,,,,5.015129914524877,,,
VAL,-150,90,7,7,1.0,178.6523209549654,,,,3.592558344612145,,,
VAL,-150,120,8,49,0.16326530612244897,56.31467772141524,,,,4.719446301769527,,,
VAL,-150,120,34,49,0.6938775510204082,178.35566000549377,,,,5.973371436209479,,,
VAL,-150,120,7,49,0.14285714285714285,-45.090214303788,,,,29.76746896900233,,,
VAL,-150,150,30,138,0.21739130434782608,62.115490560168816,,,,6.637125119229889,,,
VAL,-150,150,35,138,0.2536231884057971,178.07452769279988,,,,9.37334701477412,,,
VAL,-150,150,73,138,0.5289855072463768,-62.977633987547385,,,,6.198526491459307,,,
VAL,-120,-180,36,44,0.8181818181818182,-62.02079386862964,,,,5.904562968784743,,,
VAL,-120,-60,10,12,0.8333333333333334,174.1325959306739,,,,5.633793620886613,,,
VAL,-120,-30,6,42,0.14285714285714285,65.60639939807199,,,,11.392104409697902,,,
VAL,-120,-30,18,42,0.42857142857142855,171.1868372434876,,,,16.39059294304606,,,
VAL,-120,-30,18,42,0.42857142857142855,-61.84704895305435,,,,10.522538828554124,,,
VAL,-120,0,7,52,0.1346153846153846,80.60686161390471,,,,6.109594360189549,,,
VAL,-120,0,41,52,0.7884615384615384,-61.45833201305378,,,,6.070288062594441,,,
VAL,-120,30,16,23,0.6956521739130435,-60.78387365141021,,,,5.725976802251689,,,
VAL,-120,90,40,41,0.975609756097561,-179.7276778222637,,,,4.340303860800892,,,
VAL,-120,120,26,459,0.05664488017429194,50.01148872292873,,,,12.027368443760423,,,
VAL,-120,120,416,459,0.906318082788671,178.05582124086465,,,,4.910982406752869,,,
VAL,-120,120,17,459,0.037037037037037035,-56.17516267519409,,,,19.29432372542813,,,
VAL,-120,150,34,308,0.11038961038961038,61.698923842941475,,,,6.9133826221167745,,,
VAL,-120,150,135,308,0.4383116883116883,178.27293696802914,,,,6.913558094476246,,,
VAL,-120,150,139,308,0.4512987012987013,-60.135800229456876,,,,6.3213537011040355,,,
VAL,-90,-180,5,6,0.8333333333333334,-64.64265484854779,,,,9.275949578840608,,,
VAL,-90,-60,53,58,0.9137931034482759,176.04339655214358,,,,4.7854881051065625,,,
VAL,-90,-30,15,131,0.11450381679389313,67.5689936335668,,,,11.092327225335376,,,
VAL,-90,-30,77,131,0.5877862595419847,174.72446760118183,,,,5.913933314769174,,,
VAL,-90,-30,39,131,0.29770992366412213,-55.30377160050448,,,,12.221501987110107,,,
VAL,-90,0,10,53,0.18867924528301888,76.22229270474467,,,,8.451573413788886,,,
VAL,-90,0,39,53,0.7358490566037735,-58.71134771011518,,,,7.693000468379733,,,
VAL,-90,30,5,5,1.0,-59.47911559023884,,,,2.7940992648184797,,,
VAL,-90,90,5,33,0.15151515151515152,36.893190394978774,,,,8.05920136567065,,,
VAL,-90,90,27,33,0.8181818181818182,178.12367145778296,,,,4.518724371501808,,,
VAL,-90,120,13,348,0.03735632183908046,46.188885931570745,,,,12.569439294500333,,,
VAL,-90,120,327,348,0.9396551724137931,177.44908329288327,,,,4.424696811280078,,,
VAL,-90,120,8,348,0.022988505747126436,-23.958589431412456,,,,29.9855522628799,,,
VAL,-90,150,9,116,0.07758620689655173,61.5260571936361,,,,11.46639948930174,,,
VAL,-90,150,82,116,0.7068965517241379,177.49096322559365,,,,6.473480861813096,,,
VAL,-90,150,25,116,0.21551724137931033,-58.28160053453878,,,,8.575906211188585,,,
VAL,-60,-60,8,404,0.019801980198019802,52.06968640592931,,,,13.48500904608382,,,
VAL,-60,-60,392,404,0.9702970297029703,172.5577000819235,,,,5.003484151425593,,,
VAL,-60,-30,106,785,0.13503184713375796,62.47586911385196,,,,9.74277694597659,,,
VAL,-60,-30,579,785,0.7375796178343949,173.23834653408818,,,,6.195771327054567,,,
VAL,-60,-30,100,785,0.12738853503184713,-57.80091528262611,,,,11.24469056847542,,,
VAL,-60,0,6,21,0.2857142857142857,81.67042429504939,,,,1.0775155656942081,,,
VAL,-60,0,12,21,0.5714285714285714,-60.11623040378623,,,,2.376524344508144,,,
VAL,-60,120,8,113,0.07079646017699115,59.359994760547465,,,,14.652585708681745,,,
VAL,-60,120,100,113,0.8849557522123894,175.7420148312924,,,,4.922147289965742,,,
VAL,-60,120,5,113,0.04424778761061947,-71.77281040143608,,,,4.7661126337232105,,,
VAL,-60,150,16,87,0.1839080459770115,64.20053064623804,,,,7.448960828905646,,,
VAL,-60,150,44,87,0.5057471264367817,174.64170433349832,,,,6.5838906176335765,,,
VAL,-60,150,27,87,0.3103448275862069,-63.25865915903123,,,,7.160189670538888,,,
VAL,-30,-60,6,7,0.8571428571428571,172.4517448361668,,,,5.420252059541511,,,
VAL,-30,-30,5,6,0.8333333333333334,-179.78705807776444,,,,3.4660359598116424,,,
VAL,0,0,861,861,1.0,0.0,,,,0.0,,,
