AA	PHI	PSI	_COUNT	COUNT	PROB	B_CHI1	B_CHI2	B_CHI3	B_CHI4	B_CHI1Sig	B_CHI2Sig	B_CHI3Sig	B_CHI4Sig
ARG	-150	-180	6	35	0.17142857142857143	60.40580739350808	-175.61000261036995	174.80481179310732	92.13678915593405	4.09684876409382	12.404620204155052	9.747211753853314	6.753607361447748
ARG	-150	120	5	42	0.11904761904761904	177.18808581797563	163.2641913754242	169.26975730323716	86.94412990079587	5.474644861922521	5.794178399659222	14.473037636185198	11.174287747713318
ARG	-150	120	6	42	0.14285714285714285	-177.36421592539645	-171.8177795965457	174.84005882750037	-173.15483879152129	8.405831095650347	7.829077130695504	7.116345838860047	9.316048030123047
ARG	-150	150	15	165	0.09090909090909091	65.44058057771402	-177.02800449305087	179.93027143917243	82.38295582921072	5.274805184172831	10.534044850188772	6.0001628228736585	4.166714302176079
ARG	-150	150	19	165	0.11515151515151516	66.27502669868849	179.9512425744677	177.78623090803802	-177.1589841190959	7.674415367998427	10.723153813535317	9.26594679129787	12.200786306512658
ARG	-150	150	7	165	0.04242424242424243	66.73639067788629	-162.60590668213933	-175.03088358187856	-80.71489919448145	4.223708100350458	4.5171828075198	4.316136674688415	9.661507288202023
ARG	-150	150	6	165	0.03636363636363636	-166.81411297957146	175.24536670045742	68.06886982383308	-173.08418997664037	11.623436436715513	6.508823027386808	8.869080905812302	12.169713204790808
ARG	-150	150	9	165	0.05454545454545454	-172.64884161466543	170.09310060438202	179.48633455182068	-174.68974947048574	9.920321727169739	11.136300186710343	10.125289349633887	11.725279408064818
ARG	-150	150	9	165	0.05454545454545454	-56.59275849778119	-179.44770570375005	67.05308103136733	177.41189897751738	13.145113396087341	18.289549849845958	8.91859158172613	17.32514704665147
ARG	-150	150	6	165	0.03636363636363636	-76.08492656223292	-170.93343622639347	177.84464533689467	79.74992463844922	14.535050097561362	13.339653618372866	7.804877516919764	12.688706439336029
ARG	-150	150	5	165	0.030303030303030304	-73.32829897981178	175.37073970601713	173.88960834880788	-83.13582869055902	10.903812812660911	12.378192084635167	6.909052998353886	5.696299431995586
ARG	-150	150	5	165	0.030303030303030304	-67.78360565479997	-174.217269304823	-74.50596742460706	-175.68731250552466	14.374338662558225	7.205019845464862	10.197956672538474	14.95123211035598
ARG	-150	150	15	165	0.09090909090909091	-67.75089626805125	-70.62062384484477	-175.16242834379958	-82.92267578232472	5.151488441614199	4.556350393592727	2.149749010468497	5.293180580296572
ARG	-150	150	9	165	0.05454545454545454	-22.95009589056437	-10.166750961680721	-9.40145059546827	-10.178356144224017	30.79468167401806	27.6484961334124	22.628757837773076	28.00916084522011
ARG	-120	0	6	54	0.1111111111111111	-64.4751101169462	176.21748929885524	58.95254080163217	89.08835067037751	3.0090471669790615	6.452613800156861	7.796654857569943	6.014270816080435
ARG	-120	0	5	54	0.09259259259259259	-68.08987732340125	177.46357211979577	72.0328630061744	-170.84532141129853	6.678832693928936	18.39246862253134	13.703680414506955	8.201025540357671
ARG	-120	0	8	54	0.14814814814814814	-62.37426331141649	179.8621390988911	173.4815462207934	171.72513666584015	3.8978131589554406	10.27813084082721	6.243244865182636	8.941171913407656
ARG	-120	0	6	54	0.1111111111111111	-63.222751106437045	-174.400633975243	-64.68678287207814	147.2939441416191	5.662034046527704	10.724238427662028	6.1042618794518315	25.610310604758173
ARG	-120	0	5	54	0.09259259259259259	-61.03445135260466	-168.55354705931785	-61.60351608213899	-90.33056715990594	5.832962303552307	19.12176232083157	16.522164541851737	17.627185117720245
ARG	-120	30	6	33	0.18181818181818182	-50.189197339157325	-167.0785481221554	-177.35633424644118	-177.7657168360695	5.754712070775804	8.260785154960551	5.459144113939997	9.422705701751553
ARG	-120	90	5	25	0.2	178.69696252642223	175.04391568391807	-91.11467271372649	173.8259104017763	4.189488478130722	4.428813431592758	8.307878585464783	4.289635170752302
ARG	-120	120	11	151	0.0728476821192053	-176.461595283257	170.8922008925327	65.26822557879743	86.59962712621386	7.841853311300868	11.258014060119327	12.024655384857855	10.070562554313593
ARG	-120	120	8	151	0.052980132450331126	178.97733490657006	169.29798890928186	68.60712843453192	-144.30968051269093	2.9338454522728905	8.059271394989171	9.34691704379672	18.29160967073118
ARG	-120	120	5	151	0.033112582781456956	175.5320589580535	-171.85042742975614	-173.0554441229831	93.04365543193576	7.492955427264729	6.438315705120603	12.109752591368979	9.82619723570958
ARG	-120	120	10	151	0.06622516556291391	-177.85280293162984	-171.93188843644043	-172.67401741194448	164.7375320032914	8.588092250854865	13.234989761333669	9.210186092427596	22.324681287874053
ARG	-120	120	9	151	0.059602649006622516	177.16592398563301	-179.48854198877797	-77.15230219915802	108.35296677031792	5.9647687941664005	6.943514642432325	18.13870539255874	5.780774600954004
ARG	-120	120	13	151	0.08609271523178808	179.78277921373376	169.31805150985983	-65.92313993874517	179.93365717745323	8.848647525272462	7.549325982321976	10.568417649350714	17.255039082438177
ARG	-120	120	11	151	0.0728476821192053	-177.01853466053748	179.02033582973627	-68.17806521806837	-83.80004891368522	5.577882906757031	8.086302239457304	7.858436600869625	8.116706906969924
ARG	-120	120	11	151	0.0728476821192053	-64.16051374275095	-177.59702004743474	66.26560476826181	-170.57558414749113	7.747417378361127	11.840161421336589	7.018595557832695	12.509113024823455
ARG	-120	120	5	151	0.033112582781456956	-64.86036648323409	-179.0735952407675	174.29010522880046	83.08643804257777	6.68630503627356	13.901690296904787	16.46372154412105	7.742624970613427
ARG	-120	120	14	151	0.09271523178807947	-67.1734305195023	178.62432463814224	-179.25046505642348	164.23336160111586	7.8801822355827555	10.717212304771428	14.30268714444046	18.40784845690075
ARG	-120	120	9	151	0.059602649006622516	-69.01718522833686	177.139792400725	-175.8065669531852	-87.26905869569418	8.040206995638586	11.763387412625729	9.52682607105854	8.814774664653068
ARG	-120	120	5	151	0.033112582781456956	-62.09153672180545	-162.7408167574222	-57.078472354147735	164.3868022931932	13.208634564095473	3.2709066354620546	13.132480080674481	13.89223309963686
ARG	-120	120	7	151	0.046357615894039736	-15.416144171689623	-22.67461862652142	-17.273941536371975	-25.233642598501927	21.611445248885126	33.63573355608372	24.689451044942732	41.09551818538051
ARG	-120	150	6	154	0.03896103896103896	-168.76930254209685	169.32915771604814	56.26472183049376	-178.77013706862067	6.450789659892145	12.397837791467056	6.741752183354709	18.22329489491091
ARG	-120	150	5	154	0.032467532467532464	-65.03134828812038	172.65701716258462	69.75173854899128	-176.6011992408227	17.925852817681594	10.917118776195059	8.356984786292355	12.755868087044476
ARG	-120	150	11	154	0.07142857142857142	-70.99132621515484	-174.91700794298694	171.74778158379772	81.38187420854581	10.73683605093866	15.286073284503415	14.107925497411108	9.888335944779204
ARG	-120	150	14	154	0.09090909090909091	-63.78815842011451	179.97121545881456	-175.15832538897942	-159.48582852406562	6.208664767180248	7.287456811116563	8.889778259332859	20.574030350431403
ARG	-120	150	19	154	0.12337662337662338	-67.43040291410121	173.92611968843113	-177.05489805001045	-87.10900827146142	6.616742382135802	13.507125181267238	11.27664798115641	11.079398526718355
ARG	-120	150	12	154	0.07792207792207792	-68.10104970832509	-167.39284253839534	-68.15681475577763	176.60736653517836	14.17814615509605	28.14830018001575	13.470945606831501	23.315457395334665
ARG	-120	150	6	154	0.03896103896103896	-64.98133191495944	177.8972150181522	-64.58044360262643	-91.27348934026602	5.591639510478743	7.177214777306994	8.160980873609333	9.078818707031544
ARG	-120	150	11	154	0.07142857142857142	-63.51797076285086	-69.12760804744036	177.66777997979952	-89.53211808555987	6.259447839539572	4.256178205387188	2.366595943110686	8.306263944821774
ARG	-120	150	12	154	0.07792207792207792	-3.8129399763011627	-3.7038690026035757	-0.7406890166765384	-1.1014085970709677	13.241026093438176	17.54701550638319	8.042855151167824	9.687116975480494
ARG	-90	-180	5	22	0.22727272727272727	-1.4908163270793073	0.0	0.0	0.0	9.28719164833257	0.0	0.0	0.0
ARG	-90	-30	8	178	0.0449438202247191	179.10686268751687	64.20642396451389	-169.3339616159211	83.48243485953567	10.070525533949361	3.452357020338545	5.868861064380295	5.656821074640418
ARG	-90	-30	6	178	0.033707865168539325	-172.59201877070626	161.02037645468337	164.7601490582859	78.71487292442522	8.632333901159235	14.963486172805013	12.188034182296532	9.267623780250736
ARG	-90	-30	6	178	0.033707865168539325	-172.46661829492814	179.23481743767329	-177.72881097973413	-81.7444916226328	10.455419826096811	11.351389373960686	10.336852569270658	6.472853036581493
ARG	-90	-30	7	178	0.03932584269662921	-170.56832853247286	173.65422970974927	-53.92921896143028	177.82708383259137	14.65795682676422	10.785031424272443	14.106834665765966	12.515155261192742
ARG	-90	-30	5	178	0.028089887640449437	-60.784976882852	173.09287759487862	77.88409840661832	80.85337463366822	9.541573162252783	10.87934634401518	13.257455847256827	5.527847896729355
ARG	-90	-30	15	178	0.08426966292134831	-69.57824902234778	-174.2381528163726	64.31996489314194	-175.30022209867516	9.503829664848208	15.300781911571939	8.717616637492625	14.573632482765566
ARG	-90	-30	5	178	0.028089887640449437	-57.620860935972686	-167.74407631654486	57.31029653503522	-105.01277922822307	2.494073133850291	5.615153671078366	5.27116304127349	1.2466898518145066
ARG	-90	-30	10	178	0.056179775280898875	-74.95638531274771	-176.65566462243132	-170.5479179725721	78.7553336183102	4.265724770983184	13.175207543079997	10.376263483298807	14.393349398679879
ARG	-90	-30	18	178	0.10112359550561797	-65.70189972862276	-179.25102939577144	-177.44620869687282	-177.23249131696463	7.366491125510776	8.504515689059241	11.18601501618446	14.95682219306729
ARG	-90	-30	9	178	0.05056179775280899	-70.17185965971002	-178.12731340439657	-176.87223266529656	-89.66077223435698	6.703798638837218	15.64155044989175	18.110541116718473	7.032884061411265
ARG	-90	-30	11	178	0.06179775280898876	-67.45075136178352	-168.8093295194677	-56.002300088356996	166.03017982076074	12.571721278955554	21.13577477571379	15.854177589534316	11.792045618790468
ARG	-90	-30	9	178	0.05056179775280899	-69.19435873159014	-164.05973744752683	-62.31362879380473	-85.58046353465316	8.52276923930708	8.716957218703612	9.762845285822655	5.1161339927123235
ARG	-90	-30	10	178	0.056179775280898875	-63.07654670536535	-65.78551703952056	-171.48691164911668	-177.91185816664873	9.024038828515533	12.228342182757657	16.24350201843812	19.25778781622407
ARG	-90	-30	6	178	0.033707865168539325	-58.9504320535377	-58.042097427903364	-67.95325331187082	171.2296447069483	6.16774647160922	14.192425938857994	9.022613750236724	6.626234565851442
ARG	-90	-30	10	178	0.056179775280898875	-27.962236612611093	-27.31549740719818	-16.99082977356788	-19.05829477872081	29.037658754677043	28.375929730851357	28.625393618688495	36.45783821151685
ARG	-90	0	8	137	0.058394160583941604	-59.14448715600826	-177.11744498558562	65.63416362860141	88.54680681801632	6.904783335397856	9.482822260414506	9.85578183344221	10.770354716920119
ARG	-90	0	16	137	0.11678832116788321	-64.74436320894945	177.3320864335172	61.38339120316658	-175.1872435697052	4.5415940446848015	16.823437785602515	11.789915941359082	19.228207640873375
ARG	-90	0	13	137	0.0948905109489051	-68.12362739673077	163.8112236795392	171.9613721778967	89.12202137491748	5.034912051131304	14.896854472038104	11.103842634555296	12.425129507530684
ARG	-90	0	20	137	0.145985401459854	-61.72596709244598	-179.83691856146154	176.9763861268861	179.00578987876636	5.01037689640883	11.154663386070004	11.397757628977821	16.314856900283843
ARG	-90	0	7	137	0.051094890510948905	-65.8491450403973	177.92188828799596	170.764700623734	-86.17815914954288	1.699501937346157	4.5880387925594635	11.944287234378214	10.295497079228682
ARG	-90	0	5	137	0.0364963503649635	-64.26220343303287	-171.93401777623257	-77.47046237232631	101.38593373453647	4.97442300011108	4.228218055345092	12.737813505818421	5.563099687279077
ARG	-90	0	5	137	0.0364963503649635	-60.040097822542975	-177.71581430564967	-65.40417659674044	170.90386641994957	13.400448421356852	23.435076684885637	23.31013664306716	14.960588831355375
ARG	-90	0	8	137	0.058394160583941604	-60.57167320095633	-166.88998563430914	-62.622358056361406	-92.47654048645244	11.354051898317127	14.568816356181337	12.77946806843277	13.513241165868822
ARG	-90	0	9	137	0.06569343065693431	-62.80256117792277	-68.12894408646171	-177.02487463065373	179.40235766989275	9.303202417138097	6.616275296325209	7.113801803079129	7.1018864752217095
ARG	-90	0	10	137	0.072992700729927	-16.395954641604643	-18.368816811261794	-16.038521533754167	-19.600371113849697	27.365574132251968	32.69087410155615	26.422399092597885	36.988354729933526
ARG	-90	90	5	24	0.20833333333333334	-1.926076259066118	-18.467355909898693	-16.29611502700016	-20.309880720252274	8.405224544290165	35.72501976278597	28.24956686116052	42.52407216217931
ARG	-90	120	8	126	0.06349206349206349	-178.72441667009124	165.84471783360857	59.16353263847188	81.33773182411495	4.792916603999892	6.965989932403966	5.094382197828692	12.061718842312656
ARG	-90	120	5	126	0.03968253968253968	-165.82084959048686	166.05230803344895	63.1585179198447	179.29725010152615	15.97710675723313	15.705100976469803	8.31140528069048	40.26053596227339
ARG	-90	120	10	126	0.07936507936507936	-173.2725465518667	-178.9491479434679	177.21436123850614	179.62700713846607	10.701245085716863	6.857014418566064	13.562199424174471	10.67185320645983
ARG	-90	120	8	126	0.06349206349206349	-172.9904487724766	-170.02524146719688	-175.86236798428453	-88.63594579685441	8.038572367708149	12.55582720413765	10.355534960312262	5.725836323887914
ARG	-90	120	8	126	0.06349206349206349	-172.55491826948708	171.0267934414893	-59.93738725677656	160.9938008469983	8.835773975735105	7.810720084924267	9.969388599587774	8.091813270290238
ARG	-90	120	7	126	0.05555555555555555	-65.68415471619831	169.5888650005967	60.838439870082176	-157.39940055138672	9.801064373725819	12.14942080420199	6.121356717135579	18.7735177948095
ARG	-90	120	9	126	0.07142857142857142	-61.13510414206309	176.48386415147544	171.69431611954047	-176.0078463896812	9.344701558850732	12.283741438660636	12.7796084476565	23.539062723812645
ARG	-90	120	10	126	0.07936507936507936	-61.425651209453676	176.34550270989513	-68.00150768381033	171.43119829586553	4.5610247267952015	11.548483201344386	10.593695732475885	13.19573143438823
ARG	-90	120	7	126	0.05555555555555555	-63.235826833663424	-173.48448228433597	-62.753038974850526	-89.85252375842052	8.260418346937543	3.4822283475640408	14.495528792051413	14.019338880075695
ARG	-90	120	10	126	0.07936507936507936	-19.08298270931148	-7.087738291943806	-4.558039577434846	-6.987437034170383	35.04356583716537	23.3458981705227	13.026949418912741	22.709344434434463
ARG	-90	150	6	146	0.0410958904109589	-170.2854426755855	-179.4920813132421	-68.49054770357087	-85.51651165474442	8.149871916574634	19.015102113741975	11.321097279800558	11.946593089291657
ARG	-90	150	5	146	0.03424657534246575	-60.37422578639068	-178.34653746168698	60.42077959019225	-174.5482926440919	2.4718576495578204	3.080723051036688	8.845769930548217	7.1073282434428915
ARG	-90	150	12	146	0.0821917808219178	-65.28537659067948	-178.50328351922633	-178.02445058221073	89.1631738096305	7.93693427685544	6.547059848999616	9.768161673832195	8.340071432084958
ARG	-90	150	19	146	0.13013698630136986	-66.6338346584801	-177.06518865493754	-175.34521229600776	178.8625611225466	8.012176526172944	5.5885248574599045	8.21909165240086	9.17425038223123
ARG	-90	150	10	146	0.0684931506849315	-65.38686115325388	179.15807228134852	179.40620431774593	-76.29428092868902	5.3972754935687135	15.49926539101698	14.1023039350934	12.849138207690748
ARG	-90	150	17	146	0.11643835616438356	-68.00709937590884	173.77542084870518	-64.38239030023894	-177.76842207732793	8.417426965743758	7.289892827388965	6.475800697263336	10.136115314455548
ARG	-90	150	6	146	0.0410958904109589	-75.77504855145055	-175.9653555452844	-62.17213358073968	-37.92077959346457	3.3019222333490332	4.405862998267386	28.883592210802785	40.47430203595993
ARG	-90	150	8	146	0.0547945205479452	-60.87714788215445	-70.75945390941828	176.2889427684015	-176.46327573482017	5.917227528601582	13.149008081558312	5.791031531097918	11.624286027617481
ARG	-90	150	11	146	0.07534246575342465	-12.130794630640434	-4.986291304084572	-5.1567748737380565	-5.015788732940509	24.402950277988978	21.3704792122435	19.39573439207275	19.676294275459366
ARG	-60	-60	6	457	0.01312910284463895	176.2918783403235	72.89941891324533	56.098937409567945	-177.70025052010024	8.028057926379732	17.582346084388167	5.4910839605143575	7.278608614975373
ARG	-60	-60	9	457	0.019693654266958426	178.20199379162398	75.70210651056998	-174.56356329852736	-179.15333307616652	4.916820757252904	9.38965217095113	18.53984488863837	8.741957042144229
ARG	-60	-60	9	457	0.019693654266958426	-178.3948219769475	63.42574781604368	-179.61336756368493	-72.08615803764322	7.323546833365276	6.198535264540936	18.89054340461614	6.787437836419168
ARG	-60	-60	35	457	0.07658643326039387	-176.03376827806682	-178.96832437008862	65.9294216153628	77.87638938481385	9.46900800935668	14.069452506973033	9.897112354189126	8.032573687216177
ARG	-60	-60	29	457	0.06345733041575492	-175.98863063368285	179.0733224213891	65.94805873591251	-160.8439874824509	8.273948681013959	12.075922890885314	7.759819779719366	18.47785449463083
ARG	-60	-60	17	457	0.037199124726477024	-173.854765434134	-179.98373381462545	68.15634554041571	-108.61094872978029	7.453803052184697	12.212824469795693	15.810315714626698	4.039995289668909
ARG	-60	-60	25	457	0.05470459518599562	175.42263337081664	-179.56694362077067	174.47244547713973	81.42769146689226	12.26377704904521	17.112274625132056	11.201288422712254	9.160426982122368
ARG	-60	-60	21	457	0.045951859956236324	174.5649054657427	-177.59514841317593	178.21845536203827	-174.94226747446504	8.380404249408295	6.672879164037556	6.723916584474273	14.787792653448495
ARG	-60	-60	17	457	0.037199124726477024	-175.57817043744876	-179.24562104578524	174.03115306920907	-83.14835126271547	6.12291793060427	11.280301496987828	13.987341602960864	7.9553766672341215
ARG	-60	-60	19	457	0.04157549234135667	-175.70789361993803	175.59729753149603	-57.084673405242846	111.87450621611887	14.469178580641493	7.622385545499611	12.573999736293697	3.614964617144256
ARG	-60	-60	16	457	0.0350109409190372	-179.2177395790053	176.16637182757032	-62.48922348943625	166.2890098605958	8.37955210811557	12.375807727037458	10.864584992166607	18.37657699760193
ARG	-60	-60	23	457	0.05032822757111598	-179.75328859302047	179.4134127361422	-59.94321667194395	-81.24857067536267	9.79933073286347	9.763319768418462	15.183944032702092	14.722260048321377
ARG	-60	-60	6	457	0.01312910284463895	-139.58583268461487	-73.3528874591474	171.7502017256604	-166.59682681616536	18.933324524495315	17.833088999027776	31.19228914808228	10.454859983139706
ARG	-60	-60	10	457	0.02188183807439825	-75.5831679349042	171.15840883250573	72.92450308211521	79.24107674549536	7.5179427385954325	9.416896411852834	13.590520596018814	5.793380698066601
ARG	-60	-60	23	457	0.05032822757111598	-66.74254838674192	-175.11491656112725	64.2547551885919	-164.26957006931275	9.180045158708761	10.196525708696152	10.2937065215403	12.42727642840772
ARG	-60	-60	18	457	0.03938730853391685	-73.42335708607379	-167.03730929454002	-165.3779869691146	89.77367471843228	8.459213359928443	13.963801598592925	12.377657435382664	7.565474296591032
ARG	-60	-60	31	457	0.06783369803063458	-66.6470291990309	179.77218799036882	179.98473366280302	178.08389760752019	5.865952321507889	11.688319945128258	10.56004159807572	12.009146470522081
ARG	-60	-60	17	457	0.037199124726477024	-74.2655065064069	-178.48721830356888	174.75232188249637	-82.37991657945389	6.542474758645177	9.552877295899151	13.884853655008966	9.809442408257583
ARG	-60	-60	7	457	0.015317286652078774	-81.13895689903062	-166.68671752722938	-95.15093697579736	110.13231425042981	1.9023997667932604	3.426630224343787	8.227705042585637	6.803275116482334
ARG	-60	-60	11	457	0.024070021881838075	-81.35255738848312	-173.19498677263354	-89.89533915168884	172.55340315805293	13.134147952056132	14.797342455739896	12.023249496639313	27.063286264304875
ARG	-60	-60	25	457	0.05470459518599562	-78.78532360992152	-167.92376662797074	-61.39725436769837	-85.6874636065814	12.984188581401957	6.4083092989408525	11.919706336078967	10.371469114488471
ARG	-60	-60	9	457	0.019693654266958426	-76.24026726018378	-68.8859601746216	171.8076100612007	-170.48826136187182	15.005704998978462	10.834568808516467	10.635165989288081	4.978059851121412
ARG	-60	-60	30	457	0.06564551422319474	-6.458619111717095	-5.2535015452290885	-5.1458581809405635	-4.6975709579358025	18.49624719066556	17.000994939152946	17.485103494926015	20.106401105163272
ARG	-60	-30	7	1110	0.006306306306306306	66.7186395384625	179.10957689106147	60.72323810353985	-176.8856620699064	9.097192164885431	9.422394046739958	10.10092598445268	9.734828475779622
ARG	-60	-30	14	1110	0.012612612612612612	76.60383215702248	-177.85819511595275	-175.75600170042247	88.29804944648386	9.377466088260505	4.5413280572230885	6.030125465957521	8.40719727619
ARG	-60	-30	14	1110	0.012612612612612612	59.45489399024834	-177.23275254806254	175.57128697826246	-179.69385025443503	7.02297743342882	3.8468319432164253	13.107901347334687	17.420566974594653
ARG	-60	-30	7	1110	0.006306306306306306	64.5056005907775	175.66431708483285	-175.9462324019602	-81.29608292910464	2.59550502050656	10.823418206725217	10.172420662338153	5.920587775213506
ARG	-60	-30	10	1110	0.009009009009009009	56.494955647998474	177.48144023556344	-56.33643684064058	169.77748319852296	12.665395835959668	8.939288148719047	7.93033314519397	14.181364876278748
ARG	-60	-30	8	1110	0.007207207207207207	67.80898552909656	-176.94668862427324	-51.59525267678535	-77.20087433562674	5.3002429244216325	13.020441382377646	17.621161744262867	20.357781122047104
ARG	-60	-30	10	1110	0.009009009009009009	-174.26228900897027	65.29333991456795	68.32546469273869	83.78058968592332	8.410651454513593	8.511138456844895	21.50977848224213	6.2395802590963
ARG	-60	-30	12	1110	0.010810810810810811	-174.0379992356363	79.18360141358527	63.18242465831671	-176.29206033558697	19.95037757772843	21.67843350291695	10.197410542179151	15.5750612698094
ARG	-60	-30	14	1110	0.012612612612612612	-177.95507019168792	67.19840572109162	178.6802983316591	96.64699141528384	8.314249816921269	9.097965407389607	12.335404111287927	14.288183097483662
ARG	-60	-30	34	1110	0.03063063063063063	-178.4979055850817	60.58135388646489	175.9581888515808	177.5528025996761	4.592295058633074	6.277719774101326	8.401538317202744	11.725898027999797
ARG	-60	-30	10	1110	0.009009009009009009	179.11773029040236	67.56505844062325	-171.88725289212533	-85.0170150680641	8.449109769230532	6.792850039599607	6.241988272947014	18.024179204898857
ARG	-60	-30	46	1110	0.04144144144144144	-178.0042807748059	179.64475177885066	66.97467785218885	82.8479355452763	8.930785335888242	14.038142946345136	11.106182219064033	10.654237693141464
ARG	-60	-30	47	1110	0.04234234234234234	-174.5356069199714	-173.73869394476336	64.58505195494209	-161.0821623203835	12.020684397246075	15.093456860566551	10.66529945171416	17.92241413480043
ARG	-60	-30	22	1110	0.01981981981981982	-170.49395196390478	170.8552540774912	67.06099503732612	-102.79465103149616	10.04647202118953	21.480173317878737	16.069116922329382	10.684491556185687
ARG	-60	-30	29	1110	0.026126126126126126	-178.75880248626163	179.33208344479846	176.43672165754646	86.7770572852198	8.288557757048805	12.737844867837529	13.27755217502768	8.960090796527853
ARG	-60	-30	54	1110	0.04864864864864865	-175.879481270617	175.36087472275705	176.74613872264771	-178.98720443384366	7.880645407951093	9.575236125973646	10.682365706015691	13.200318238264648
ARG	-60	-30	41	1110	0.036936936936936934	-179.7553008048713	179.9598103882959	173.58083266434227	-84.06029874691585	8.749856043350281	9.718014353468762	13.840977663132344	10.824060465968158
ARG	-60	-30	20	1110	0.018018018018018018	-176.22347328065396	177.68479138678495	-65.25664006602588	104.22673886641508	10.904618414526626	9.735477729950267	9.077581003201685	5.98742748780706
ARG	-60	-30	34	1110	0.03063063063063063	-174.47099952611413	-177.61972774437473	-63.86317048510545	170.3864138536729	12.308131223586974	15.467512679360754	10.393437598891929	18.369707985767892
ARG	-60	-30	31	1110	0.027927927927927927	-176.0475856184219	175.2400905576116	-59.93766776261107	-83.47236604836422	9.854602151732356	8.925183851630496	17.1979747568119	11.941174005905859
ARG	-60	-30	6	1110	0.005405405405405406	-159.55237008267065	-92.9800941254728	178.67821593258267	179.357717557869	18.406061217661076	18.298340855048778	6.036832738190365	6.450154800130398
ARG	-60	-30	6	1110	0.005405405405405406	-157.987858830993	-100.46980673876078	-57.82481260297982	174.9168920475448	15.527959352489175	10.390500575443381	15.339170715190477	8.77228580193489
ARG	-60	-30	40	1110	0.036036036036036036	-71.12659755118123	174.8524107290881	63.61238521074544	82.29234878158528	7.7183854224505755	7.698926497405583	10.46545668416012	9.209507649733778
ARG	-60	-30	60	1110	0.05405405405405406	-69.1991722038197	178.3765792475201	63.34889708736105	-170.68376841293895	9.071551447925007	14.325988605222996	9.475331687920127	14.495091543660454
ARG	-60	-30	9	1110	0.008108108108108109	-67.73331094605952	-179.5690972238313	72.47242348184135	-107.17560584247492	6.137357981539865	5.404785308622281	10.443217479338045	6.926278899021809
ARG	-60	-30	65	1110	0.05855855855855856	-68.94330627274012	-168.4909378315192	-174.26219474051777	91.10070378303611	7.616174716057885	11.875017223663729	11.595154656507452	11.482217810983856
ARG	-60	-30	101	1110	0.09099099099099099	-69.55897837797473	-178.51935903230282	-179.0698254217887	177.4173081986483	7.30608386623012	9.99669268613349	9.069250900671102	14.155641310845466
ARG	-60	-30	55	1110	0.04954954954954955	-68.95108657126997	178.36464440376994	177.97209132897797	-84.45638679689198	6.3877024160348865	9.647556518328985	9.238162728824202	10.777486895640035
ARG	-60	-30	12	1110	0.010810810810810811	-74.53941641045063	-174.54765335979172	-92.10537712451837	105.87885170640898	9.116416233175855	4.700368929102962	15.130808603507292	8.562847073206262
ARG	-60	-30	62	1110	0.055855855855855854	-74.56650994109569	178.896026793163	-68.88813732021688	168.34470230016032	11.809266619989282	11.07807810361048	11.306428692865692	19.670250443708447
ARG	-60	-30	58	1110	0.05225225225225225	-71.55167097562627	-167.85952590964087	-66.50856139770585	-88.38620550952572	5.979343586236357	5.245583242315962	10.359374095669633	9.907942241743411
ARG	-60	-30	6	1110	0.005405405405405406	-64.59074389815483	-87.03542314956287	69.68314366666989	80.62427824706279	6.26076342090464	23.105023129018885	25.447763063425374	3.6245631496613493
ARG	-60	-30	7	1110	0.006306306306306306	-64.22403913956886	-56.127927201057496	87.86519077442989	-145.30048110241293	2.373139257938517	12.984857926172129	9.375323704927519	6.543027191833164
ARG	-60	-30	7	1110	0.006306306306306306	-73.80747966475907	-69.59061256798	175.46444190981683	87.06689221894047	7.043902934140828	13.967935941953906	9.646342779938308	16.019335070945672
ARG	-60	-30	23	1110	0.02072072072072072	-71.62576585766293	-70.38667959035557	177.5913848022153	-176.18639884651895	6.987248022760461	14.842746556826478	18.305616891185423	17.673196960258952
ARG	-60	-30	14	1110	0.012612612612612612	-65.24794583630914	-62.101420522955515	-171.65261608005824	-90.69500940373882	8.052252338098654	10.914085950813623	10.240323918088496	11.404423760532172
ARG	-60	-30	15	1110	0.013513513513513514	-69.90492265424552	-63.071462222282214	-62.512143880947114	169.69412488826535	9.778889734630132	10.797965488884628	7.575541075222499	8.228648056074087
ARG	-60	-30	56	1110	0.05045045045045045	-3.852653465623016	-4.001336618798798	-4.152626930671581	-3.7258179232726625	16.300385746053752	17.02291976065573	16.365552842189974	19.08624614028508
ARG	-60	0	8	72	0.1111111111111111	-73.71200345747131	174.4782376842126	178.7429298261537	-176.58765380806196	6.140300069148856	5.611689940273058	8.406861601534132	9.98723474943801
ARG	-60	0	5	72	0.06944444444444445	-87.08878585862091	-167.99731852461676	-71.60517473717218	-90.15094578088333	12.073199707009934	3.068316646585138	12.427808204986093	4.224904126563735
ARG	-60	0	9	72	0.125	-0.09800620483244789	-0.0979678159456221	-0.09531683952988365	-0.08697834266188233	2.8585193213042994	2.8802107407086126	2.476846440715803	3.4200143623580512
ARG	-60	120	6	94	0.06382978723404255	-166.80890076731623	170.73950749658474	70.53763676221685	92.03295105006073	13.29180605439209	6.834217525125689	9.713601116360724	6.5882679841532275
ARG	-60	120	12	94	0.1276595744680851	177.38970345524274	179.92458099563322	-179.6263154838481	-170.189710073133	5.153433641730352	11.862465973225396	6.64785694891952	6.916112399172781
ARG	-60	120	14	94	0.14893617021276595	-170.13836411003297	179.1005308825401	-177.8465614616229	-96.59773206173567	4.600072344721349	8.063547376668085	14.641729792451946	6.783758614319015
ARG	-60	120	6	94	0.06382978723404255	-178.84874210519567	-176.64808299612753	-68.01098502832266	-178.27550509908926	5.407951428842056	8.406854318380844	8.226515513364713	16.40178582662151
ARG	-60	120	5	94	0.05319148936170213	-174.48304091010024	179.8462872054278	-39.33368795472952	-83.11433811287938	1.4140786269730417	6.325221440973769	14.519707072263968	13.467887312714211
ARG	-60	120	5	94	0.05319148936170213	-66.66793237300985	-179.66203345242465	74.12090062695344	175.74807707660517	9.116348305462319	7.502963408614796	7.5107758724661355	14.298131337406952
ARG	-60	150	5	134	0.03731343283582089	-177.24949388378027	160.8035205575834	57.042001479156085	-174.41562708724825	17.465889934293703	15.057993488688997	13.58856187085205	14.718215607849135
ARG	-60	150	12	134	0.08955223880597014	179.750156944507	170.63285382777713	179.99637470130395	179.07429353839666	7.750846377085454	7.18768879838176	10.222500587097178	9.868843788669007
ARG	-60	150	6	134	0.04477611940298507	-168.48985915304547	-159.3540964524099	-160.2524220430682	-97.19851391918851	2.6862953313086133	9.824911884983853	4.177785635056437	6.9052873255428775
ARG	-60	150	5	134	0.03731343283582089	-175.3179042969911	177.91450658799002	-64.13845048011214	-91.35530389403144	12.772272365804879	15.68596092058539	6.926842212778248	8.804438290434046
ARG	-60	150	12	134	0.08955223880597014	-67.91760143021646	174.8489458851451	64.41933777383689	174.52360274238913	5.702364095821899	15.341140892396615	14.906248051960867	13.981243057078986
ARG	-60	150	11	134	0.08208955223880597	-64.25253385359323	178.92621571602024	169.83938733232293	95.03106834435363	6.080960779413276	6.150554255848102	10.004501359123397	10.642568998064963
ARG	-60	150	11	134	0.08208955223880597	-64.75417300112643	-177.90739939690982	176.20360720401672	-179.6336015129714	4.180647493827413	6.611810968135395	9.780403384339351	4.431535296752729
ARG	-60	150	15	134	0.11194029850746269	-59.56194190505167	-179.78623114260478	-74.99923403462873	-176.6457289623478	10.36275220669214	12.453400295510733	11.845882525361688	11.005925438468585
ARG	-60	150	8	134	0.05970149253731343	-14.243306405514275	-13.187612746295972	-11.330489394446518	-15.70030074152641	28.42402560443412	24.963125550164854	19.799944528531373	36.30827168126739
ARG	60	60	5	25	0.2	-71.01457298043438	176.37831840596218	144.298836142851	71.81461663719664	6.218881012122632	18.97397756284451	17.47485152090529	18.334982767924195
LYS	-150	-180	6	21	0.2857142857142857	59.62273614560545	-176.7402797039376	-178.06360933650706	175.83967885946586	8.1811201418036	6.187107188310485	7.54852664349307	13.603680964196261
LYS	-150	120	12	48	0.25	-170.02011581439984	178.882356772509	-173.99526248155655	-176.92570969253228	7.319928215574366	11.361623354004406	12.621215176750699	15.52616522630273
LYS	-150	120	5	48	0.10416666666666667	-174.76803442523524	178.57002150682706	-152.81594809808502	-71.06947514730227	4.073646433440932	5.591828311991911	8.374576001011722	18.943757133697076
LYS	-150	120	6	48	0.125	-67.42071035432564	179.51467255698273	-172.6570582814229	172.3468241950502	17.58190888423659	7.349978841317887	13.676695200414734	5.817035776654003
LYS	-150	120	5	48	0.10416666666666667	0.0	0.0	0.0	0.0	0.0	0.0	0.0	0.0
LYS	-150	150	20	99	0.20202020202020202	65.53765529791995	179.8079201441129	178.7620872004787	177.69703503388075	6.050406418382239	5.783350348677156	5.470146108810062	7.05102415155817
LYS	-150	150	8	99	0.08080808080808081	59.267663822632315	-172.08143234690922	-175.13201698493128	-76.00143843391807	8.023197487144422	10.609816793452323	4.633251375558434	12.725848975840046
LYS	-150	150	6	99	0.06060606060606061	59.9669305685651	176.87652375130136	-69.42423220172515	-166.13505038287192	10.27102231906616	12.537225230924339	5.072192802388339	9.502816269745244
LYS	-150	150	5	99	0.050505050505050504	178.074259418047	166.19842190483686	-176.43936021286325	-176.8998770558938	16.827083011217518	16.40296978022413	14.07384084092035	14.566038756018884
LYS	-150	150	7	99	0.0707070707070707	-169.36638370435293	172.66875392403554	-64.06544180967357	175.48266124370542	7.558386932329124	11.220382068946229	8.041984371438245	5.50421899224619
LYS	-150	150	5	99	0.050505050505050504	-63.55532448402236	-73.63247266678205	175.4835532436088	-178.1469622154139	10.113548879173539	12.179307768094095	16.01202652827295	6.147121393567423
LYS	-150	150	10	99	0.10101010101010101	-0.049948382682851594	-0.05195223473358946	-0.051421537846990176	-0.051438546172168746	1.731261603524976	1.946506445459795	1.8689508957222338	2.2507947363358247
LYS	-120	-180	11	39	0.28205128205128205	-62.426980815551815	-175.0259919537281	176.6839810995561	178.86328251587932	8.584557552089535	4.25555940840691	6.237951807680152	6.205662499539815
LYS	-120	-30	13	40	0.325	-65.8340595111553	-177.67688416109598	179.61390174680977	175.54315115291104	6.860065820935889	5.204840296865642	6.477323139522242	8.79380694050858
LYS	-120	-30	5	40	0.125	-58.957568059626965	-84.91019561054516	176.05823215001445	-179.33096870390045	6.149309977105461	5.685838517500555	5.8858679516555386	18.30091750036115
LYS	-120	0	5	66	0.07575757575757576	-61.377685869503416	178.33317321718	176.9273046262403	55.882502250710914	6.44129016832513	8.292825455082072	5.68743949826751	12.146794075158272
LYS	-120	0	13	66	0.19696969696969696	-61.52255326293997	-179.1046349989778	-179.7936820789057	176.61927998345448	4.144293989977037	7.852485286950726	7.01904226859687	7.039097766275816
LYS	-120	0	8	66	0.12121212121212122	-64.74463399834347	-63.11354717061266	-176.4238002263404	-179.57797941889586	5.400028848310643	3.149788676480973	7.857836759030723	4.929218871824251
LYS	-120	0	5	66	0.07575757575757576	-1.5813877070073394	0.0	0.0	0.0	11.056203929434465	0.0	0.0	0.0
LYS	-120	30	5	45	0.1111111111111111	-68.45725449736243	166.59440706140512	69.83105190593196	157.79853244536181	6.752378724321733	17.019015416521306	8.013907483489511	22.061426918056668
LYS	-120	30	12	45	0.26666666666666666	-63.99824797264187	-179.24649839139846	176.7545210066589	-178.98890147694584	4.017009363122001	6.835049817216715	4.003033011050626	5.6097138859717415
LYS	-120	30	8	45	0.17777777777777778	-0.1864390346791087	-0.18658253219196458	-0.1499044531351471	-0.16557796034007546	3.7332401558671626	4.0702436155271	4.90360965497283	2.8533639024553854
LYS	-120	90	5	29	0.1724137931034483	-53.84336757178668	-179.97122571695218	-179.27753773675093	-177.4349237623778	3.536457735379324	9.691725453629196	5.495430571049782	9.769594743465756
LYS	-120	120	6	155	0.03870967741935484	-175.13842365189728	71.81989410760086	-178.02933481289995	-176.92774318350348	13.281664900747908	7.7212779182419915	6.112602503088445	11.250798283375048
LYS	-120	120	9	155	0.05806451612903226	-178.53096720172493	168.9798264605246	71.12154768198147	167.3517244650512	11.729009661224616	5.0687023808132805	7.514567392774804	16.06650434211734
LYS	-120	120	32	155	0.2064516129032258	-177.09238051011948	179.72023535707518	177.04769372478484	-177.62258894226585	7.997275719436938	10.892497767020467	8.67572530455035	10.129438639603627
LYS	-120	120	7	155	0.04516129032258064	-178.6550944724171	174.03083048398264	171.8384184299795	-64.79640017085143	8.05003738703062	15.890954400041279	18.92854371543794	6.200986552232084
LYS	-120	120	13	155	0.08387096774193549	-171.05095025201234	-161.29896077359479	-63.02608274694982	-179.28983955583283	7.796856728388887	12.155943827198776	5.56045896438029	9.409504279344807
LYS	-120	120	9	155	0.05806451612903226	-69.49976194921851	-173.97578850903105	-175.44686060582393	60.84483490528095	7.777801839605123	16.036902534940655	17.547194945919728	8.606551816307205
LYS	-120	120	13	155	0.08387096774193549	-64.38390325795615	-178.71090435956526	-176.16547522943975	-176.2516421874439	8.927104213438048	8.800922356125907	15.086054745613765	12.20798369322423
LYS	-120	120	5	155	0.03225806451612903	-65.91910646251831	176.9536269638987	-70.109301399687	-176.29913554820712	10.633358568215439	12.889105953632006	5.549686613907838	7.816293558048268
LYS	-120	120	13	155	0.08387096774193549	0.0	0.0	0.0	0.0	0.0	0.0	0.0	0.0
LYS	-120	150	7	173	0.04046242774566474	60.52878800324442	-175.60075955177265	-174.13704749959342	170.80438583167845	12.348799848141352	3.062958149694543	6.1026896552146495	12.591590931134172
LYS	-120	150	11	173	0.06358381502890173	-166.7711294672043	169.43366848285714	179.3375100909123	173.86986921533043	9.131662653056758	10.876968288993634	9.59954714725915	6.464562203913231
LYS	-120	150	11	173	0.06358381502890173	-60.39461144364881	-176.37534163113548	70.59471139633	175.19207648057807	11.104258433800767	17.962265540941853	11.004841937269395	9.699609726500247
LYS	-120	150	8	173	0.046242774566473986	-60.84569742636727	-168.61718641396848	170.43309610755483	65.63674943953724	3.6048493891186144	10.70310835693418	9.046395635471917	16.013091706478676
LYS	-120	150	30	173	0.17341040462427745	-61.40267868915208	-177.14349270935796	177.47486271504346	179.5702781550303	6.724649589245269	11.036208353988387	7.387871851726	10.124028238693413
LYS	-120	150	12	173	0.06936416184971098	-67.50264275576025	-179.4100860965334	-179.79967466397977	-60.56604779857354	7.696835711683084	10.05177267231646	6.2023295605432995	17.280029038396183
LYS	-120	150	5	173	0.028901734104046242	-59.77867978728013	173.23744610611533	-53.79937895729563	162.34933823781824	8.480912250516779	8.143709861872072	12.106772998660533	20.874004226506365
LYS	-120	150	9	173	0.05202312138728324	-62.97810544976554	-65.25792115026354	178.8166039955617	68.8546758115544	5.404974175234974	11.142259370102433	12.341105724058972	14.548226941879747
LYS	-120	150	18	173	0.10404624277456648	-65.389593921477	-68.17493233548304	179.48869955778756	179.71415523424741	8.231937907971002	6.973034921666089	13.033873938557578	8.520318725120626
LYS	-120	150	8	173	0.046242774566473986	-65.09067936191732	-65.15460100902528	179.13192623121446	-65.95861683263264	5.581770881634286	7.572942930277152	10.503201327161598	8.87538594440421
LYS	-120	150	15	173	0.08670520231213873	-0.2979842372572815	0.0	0.0	0.0	4.8445545228699425	0.0	0.0	0.0
LYS	-90	-180	6	23	0.2608695652173913	-64.96430032632006	-177.4128732271984	175.53587814706563	179.87216636755443	15.22909849023948	5.778048957019324	3.9204975751000344	5.245224053299986
LYS	-90	-180	5	23	0.21739130434782608	0.0	0.0	0.0	0.0	0.0	0.0	0.0	0.0
LYS	-90	-60	9	56	0.16071428571428573	-174.31340692857663	-179.44260847904118	-174.90561025128926	-170.18606018691628	9.666622587143712	17.457680525241354	7.37010354348882	11.28764598157433
LYS	-90	-60	5	56	0.08928571428571429	-174.16939145724052	160.96359865726393	-172.59863054460013	-76.48423861092367	7.223877749662122	13.418764974064473	9.044744143424401	15.518736393629458
LYS	-90	-60	13	56	0.23214285714285715	-68.21122462954085	-176.79937156108446	179.71420332168202	176.45874856790903	9.750919134356453	10.436095089594271	9.561941542672907	7.023758427751126
LYS	-90	-30	5	260	0.019230769230769232	30.81435507880405	-169.63957220432746	65.40184769497642	176.25252011200803	9.502385914690484	20.35380261201912	9.722434058308266	8.577408267418067
LYS	-90	-30	6	260	0.023076923076923078	-176.8994285525603	63.68541478491085	-174.48786649022446	-79.3956335032789	8.810477385898329	12.443344818588743	9.760864342560946	23.18380626361361
LYS	-90	-30	8	260	0.03076923076923077	-175.91371377532357	-177.44179617879448	176.38560423161002	64.1747192226485	8.979267608312714	3.741282249517167	7.829025896028429	5.9976948861666495
LYS	-90	-30	19	260	0.07307692307692308	-176.0901237965602	178.7408840534152	-177.02288402448238	-175.29181011194814	11.053432168925651	11.2019850001534	6.882504910521087	8.753997004135718
LYS	-90	-30	6	260	0.023076923076923078	-166.06282722170567	179.31156420796756	-171.4045729861427	-56.11920525663266	8.13715445127696	11.377908740529069	4.197795253840317	15.168699372463086
LYS	-90	-30	6	260	0.023076923076923078	-177.46954309487026	-166.1195500994058	-65.64876687769834	-82.90147043924917	7.578615024826279	7.810126991467456	4.825160832172963	18.386824609408087
LYS	-90	-30	8	260	0.03076923076923077	-59.7867677048388	169.08665690524325	57.85610192269656	176.13802461375838	10.105691209300138	29.931083313423915	16.331581179057164	11.685598919548516
LYS	-90	-30	7	260	0.026923076923076925	-71.22789186813188	-172.33207332021314	173.8903279673313	61.76684788383321	7.344144309486768	13.356567370712924	8.660283409637413	7.818230045505491
LYS	-90	-30	56	260	0.2153846153846154	-67.12115006384543	-177.01551119093125	179.28176926514956	-179.3338054697583	9.763063179382895	10.163321515707548	10.347764013930949	10.636060088283049
LYS	-90	-30	21	260	0.08076923076923077	-62.85164903069535	-176.06283422139632	-177.16752280006867	-61.123727778701266	4.06707205075522	8.832732773586994	21.517619155015986	9.826120171988558
LYS	-90	-30	6	260	0.023076923076923078	-60.166494060712935	-57.44661471491442	-174.67084904750976	61.37617134476195	9.447630473167553	11.436849158175164	11.8367426888944	8.387084139786197
LYS	-90	-30	15	260	0.057692307692307696	-59.70078790252284	-64.51997671156468	173.37880823285045	-171.91937739859503	9.757646530499485	13.91531047002253	6.389225717798624	6.83070852454664
LYS	-90	-30	12	260	0.046153846153846156	-57.23879293897776	-56.5284873558211	-179.4809630127232	-58.09724699393877	6.619045215200043	10.319209272464311	10.256027491541234	11.530546180287413
LYS	-90	-30	21	260	0.08076923076923077	-0.043869807458036855	-9.117672379724413e-05	-9.105417363727674e-05	-9.171767045163394e-05	1.7348310910330913	0.09161025799203111	0.09211877141307387	0.08612167291947527
LYS	-90	0	5	217	0.02304147465437788	76.73527398248913	175.88378422819488	73.85088748310046	176.73089124302177	11.775052121714166	3.5598635219532637	8.69919237778157	13.494830124658959
LYS	-90	0	5	217	0.02304147465437788	58.02679769950804	176.6661179126052	-177.0926390643275	-179.93769228164552	11.065144197424317	12.740050242205967	5.624654733510139	9.320883227368954
LYS	-90	0	7	217	0.03225806451612903	-68.01051175778305	164.50890753234924	64.09053674352312	68.11460063001743	5.6245565762699385	12.187129169319316	3.325486831687259	11.210696057543977
LYS	-90	0	13	217	0.059907834101382486	-65.84679818840578	169.28380310264862	69.81992307908516	169.69327182819174	8.363579868915274	12.021251530391922	12.530508006430038	7.577827700251548
LYS	-90	0	11	217	0.05069124423963134	-70.58182496689761	-175.57275631366764	174.13721140524729	65.62317820520468	6.844606356365381	10.897467109236445	13.525569725927944	9.442669684021627
LYS	-90	0	53	217	0.24423963133640553	-66.44891687581085	178.39786228699248	-175.36432753385935	177.5153800151049	6.125048943100949	9.612227101517737	9.018462606656742	10.36429662895685
LYS	-90	0	20	217	0.09216589861751152	-65.94077538217395	-171.00734707143155	176.48433810282356	-58.37818184118172	5.5857303883170575	12.048253176835736	10.394317246917215	7.54367322009976
LYS	-90	0	13	217	0.059907834101382486	-63.29394887543228	-169.0236551502859	-79.45071103204974	174.77901099874308	6.115956691468226	9.809250731288065	14.303465633487974	12.890531447245644
LYS	-90	0	5	217	0.02304147465437788	-58.98500524001518	-73.30888060789536	175.37136537369224	64.21323583158772	9.296114819856356	14.331013471475165	16.632087620480092	14.871536878660569
LYS	-90	0	24	217	0.11059907834101383	-58.98501444109297	-64.53195690193516	-176.85079830332808	-178.30839410133234	8.899000121325228	11.254889834369575	6.15564539470474	10.345730435509395
LYS	-90	0	11	217	0.05069124423963134	-56.41982160897426	-62.67272450162079	-170.22298669477746	-63.71964611381514	8.850738243227335	14.526864862800458	10.074565079535107	8.731000895266398
LYS	-90	0	5	217	0.02304147465437788	-50.13061532160469	-70.04671439863603	-92.21521896204489	-176.02423320612505	3.445704078077611	5.330044696122243	6.986826830328126	8.362621776586892
LYS	-90	0	20	217	0.09216589861751152	-0.4731660477561371	-0.06768773852595908	-0.13256255466705244	-0.05281581508035519	5.672851976018673	1.8585281585069813	3.4644481015412523	2.4112120058549693
LYS	-90	30	10	34	0.29411764705882354	-65.43224648636652	-174.27373210782113	171.9560947266311	179.6077561022793	9.236415011356408	12.338433168106704	6.68616469864362	7.664377961454511
LYS	-90	30	7	34	0.20588235294117646	0.0	0.0	0.0	0.0	0.0	0.0	0.0	0.0
LYS	-90	60	9	28	0.32142857142857145	-62.513296852737625	174.00070264982915	-178.30709438438222	176.01942177438428	7.369885941842815	7.718499367062374	13.99988827621301	7.786251403796227
LYS	-90	60	5	28	0.17857142857142858	0.0	0.0	0.0	0.0	0.0	0.0	0.0	0.0
LYS	-90	90	6	32	0.1875	-176.85162215200208	177.91141062794108	-172.36094671584814	177.77269834154328	3.6856222031755688	9.841531703826648	7.529218203588981	7.692113812811584
LYS	-90	120	7	162	0.043209876543209874	-179.38142361181917	56.20482008388032	-174.03922751349413	-178.4466524192187	3.5032919444057993	9.908959990775143	10.105998996745083	8.072216638130788
LYS	-90	120	6	162	0.037037037037037035	-177.61944582623164	-179.49363860544716	67.10463232527633	175.18312750990694	5.078062714909371	10.895965660066869	4.866708382081952	8.4494413679492
LYS	-90	120	10	162	0.06172839506172839	-178.053455999656	173.26434273325205	173.47227901210127	60.65994442293619	4.717569786676885	7.840211855725597	10.959722885793477	10.399127504127557
LYS	-90	120	25	162	0.15432098765432098	-177.74401314999636	178.90647743878972	179.6587785445752	176.64790463704443	5.846756857813145	6.942952043529396	6.765907965635237	12.481633402617431
LYS	-90	120	9	162	0.05555555555555555	-173.29654082853426	-176.91676907250124	175.14175223949283	-59.46244707218115	6.827670487492865	11.329611256565675	4.795028111891032	5.648193557787967
LYS	-90	120	12	162	0.07407407407407407	-170.4530032548532	177.68167074942735	-64.9454130211541	-174.78821371207624	14.099575578731164	14.768084169936706	7.358056946550297	9.043998596542119
LYS	-90	120	6	162	0.037037037037037035	-71.76064206578233	178.9618754394129	166.58838193407746	66.37270553670231	4.89546442719595	6.385685254782809	17.00603821229075	13.20628970977422
LYS	-90	120	19	162	0.11728395061728394	-67.3205659363856	-174.8519469271134	173.6817981400224	-179.85281249788693	9.536932091435526	9.153330467094497	6.429016775173555	9.160613079824003
LYS	-90	120	7	162	0.043209876543209874	-61.55440147923519	178.47161660997185	-179.837631070763	-61.42260207884784	3.1736246934327617	7.59260032232534	6.659441956529056	5.959587338215806
LYS	-90	120	7	162	0.043209876543209874	-57.954304692937285	-66.31334769659269	-179.18535861996955	178.99012215848558	6.351246527123243	6.134710049253636	3.045612730483274	10.578074691945698
LYS	-90	120	12	162	0.07407407407407407	-0.015489289257911704	-0.015425046942743723	-0.015470591005770185	-0.015391061162813136	1.1420176099500425	1.0702207493697922	1.1586055616692608	1.1919548205441262
LYS	-90	150	5	143	0.03496503496503497	-168.9169142481951	175.4540518265041	178.86333284043042	-177.34661140317735	8.820050831472956	5.289603674429936	4.1232291075686955	4.569528710844133
LYS	-90	150	6	143	0.04195804195804196	-66.89269555329344	-178.941994380749	178.34991331773665	64.69578371914437	4.960985710366819	2.2250242569703933	9.152733014425362	10.209278307277097
LYS	-90	150	33	143	0.23076923076923078	-70.39600254977942	-173.49682928626385	178.23054828308216	-179.91099532681747	9.458819514684926	6.712315962631064	10.085004992416076	8.089315796722868
LYS	-90	150	11	143	0.07692307692307693	-63.799519238498554	-175.90694541220392	-71.60666262395337	175.7392812173668	11.743738948189273	11.23613108458721	7.040038945069117	15.301660776609229
LYS	-90	150	6	143	0.04195804195804196	-65.0788496466985	176.94621179721727	-9.241818469807358	-9.611933653405817	7.0665563612689875	8.873571978370672	21.88317471355658	23.730924231624478
LYS	-90	150	6	143	0.04195804195804196	-65.43798659118407	-66.44433028518293	176.48858204385863	58.093740737138766	9.510616753477166	12.844545074357436	9.101259409571355	6.7385976082379875
LYS	-90	150	15	143	0.1048951048951049	-60.604454309170066	-65.96703718358994	177.28916084218298	-177.64686085130273	5.881057830993552	10.510240678109936	11.23901216613498	11.209592239389305
LYS	-90	150	11	143	0.07692307692307693	-56.77727754397325	-62.50362089663817	-176.28804595830374	-58.52328288933021	8.603255998549676	13.4427650725132	10.39630404470419	13.252971021008069
LYS	-90	150	11	143	0.07692307692307693	-13.527141374185785	-12.512252034309288	-0.028297270075152807	-0.025355198153135073	29.61895026320369	25.538143883699224	1.5119164414169943	1.8383780527861555
LYS	-60	-60	10	590	0.01694915254237288	-175.72256969938792	79.09393707386404	174.9463633253367	64.8521716865543	14.663346246148514	13.441091818958794	19.642064792503657	7.142378467416458
LYS	-60	-60	23	590	0.03898305084745763	179.21506240771964	67.95977104977919	176.72125840924483	179.09313742259633	9.195514531963726	8.755343414281647	7.0695001537036655	9.363762109401678
LYS	-60	-60	9	590	0.015254237288135594	-176.41297685049994	75.08171703082182	178.13188987708182	-57.3449609968963	5.026397474219165	14.927674279672363	5.588055524548256	4.13075821703326
LYS	-60	-60	22	590	0.03728813559322034	-172.63373718882954	-177.50180128634594	63.92561723780574	176.10226032428886	8.354813670759318	10.192510664048227	9.932806194272183	9.609538352413253
LYS	-60	-60	22	590	0.03728813559322034	-174.75623246389202	-177.0949440058802	179.8520481836949	62.686848256650734	8.616724220799313	9.782191744060613	11.550052658511948	8.966050122569918
LYS	-60	-60	90	590	0.15254237288135594	-177.24479474216648	178.65559567084054	178.69555185977347	-179.9423247589315	8.15493516809177	8.885584601015651	7.143460656479843	8.245799694875917
LYS	-60	-60	25	590	0.0423728813559322	-177.9007440423879	-178.73410626981942	179.615495999952	-63.25813607962689	11.546238192974497	9.998428866814663	10.826147319633233	10.39913582584979
LYS	-60	-60	25	590	0.0423728813559322	-174.27992956367996	-169.94391778646323	-60.094002247516684	176.3637592412197	9.519863385635226	13.48456565339608	11.746763286059062	9.944518792339384
LYS	-60	-60	8	590	0.013559322033898305	-178.9989453535492	-174.70147157291328	-45.8190939476131	-54.678341829364534	14.74825651566443	16.94580908617847	32.35156134901308	32.00000653273193
LYS	-60	-60	6	590	0.010169491525423728	-168.5507763775059	-0.5867065350232352	-0.733482497587917	-0.7331882228762189	7.932692525412012	9.71477047948144	8.337483324454212	8.345942429006918
LYS	-60	-60	7	590	0.011864406779661017	-98.0415293704635	88.96359439743057	175.59103850683582	172.62645573790562	20.143315745367772	19.525379080295618	2.7338068842870134	6.124151439629299
LYS	-60	-60	5	590	0.00847457627118644	-63.22165504639222	170.4501083434144	73.11357007891709	68.59631376153683	9.232875328154577	6.76155972220187	5.454331736884399	3.4238560378858103
LYS	-60	-60	17	590	0.0288135593220339	-70.97413944280561	178.38996024567274	63.74345203319195	175.78296235011126	5.678524893558601	10.668564179812178	6.346883879714876	6.7059876673617715
LYS	-60	-60	18	590	0.030508474576271188	-74.46570748453445	-169.96244923404626	-178.3352151712094	68.10255449196093	7.219873434749725	10.573533871666662	12.516132156881207	8.036313041849587
LYS	-60	-60	92	590	0.15593220338983052	-73.7772940845696	179.76199096035134	-179.3068541962076	178.5190769643551	7.896353916032516	9.21401852031893	9.291887811076528	10.354466806655923
LYS	-60	-60	24	590	0.04067796610169491	-70.15677344040782	176.57214660322788	178.12204634952107	-68.50089276283056	8.293801943236282	10.092241804211415	13.821103429735052	11.376250523786274
LYS	-60	-60	12	590	0.020338983050847456	-75.29065862537611	-169.2050226326114	-67.7237096865556	176.3326589804712	6.246581769708963	11.21146279307853	13.828585003529488	10.367151245914389
LYS	-60	-60	10	590	0.01694915254237288	-69.27008099740998	-68.91475122416018	-168.8691585199493	60.419653276761665	8.45083369496414	11.797940386974691	15.17420356593205	7.320150500942745
LYS	-60	-60	25	590	0.0423728813559322	-78.0677695186027	-64.22064747610558	-178.3835690193947	-178.4864197083643	11.24927282233139	13.985521091040457	8.841047752186943	7.248183999638985
LYS	-60	-60	5	590	0.00847457627118644	-66.5354637362901	-67.25295469756372	-176.66531785334257	-55.13870234963365	12.300568504143884	6.846820467910805	15.169427337489894	13.24937217983848
LYS	-60	-60	90	590	0.15254237288135594	-0.46835095278697986	-0.007298542764039683	-6.921819946153189e-06	-7.349003698376152e-07	4.972462500191806	0.7720258185738417	0.0222209470176497	0.007071348282741982
LYS	-60	-30	5	1430	0.0034965034965034965	63.30215116779804	170.9457119359287	69.4160962443886	61.4580094248318	13.469777478843886	6.942193903533727	10.532870187439078	16.367541736887482
LYS	-60	-30	8	1430	0.005594405594405594	62.78614598009811	-178.85848708488987	62.22919976376019	170.16856617493931	17.419768044132685	7.225999299842835	10.813475686591492	13.78735036878317
LYS	-60	-30	7	1430	0.0048951048951048955	76.65848070906289	-175.04057267185706	-179.24166636347036	59.71807075450899	14.695740929280808	7.4380902044424735	9.732335526560181	10.954228156382417
LYS	-60	-30	19	1430	0.013286713286713287	60.824361503552595	-179.84090909205815	178.9150729357484	-178.6271623584703	9.370968887702997	10.525167684522007	5.983275545681514	5.83990731536196
LYS	-60	-30	10	1430	0.006993006993006993	60.857045004253024	176.42594112527425	-176.83582018518328	-62.958959491166745	3.595981027022918	3.641279711142393	7.9747708835924564	4.352962361070311
LYS	-60	-30	8	1430	0.005594405594405594	65.04949943515146	-175.5138611418045	-68.30197947454339	-174.2590073382026	12.342785292199139	16.66076347669877	14.272403961656707	10.599560427279364
LYS	-60	-30	5	1430	0.0034965034965034965	-173.61663838027977	68.13216159078281	62.95684797172124	66.41640384939949	10.006946139501093	15.262828914855763	5.3991280423586305	8.302363892103319
LYS	-60	-30	15	1430	0.01048951048951049	-175.2320938293012	61.58053413585123	65.99225167069929	-178.52907840358668	4.980398696848056	14.529174465857682	7.271647916771409	8.09251315024848
LYS	-60	-30	14	1430	0.009790209790209791	-174.23681430075325	64.51718282224188	178.5256838414071	63.04880192945871	10.70766307468848	16.929542380883646	14.618608796712373	6.1628496473334184
LYS	-60	-30	45	1430	0.03146853146853147	-174.4953821952471	62.73766280609532	176.84761993394116	176.2284513097716	10.018114223001362	5.9056816953302205	9.127775679597192	9.555211677066115
LYS	-60	-30	12	1430	0.008391608391608392	-167.37005084672467	62.34255278769404	178.31173416632208	-63.546858034389146	11.94279667624432	8.043436222080304	4.658320841781243	3.717010204925326
LYS	-60	-30	13	1430	0.00909090909090909	-177.41569787985992	169.0078210230524	71.2186911851985	65.27220193670126	9.860547693025655	17.417974379147914	18.55816233691075	4.705522573722098
LYS	-60	-30	37	1430	0.025874125874125874	-167.6022156919567	169.44347328802738	73.55967015103424	177.8041049132503	11.819569727660216	14.188163466809977	13.075688220372767	11.430865292162455
LYS	-60	-30	5	1430	0.0034965034965034965	178.5034489950916	156.60676226751812	77.04852109907664	-80.28408432083229	11.494987449076875	9.789777696499552	12.739041797493343	7.035609212799924
LYS	-60	-30	36	1430	0.025174825174825177	-175.4452367116795	178.3628676345215	176.79886731789682	65.90308207139238	8.249144258415829	10.593281515395672	9.680347565162512	12.617876372440579
LYS	-60	-30	167	1430	0.11678321678321678	-175.4260950708926	178.16485519456148	179.1723363886422	-179.5797957655196	7.850614320551516	8.97609131794497	8.724767531083833	8.368960351516511
LYS	-60	-30	58	1430	0.04055944055944056	-173.80145783784292	-179.96115909703025	-177.0783261347734	-64.82059437629205	10.575878745522834	11.6115971639129	11.836472473531607	11.873143764915955
LYS	-60	-30	31	1430	0.021678321678321677	-170.72891855361968	177.37475964508698	-73.20061842143595	-179.23836091219238	12.570227953234202	14.37513121134073	12.197771817106725	11.761007067716367
LYS	-60	-30	19	1430	0.013286713286713287	-173.88124308340238	179.2794026494961	-63.672644543136805	-60.468985047128314	8.026631151588647	10.807391659049063	23.30454353411762	25.75620824594276
LYS	-60	-30	10	1430	0.006993006993006993	-143.64254454192448	-72.8405511322362	-179.85137868872746	69.48081259663059	12.50187683597112	14.353541056128932	14.020297779931374	13.101304037807777
LYS	-60	-30	7	1430	0.0048951048951048955	-147.4908406362775	-83.43503323798613	-178.1595114460262	-175.76621574636738	17.208503747465215	19.095640827786045	4.680803286981383	7.134679190916039
LYS	-60	-30	5	1430	0.0034965034965034965	-162.67469595102486	-86.63727416039833	-176.20855353050686	-63.75081647838911	15.1085097476665	19.263189834744608	8.259350562289006	11.408008663242057
LYS	-60	-30	7	1430	0.0048951048951048955	-172.14944659345994	-0.35328556654297816	-0.33079840928118304	-0.20307444001474947	11.128269917585591	6.134065847884949	4.133116815019324	2.236703294888125
LYS	-60	-30	5	1430	0.0034965034965034965	-88.46298880727582	57.832272990691266	170.9971568888538	59.560075870095	9.317661974250553	10.89042161950565	12.82924598342866	12.346016439776822
LYS	-60	-30	9	1430	0.006293706293706294	-92.05511223788902	73.25394100963655	-177.86295155086376	171.0983625008056	20.699198105568048	20.242188962588525	17.809559321117067	10.487063284971537
LYS	-60	-30	29	1430	0.02027972027972028	-71.53310321434081	177.23135170280966	72.5593741549897	64.8775911864091	8.905358672744544	12.352236334566419	9.65547309160887	10.750802944052895
LYS	-60	-30	59	1430	0.04125874125874126	-71.12117926326665	177.43973467762487	70.36398354634879	178.83425476478436	11.269490063403525	13.204105375996152	11.191747380308339	8.212452522441009
LYS	-60	-30	12	1430	0.008391608391608392	-65.45793958247273	-177.40486877449447	81.839789173276	-67.73811825016907	12.89409135753313	12.142148072139683	12.182856670022856	9.160834046489843
LYS	-60	-30	52	1430	0.03636363636363636	-71.70082951514662	-176.6145381647591	176.8452307506927	65.59286049902335	8.7196884747386	13.983709352455806	15.024239372555304	13.034257230545895
LYS	-60	-30	284	1430	0.1986013986013986	-68.76378800431377	-179.68080736257014	179.50220823139117	179.63068582854552	6.786156256519179	8.750198440469969	8.419703422703185	8.671353999297727
LYS	-60	-30	62	1430	0.043356643356643354	-71.16626355178778	179.80192370987038	-178.88793498504808	-65.13047955153216	7.078183067215692	8.789841188318405	11.722565724373768	12.405291234722034
LYS	-60	-30	5	1430	0.0034965034965034965	-69.10881566587796	-171.9272937449788	-88.66765197343734	75.02254912355873	10.446566744512344	4.932636162182577	15.082138119111168	9.91918360782684
LYS	-60	-30	59	1430	0.04125874125874126	-69.16154207928764	-168.31505172909118	-69.74938981757286	-174.1259519024721	6.51223223128866	11.117718092267065	11.42390598434597	10.420619156498656
LYS	-60	-30	26	1430	0.01818181818181818	-71.72019670971648	-167.98902026136417	-61.951810860955256	-62.311828220603175	7.7104675209279385	9.817502633392158	21.389516132240818	26.279072273507026
LYS	-60	-30	20	1430	0.013986013986013986	-66.13773531194994	-71.49386347386955	-178.92906769052965	62.535483968559184	8.568733622737941	14.644856286914624	11.516071097396416	12.843368611598967
LYS	-60	-30	44	1430	0.03076923076923077	-69.2069432163016	-66.2564707018257	179.377772553576	179.52401295005674	11.448371965367574	10.71416088265385	10.854016143842909	8.807920270797446
LYS	-60	-30	14	1430	0.009790209790209791	-66.09565444126432	-65.30397603486254	172.76137310061785	-56.7077227412031	8.914959220027947	8.925702786904122	12.945794339990716	13.336070061032187
LYS	-60	-30	15	1430	0.01048951048951049	-61.71812452805479	-71.8538088305421	-70.78737020870454	178.22196349180834	13.845171142688839	14.105108753019794	9.587648152172154	10.02606682179736
LYS	-60	-30	152	1430	0.1062937062937063	-0.03150840204488534	-7.971234100443224e-12	-1.1779772839607691e-07	-5.390973666233757e-07	1.2348267311954249	4.7385279467642585e-05	0.002605083400737255	0.006409806724881054
LYS	-60	0	7	68	0.10294117647058823	69.74697569260348	171.5356979837322	-177.55295638991197	179.6008475055601	7.290186511000402	6.843574654500443	5.432374402242829	5.963356966589029
LYS	-60	0	5	68	0.07352941176470588	-163.45171139841509	163.03109978980115	168.21039365634337	-64.98466947405802	24.03559965935729	17.248613536075705	4.107779121551182	4.617595631786729
LYS	-60	0	15	68	0.22058823529411764	-66.12242521952162	-178.7992778915282	179.67017914727293	178.5916342238358	6.413503676684905	9.876859399635325	11.253644558019513	7.63657090794596
LYS	-60	0	10	68	0.14705882352941177	-0.05062721916624256	0.0	0.0	0.0	2.318010955573702	0.0	0.0	0.0
LYS	-60	120	7	101	0.06930693069306931	-177.57186008537306	-168.9615290256654	172.64545544909078	65.99945600739018	10.283285544136037	10.124926803574951	9.904035911204168	16.297496856541446
LYS	-60	120	22	101	0.21782178217821782	177.35687791010577	-179.49446042803652	177.7488947943974	-177.18112495755997	6.32302010877695	9.571323182002768	6.697060378514784	7.481029811947385
LYS	-60	120	5	101	0.04950495049504951	-176.7415770256762	179.0325916055277	-174.38007115967292	-56.441140098995334	6.336399716818969	3.6719064704876487	6.730469817874493	5.152320228660548
LYS	-60	120	6	101	0.0594059405940594	-175.91261606711478	-172.31768296986158	-79.82692323363779	-178.27713091378212	5.924325723508116	12.52987267967417	9.172183879965322	2.7829046294365916
LYS	-60	120	10	101	0.09900990099009901	-59.62897791047495	-179.65097527627697	-177.80973324492095	175.5264798512549	12.382804192496991	9.905930981758745	7.607396037929482	6.256063701370432
LYS	-60	120	8	101	0.07920792079207921	-3.799599301755336	-0.17869742428754112	0.0	0.0	19.75854014877285	4.450544658177039	0.0	0.0
LYS	-60	150	12	154	0.07792207792207792	-170.2316454922985	176.85369500589547	-178.86704663789607	-179.996632908277	8.329396943761854	5.868007099416168	5.201879833107084	7.911958111403263
LYS	-60	150	13	154	0.08441558441558442	-71.45092495466113	-171.5202268383308	169.60795880954907	65.87384386675693	8.293999156967633	11.459468585350313	18.696975457725575	9.596383714909013
LYS	-60	150	29	154	0.18831168831168832	-62.980144953971894	-178.4337620148102	-179.43054457943117	175.79249257378498	8.325368932445617	10.57427491209218	9.26084448064236	12.61257850330065
LYS	-60	150	7	154	0.045454545454545456	-62.10956805044587	-174.98063408462727	-176.19212915737225	-62.81529655031416	3.585299532389805	14.988201756427033	10.28518439851549	10.114891081962657
LYS	-60	150	5	154	0.032467532467532464	-59.95228154566759	-178.5293739895385	-73.19577754890648	-176.93245257591033	5.20129889098123	15.897316840496275	10.491507860216926	15.016987451553309
LYS	-60	150	7	154	0.045454545454545456	-65.82819657344253	-176.0755441135935	-68.70237846860354	-70.88810768937671	6.256636781377054	10.015829135268318	7.101531315153372	13.916230261634613
LYS	-60	150	8	154	0.05194805194805195	-59.16103804447077	-63.397971528212686	171.4285136770074	57.53156048293739	5.516215677101678	17.721180197722646	12.462585186875158	12.65721426704826
LYS	-60	150	8	154	0.05194805194805195	-73.07474448288613	-76.54867054168164	-169.6779406718535	179.80506439439483	7.4025328318096815	9.421495838124157	9.897275814356119	10.137771024242388
LYS	-60	150	18	154	0.11688311688311688	-0.9293590934467519	-0.10587939907116538	-0.29576692802323384	-0.09625846631657303	7.481208405475755	3.3979012647263542	4.410071367429491	2.540523152946799
LYS	-30	-60	5	30	0.16666666666666666	-73.50565377701967	-176.30239189908514	176.2062664474927	177.36859063182948	5.193427558723391	8.716938176222428	9.653206860850295	8.489283469430319
LYS	-30	-30	7	19	0.3684210526315789	-67.25431332613624	-178.269584772257	-175.68754324146835	-170.94172677280392	14.50152835818986	8.392444844293633	17.36839878958555	12.025546513869998
LYS	30	-60	5	10	0.5	-70.58241498320152	-163.5531165484095	-179.98838067957124	-163.26914453963812	2.6468366929959637	9.982783151762384	14.86900530562295	13.045120979020654
LYS	60	30	15	52	0.28846153846153844	-62.03739908869047	176.8940825283485	-178.02501811655614	178.4558456244719	6.772188320362519	9.56571246615418	6.100266759004921	11.335257037321602
LYS	60	30	5	52	0.09615384615384616	-64.03587852663763	-175.88438096259742	179.4923053851186	-66.12419282288161	7.86500574540351	8.741138196453774	9.19118249892454	17.78462714074379
LYS	60	30	13	52	0.25	-7.2293548018609775	-0.5228815721490726	-0.008563718159451795	-0.008539935382998989	17.909068802639457	6.1931821809220455	0.8316041608131058	0.8041489835268048
LYS	60	60	8	36	0.2222222222222222	-63.58282033589172	-173.96922340179117	-174.41683404752513	176.7838185065162	8.009383946447615	11.957435860232586	8.385901194719715	9.158641526503626
LYS	60	60	5	36	0.1388888888888889	-58.51252056838851	-57.58411730966159	174.00036460737738	-61.852827372612914	4.017057436239231	5.154802640158178	12.002952518616299	4.326016091559324
GLU	-180	150	7	14	0.5	55.32119107815291	179.56217466448092	48.15374934668961		13.17212383893432	5.943757329411772	27.0032147315781	
GLU	-150	-180	8	32	0.25	55.092696984240504	-173.86487675076745	66.17900058493473		2.8167596839697446	11.76429775646247	15.471945017809553	
GLU	-150	-180	11	32	0.34375	59.637383930047264	-172.47947387084037	-34.55367274747056		7.586851441627889	4.860097920418643	22.80179634315877	
GLU	-150	120	13	56	0.23214285714285715	178.6901959656336	168.36608688171708	38.38657974788039		2.277589605759026	8.570924056200397	13.387729981885263	
GLU	-150	120	17	56	0.30357142857142855	-173.93757658943224	-177.1822203955749	-45.18271016454406		10.098186274480446	8.04408902953827	20.228595469709138	
GLU	-150	120	6	56	0.10714285714285714	-75.67652049461702	-172.96744490670972	31.40469467441413		7.697710019418945	7.120706305100675	5.568465705800604	
GLU	-150	120	6	56	0.10714285714285714	-78.00267485097847	175.94680432935436	-14.635904512718234		10.608890243797777	6.960117256467312	21.277747489427913	
GLU	-150	120	5	56	0.08928571428571429	-60.807605666797315	-70.61350655399504	-15.866566103395973		24.53269669492366	15.443090486909076	11.144580270005934	
GLU	-150	150	23	124	0.18548387096774194	59.708749053272655	-177.3522661564178	43.92446540502475		10.890406288163241	7.339171603443687	23.926030290358447	
GLU	-150	150	22	124	0.1774193548387097	61.006396510651676	-177.29593390859944	-27.001930156925873		6.291543837092062	8.825129498779479	18.672278890867442	
GLU	-150	150	10	124	0.08064516129032258	179.55780265132427	175.67937227040312	45.67651272949426		10.495750509374124	5.570036753689056	22.477344111226977	
GLU	-150	150	11	124	0.08870967741935484	179.29573397516376	177.82104177231653	-18.30461719701889		9.8700101153298	5.2635837288809135	22.455121783208018	
GLU	-150	150	23	124	0.18548387096774194	-63.78541139066776	177.33145365167175	29.351141543894578		9.352149541503422	6.756214761312257	19.997351588016052	
GLU	-150	150	14	124	0.11290322580645161	-62.28141678181785	-171.1769137327892	-45.378162137764235		12.188775202065115	13.266044391032121	19.126206436740492	
GLU	-150	150	11	124	0.08870967741935484	-56.28132159272458	-65.93226528010956	-19.20481863292461		18.7019622749282	21.64702282146571	14.67649823696891	
GLU	-120	-180	11	25	0.44	-55.374630453810575	-63.32213674958092	-21.322500812386263		11.494525086946867	8.639359535896174	14.205746590547825	
GLU	-120	-30	7	49	0.14285714285714285	-172.28848199072857	173.9337214434902	46.50298794460201		6.324211475834268	12.435907690217977	24.42856385451952	
GLU	-120	-30	10	49	0.20408163265306123	-59.69331987853094	174.95152021366602	21.58628826383678		8.491093248834561	14.241102487048924	15.946790562964583	
GLU	-120	-30	6	49	0.12244897959183673	-66.4721154133297	-177.14176198760939	-16.536663544544112		6.083681490996376	5.219627961890673	14.020517043882933	
GLU	-120	-30	12	49	0.24489795918367346	-54.54596539524815	-64.65796685827458	-30.591621663835728		22.366064382252887	20.79909689872999	22.228566916413072	
GLU	-120	0	13	65	0.2	-66.11494128164848	172.07040758352906	28.84314951589381		9.22108018195175	8.026251164129791	10.399790448859608	
GLU	-120	0	22	65	0.3384615384615385	-63.37825904807214	-177.7615194674307	-38.561345080043985		13.593499634199878	9.983031718796187	15.031350588630557	
GLU	-120	0	14	65	0.2153846153846154	-66.3384648800394	-61.65513477205085	-40.34098818108205		13.372969529666658	18.64030911158899	14.709944260969339	
GLU	-120	30	11	30	0.36666666666666664	-65.99794097147199	179.327501891683	40.402069233639914		9.782328906561766	8.543491914843685	14.36362108901653	
GLU	-120	30	5	30	0.16666666666666666	-61.84390270975465	177.94725584492485	-22.959064344714267		7.212269569974278	14.92671141169178	19.900015685471008	
GLU	-120	30	12	30	0.4	-55.13117242773632	-62.57806653825038	-25.616899583570547		18.395699492382477	15.157645678353832	13.86325407958474	
GLU	-120	90	8	33	0.24242424242424243	-66.870536068184	-176.61119467749492	22.477635784102972		10.571048532606932	10.3760264007891	13.974814758567497	
GLU	-120	90	5	33	0.15151515151515152	-62.01444814257949	-179.3715536703848	-60.00546070684501		6.660986733065863	14.667350892054102	7.813380028509572	
GLU	-120	90	9	33	0.2727272727272727	-46.703258380383026	-59.534175343881145	-24.558854961832814		15.07443735137965	14.144768331527027	15.067526162036003	
GLU	-120	120	5	136	0.03676470588235294	-166.54004001696035	76.68061545088443	39.69302200819463		10.237539801959944	17.124307301978405	9.244964665782474	
GLU	-120	120	22	136	0.16176470588235295	177.38297209953151	-179.47553812490352	25.984192073389995		8.647170963735624	10.04782183916222	16.550538238976728	
GLU	-120	120	37	136	0.27205882352941174	-177.65193361930136	-175.66418380747805	-31.691584932023236		8.100508084954216	12.197297045691473	16.56428815726857	
GLU	-120	120	19	136	0.13970588235294118	-64.64717971701472	177.07556822989025	41.376442841463025		15.23670410090315	11.322341758926568	17.55030314837493	
GLU	-120	120	17	136	0.125	-62.8022747237309	-175.00445260948146	-30.36824749740319		7.104025143644123	12.361987592587175	15.974912632520612	
GLU	-120	120	18	136	0.1323529411764706	-53.753413182200326	-68.34030477387185	-18.88853143468813		23.782020948128377	25.401329152136057	15.237232747695076	
GLU	-120	150	15	176	0.08522727272727272	58.22241022938097	-176.11268856454322	45.46532679041646		12.406051537496163	7.946532071227004	17.775702050130537	
GLU	-120	150	8	176	0.045454545454545456	64.15163147669719	-175.2179338213745	-30.504682522126128		10.125106838597164	8.186519841433503	21.467685884578742	
GLU	-120	150	5	176	0.028409090909090908	-160.10721556462514	57.279276016790725	-76.22858245958005		20.69710430595533	3.887603691435636	5.425751530176746	
GLU	-120	150	13	176	0.07386363636363637	-166.46843219213315	178.3038274937112	45.65034540706678		11.701446514785143	12.353414841349563	13.944653197801202	
GLU	-120	150	11	176	0.0625	-172.90072978967723	171.3134866195133	-21.372736455192502		12.030192779380062	9.249131550497133	14.913063245627182	
GLU	-120	150	32	176	0.18181818181818182	-65.91150232844672	176.12700125554028	31.281114360256815		8.704078730053128	9.67133181379027	20.33988393149689	
GLU	-120	150	35	176	0.19886363636363635	-64.49336069446234	178.34512037543456	-32.892521526785		7.829059347760146	8.009653962026922	14.453903947002456	
GLU	-120	150	9	176	0.05113636363636364	-62.78124054843961	-81.8609316872233	36.02880797694239		15.15131832289628	13.401819799620922	18.912329606754437	
GLU	-120	150	37	176	0.21022727272727273	-49.70853788382046	-53.689696758671474	-16.586856349237003		25.656713178726143	28.920006697730937	16.326160303979204	
GLU	-90	-180	5	27	0.18518518518518517	-65.26962862765869	-170.9017028156184	36.4931099178882		11.570994866526448	18.34103267751833	21.012496133218495	
GLU	-90	-180	5	27	0.18518518518518517	-55.034755817363965	-176.49344451374938	-58.52616356255868		2.937879559930434	7.019316836761912	11.806692571967442	
GLU	-90	-180	7	27	0.25925925925925924	-61.2167971835092	-66.08746316814346	-32.69073313725833		13.120306363807236	8.38904793198559	14.080284099694243	
GLU	-90	-60	6	55	0.10909090909090909	-166.63131607282097	66.69759688655849	21.61379809135271		11.690000711399316	7.621805075958706	12.147388685050414	
GLU	-90	-60	6	55	0.10909090909090909	-176.55268421126928	-173.83921223521205	-59.10437624294487		12.61223029044185	10.412764060616631	12.363266706617166	
GLU	-90	-60	5	55	0.09090909090909091	-82.99160053010598	171.24947769626397	44.56532297362147		10.632750387232702	12.437589640755645	13.7547091682743	
GLU	-90	-60	7	55	0.12727272727272726	-63.38746670224079	178.83489412752465	-32.72012889005276		5.418639147192252	7.858338277263048	18.200851138351094	
GLU	-90	-60	18	55	0.32727272727272727	-52.69581310606013	-45.189515099435525	-39.96780809612076		25.668504460148803	24.670209380852548	24.33336105436558	
GLU	-90	-30	12	305	0.03934426229508197	61.5803319656366	-174.27012287395596	26.055330158082334		20.582703018180066	11.05754386816772	15.198761917420752	
GLU	-90	-30	7	305	0.022950819672131147	56.41448714188596	-177.18408892017715	-40.806662214795836		10.863478443902283	9.640086235123553	28.325857028916136	
GLU	-90	-30	5	305	0.01639344262295082	73.53639721034614	-84.31404818211831	31.733049325093845		13.25080666497089	8.123886878364885	16.66235497653455	
GLU	-90	-30	28	305	0.09180327868852459	-164.80357162097516	63.59723121449043	37.013752791793735		14.287275399838068	7.674754881261284	16.75945299043444	
GLU	-90	-30	7	305	0.022950819672131147	-165.1003383957688	85.01676620612051	-45.1343779078436		12.28787514429505	10.575114033645407	18.746272654085224	
GLU	-90	-30	18	305	0.05901639344262295	-179.16709241733813	177.18345463938812	40.16809834982856		14.195080549053344	14.42020519353742	17.7302550146968	
GLU	-90	-30	29	305	0.09508196721311475	-174.12824674059001	-176.8036065998843	-34.07899814255511		13.646247025203873	7.450567261636978	21.278345672348205	
GLU	-90	-30	5	305	0.01639344262295082	157.35898825244743	-98.28257970662331	-51.30140630474849		13.29436256649138	7.970466426759014	8.879518555608275	
GLU	-90	-30	14	305	0.04590163934426229	-62.87932695273472	79.14917060215805	25.78765833585306		9.059028295359436	8.782361818833618	16.664589964998445	
GLU	-90	-30	6	305	0.019672131147540985	-68.00602293604143	88.20436985141352	-30.508327098416753		10.861486651220861	5.7916804468748335	14.686172528118036	
GLU	-90	-30	49	305	0.16065573770491803	-66.31933142812538	175.24107749974837	22.90872637773703		7.302034135624048	12.07213874459176	17.909245490865118	
GLU	-90	-30	53	305	0.1737704918032787	-63.30057898545351	178.9920369563688	-28.11828962001789		6.330692480144068	8.5874595521522	19.914582334851254	
GLU	-90	-30	7	305	0.022950819672131147	-68.5511055753489	-79.07265377746134	61.85835257812484		14.56999778213902	11.913371579539902	11.607633786878832	
GLU	-90	-30	63	305	0.20655737704918034	-53.212566485214644	-48.62833129767571	-24.751113322006287		28.64451296708851	27.0391809296975	22.225221235155608	
GLU	-90	0	10	219	0.045662100456621	59.16050785235569	-173.64773541443608	51.31060392540889		12.89496441391935	16.764712617236952	14.45914738214449	
GLU	-90	0	11	219	0.0502283105022831	59.5846324100629	-177.16673743874892	-29.787645698293737		9.525863371513788	15.188654701269366	19.268362767079445	
GLU	-90	0	6	219	0.0273972602739726	75.32599049831113	-89.6231894632398	20.036348200878546		3.604806131803297	5.662026226122864	18.81587040025684	
GLU	-90	0	9	219	0.0410958904109589	63.243963113834475	-74.88542919294419	-27.136032214083052		17.756799385294403	8.671777831831703	16.318496170078742	
GLU	-90	0	5	219	0.0228310502283105	-144.35031183634973	64.71447312037148	50.401858680264056		3.8667460401542204	9.669173098976579	12.401396183199418	
GLU	-90	0	8	219	0.0365296803652968	-170.26226872582086	173.59019196402355	-21.190045504062034		12.9169471635411	9.149164129450853	15.9382974439094	
GLU	-90	0	18	219	0.0821917808219178	-72.03666029713165	72.04629180857914	43.54633056994008		13.616248977964716	10.769665096798944	15.369298378427098	
GLU	-90	0	6	219	0.0273972602739726	-71.01624077616849	75.32919867357968	-45.91430422591542		16.830590202663064	3.6859527644650285	26.658306554468382	
GLU	-90	0	54	219	0.2465753424657534	-68.72637346237663	174.39828101642846	34.20134713403285		9.817176081245796	11.582280854601803	18.732303347613048	
GLU	-90	0	40	219	0.182648401826484	-65.5731683075989	-179.7819146427449	-32.77407602298556		9.465524169561322	9.705510534602093	21.927248465372617	
GLU	-90	0	10	219	0.045662100456621	-58.430314407251785	-72.92425799602049	31.502025398782532		7.445661927792293	10.922620457118503	23.745613305763083	
GLU	-90	0	36	219	0.1643835616438356	-60.80094324261234	-57.42328599232801	-36.5525956591946		14.686708149204874	15.781844589656393	22.356717865959908	
GLU	-90	30	6	22	0.2727272727272727	-62.4956022864399	179.27162496762662	-22.901630855123774		7.473729218653913	9.809315711283535	15.435388756046612	
GLU	-90	30	5	22	0.22727272727272727	-55.23647173296114	-56.943984238474734	-20.798996637516787		13.827889834275984	11.902786276789342	23.140342729457462	
GLU	-90	60	6	19	0.3157894736842105	-62.00635691078603	-53.68899013128369	-45.432323367499635		6.595426569968821	12.297122392640153	8.787171099627857	
GLU	-90	90	7	38	0.18421052631578946	-179.49856736502474	174.2348848263216	53.36256802406496		3.8749392307889643	7.323878033916886	17.075664123767787	
GLU	-90	90	8	38	0.21052631578947367	-64.49818654564322	170.7292944427907	24.321887338706134		6.977618344463955	11.906376346538455	21.728994434638725	
GLU	-90	90	10	38	0.2631578947368421	-57.423937731752375	-64.42250921268001	-15.666448714466387		29.10868806463981	24.936036703443516	18.524813988162357	
GLU	-90	120	14	164	0.08536585365853659	-167.45035369784233	71.66507699567502	53.27707361491298		11.61108801895383	7.9169603629869965	10.20060874746306	
GLU	-90	120	29	164	0.17682926829268292	-177.5685103612347	-178.8788629034055	49.5025454210286		7.9064107846010305	6.237877414058522	20.551609375409246	
GLU	-90	120	38	164	0.23170731707317074	-174.66106778711526	178.5101673777086	-29.755705439263426		8.796023117435121	10.01986098446051	20.027409932633503	
GLU	-90	120	15	164	0.09146341463414634	-66.48574402587504	177.30765031222617	34.98515594420998		13.27728586278584	7.489867218222679	23.786948870857362	
GLU	-90	120	25	164	0.1524390243902439	-68.33852868325376	-177.59365345114546	-33.159601638654166		5.5284053068502566	10.900021467074197	17.57176297816356	
GLU	-90	120	26	164	0.15853658536585366	-53.33871586116241	-62.627992364625285	-18.94966739805241		23.663349381545554	26.14180261304992	16.416051005041485	
GLU	-90	150	5	174	0.028735632183908046	72.9663872920187	174.8313015998913	-57.305009192848715		12.067878820306161	14.000194247142412	18.039942255235957	
GLU	-90	150	11	174	0.06321839080459771	-161.46920322321637	70.01789733311776	33.50517924400276		10.297290043652328	7.333198567161134	16.23841357332337	
GLU	-90	150	9	174	0.05172413793103448	-164.12747393979913	173.7523763369637	27.52146751371296		11.184391426282106	13.290299161764985	17.38499136042155	
GLU	-90	150	20	174	0.11494252873563218	-166.5070666766063	176.9879518905636	-34.42276357964182		10.384522718639996	7.9171096883676455	17.17225013251506	
GLU	-90	150	33	174	0.1896551724137931	-64.1097016657207	174.10229740471715	40.05007152656057		8.561003942893748	11.258553584688935	15.126380276294435	
GLU	-90	150	33	174	0.1896551724137931	-65.12754269911224	-177.4995546734085	-31.07477678840742		7.69688140066075	10.121190563757736	16.91022485349821	
GLU	-90	150	5	174	0.028735632183908046	-69.59916893126835	-70.53956907079102	9.23229183950047		9.439321936680399	2.1674377550687036	13.964170635233222	
GLU	-90	150	47	174	0.27011494252873564	-58.10531980304993	-61.32524076411672	-33.395543566039116		15.333580547877524	18.466137209707046	22.82566703888051	
GLU	-60	-60	5	676	0.0073964497041420114	46.03262943820383	170.108728288645	52.588603620054535		12.135212606299952	12.774184920179621	7.617182429136861	
GLU	-60	-60	8	676	0.011834319526627219	66.22048070170993	-53.56250664380546	-45.88769042998794		16.47785484803956	5.642896638203601	7.680042730019956	
GLU	-60	-60	56	676	0.08284023668639054	-172.69558867890368	62.11474837196269	44.99216410129101		10.99856209808039	9.922668138016054	18.01093551455874	
GLU	-60	-60	17	676	0.02514792899408284	-171.97034994423785	68.58387675344638	-32.460066986154594		15.834757299291011	9.843398029648423	19.893227991139167	
GLU	-60	-60	104	676	0.15384615384615385	-174.7816107713105	176.20927222972418	28.642367223836295		11.493657247443192	9.415212046292007	20.349121771283166	
GLU	-60	-60	111	676	0.16420118343195267	-172.86900924555275	-177.32782740620937	-37.76461655773546		11.266092732070474	9.613930101247023	18.55503488845524	
GLU	-60	-60	11	676	0.016272189349112426	-154.93218262624714	-73.99257641095596	-42.592233437276		19.730572726738238	15.685997929553258	22.07057208072892	
GLU	-60	-60	26	676	0.038461538461538464	-70.14782574567104	73.23175920036007	41.96509539456378		13.179577406191608	9.76957440684488	20.358162160155054	
GLU	-60	-60	17	676	0.02514792899408284	-70.97653232225933	84.77142886318363	-38.358517885600136		6.690174364568945	7.896007066223902	25.48785140529863	
GLU	-60	-60	125	676	0.1849112426035503	-72.49637220828568	174.04350953200253	29.459390413889675		11.262224800499416	10.901694235393046	17.988362120929477	
GLU	-60	-60	86	676	0.12721893491124261	-68.64571366220352	177.76807551365786	-31.733451885743353		7.873074865126045	8.852471489497843	21.300150080173257	
GLU	-60	-60	10	676	0.014792899408284023	-75.16003081781884	-78.42348628286433	46.89342951480278		17.064583991442976	13.506476885559026	21.05586856954391	
GLU	-60	-60	93	676	0.13757396449704143	-56.6005740177477	-47.11972875447865	-24.476813905388457		33.384618986582645	25.90065033244899	23.802036115665913	
GLU	-60	-30	30	1791	0.01675041876046901	58.51862873492079	-178.06764959175328	31.82529026363822		8.363843339760459	11.386568165487983	22.53124657948927	
GLU	-60	-30	38	1791	0.02121719709659408	66.29168937839326	179.2893659210747	-42.76931795134353		8.470783126676297	10.510535939091053	19.93503608069482	
GLU	-60	-30	24	1791	0.01340033500837521	57.50249310268453	-89.27911628468597	29.64864537340083		7.21687184628975	6.415122664306819	14.025095027395201	
GLU	-60	-30	23	1791	0.012841987716359575	43.98749024501374	-79.83754188916059	-39.87990787754486		14.113525923163985	12.813995077659701	14.440025629150975	
GLU	-60	-30	170	1791	0.09491903964265773	-170.31814901322085	62.70292444026691	32.04375798132982		11.295847884206227	7.520889763144135	14.686019547816217	
GLU	-60	-30	29	1791	0.01619207146845338	-174.80079272118732	76.57853231224594	-27.1602555225796		12.90640849508085	10.107442954823238	20.693466867278428	
GLU	-60	-30	172	1791	0.096035734226689	-177.68042759385216	178.1045086853319	30.594482935256618		8.801746403993143	10.506795004472488	18.641995814952907	
GLU	-60	-30	197	1791	0.10999441652707985	-175.90219757535488	178.07748429621012	-29.19496229397809		8.376730294158099	9.58005045503271	18.145399386593148	
GLU	-60	-30	5	1791	0.0027917364600781687	-162.0334688740579	-96.50934337152448	23.945193838289406		16.417362235758876	6.8746894571759745	23.829602728438292	
GLU	-60	-30	54	1791	0.03015075376884422	-168.69391108341162	-83.41877131179336	-21.18620545028175		11.898893681132575	15.97513004905713	16.583694894942386	
GLU	-60	-30	77	1791	0.042992741485203795	-66.60923143240102	75.39965437384826	35.66873362147793		11.492762338914524	8.098880562609205	20.94258752941713	
GLU	-60	-30	70	1791	0.03908431044109436	-65.45691393925654	86.96206150056325	-29.067652058208388		8.86155450805816	7.791242352296778	20.933002887012155	
GLU	-60	-30	255	1791	0.1423785594639866	-70.12889798119275	177.62033544277088	28.333261149638503		9.096637240959573	10.634818197869162	20.569411249691957	
GLU	-60	-30	326	1791	0.1820212171970966	-68.81970943327416	179.10621188450457	-26.174778311523852		7.634836785668412	9.524775973602267	16.633410523226914	
GLU	-60	-30	42	1791	0.023450586264656615	-68.90376235306704	-77.03535208651346	29.265613916103		8.33898460337014	10.963716961353313	20.61004189720141	
GLU	-60	-30	275	1791	0.15354550530429928	-54.759178587791176	-43.757016283804276	-23.27952953442957		30.112447348355268	28.65715165009275	23.34139635822803	
GLU	-60	0	9	102	0.08823529411764706	71.44572535127323	-176.0192285683562	57.04309097082685		5.703992390349784	9.394901874896798	23.062408836522295	
GLU	-60	0	9	102	0.08823529411764706	64.63640287909219	175.56233739125668	-35.22816060806094		9.23762074368366	9.495578945130324	19.96750497107166	
GLU	-60	0	8	102	0.0784313725490196	66.99442426340202	-93.62156766381139	27.8846728014704		3.5600395306701587	6.308170533223383	7.730880318812109	
GLU	-60	0	5	102	0.049019607843137254	48.733096727255315	-72.30061829119066	-55.89746478204699		22.726299970558696	5.561019902462226	3.7593471535482204	
GLU	-60	0	5	102	0.049019607843137254	-143.44482089485095	161.33953215796927	-28.92081700963695		13.026810874099715	14.813772582419544	18.011280338826413	
GLU	-60	0	5	102	0.049019607843137254	-68.30254354480162	82.11451519576296	-53.286114103212924		2.726931509093472	5.699173473068782	15.177736721060848	
GLU	-60	0	14	102	0.13725490196078433	-70.59002621165762	179.71710796009947	30.405552492086812		6.264794821732823	12.751510122532288	15.290677259263909	
GLU	-60	0	20	102	0.19607843137254902	-60.16870816560467	-178.47386659648313	-20.275719038967008		9.95670053691341	10.528003379811334	16.274025417539516	
GLU	-60	0	15	102	0.14705882352941177	-59.670409671184395	-51.15718301725877	-54.38085980296797		19.48819338820477	22.324613784876263	27.71337210858087	
GLU	-60	90	5	13	0.38461538461538464	-35.00230577519903	-46.97754720463337	-17.408744398781028		27.14961568659228	29.295356096409368	16.374909230591527	
GLU	-60	120	9	129	0.06976744186046512	-171.8535381832497	69.03521565229039	34.122831864610625		7.890204101413971	7.348568399701538	12.17172268417127	
GLU	-60	120	27	129	0.20930232558139536	-172.86045123754784	178.43723616621995	34.89370353630622		9.817623660780274	7.659055352643225	17.83610605466641	
GLU	-60	120	23	129	0.17829457364341086	-172.0636364343382	177.50501179937683	-31.316329379255574		5.946422950842262	8.67596135491244	17.036390153970217	
GLU	-60	120	15	129	0.11627906976744186	-69.5905916978708	-179.45912755840044	43.00804804878243		13.56722411984569	8.42119178838728	22.056760461943963	
GLU	-60	120	15	129	0.11627906976744186	-74.41139986540313	-176.26453376992214	-39.88195733043576		7.405159793324442	11.135646697723216	23.953671147846208	
GLU	-60	120	23	129	0.17829457364341086	-22.882587752653407	-15.975326007177351	-12.280708263265009		33.869547575258885	29.248729277428247	22.171809912568605	
GLU	-60	150	9	202	0.04455445544554455	61.69849118840913	-176.71376004931724	29.093970074490038		8.62957619992332	13.11566077907868	19.827632698246987	
GLU	-60	150	11	202	0.054455445544554455	62.30060950562981	177.71841595450252	-25.669044456542704		11.701174602546601	6.114049172045624	14.466575420161133	
GLU	-60	150	9	202	0.04455445544554455	177.27664268827064	71.86523581754528	29.388170552330337		14.93112272834052	9.323933265705069	14.769003851360441	
GLU	-60	150	23	202	0.11386138613861387	-174.62137345424614	176.7661247318386	30.367267550929814		10.03191102867021	8.668854618778061	17.764039598634632	
GLU	-60	150	18	202	0.0891089108910891	-169.76379377518995	-174.97054552542016	-22.44913673190283		9.684508152566258	8.459739773675173	12.096483581412965	
GLU	-60	150	7	202	0.034653465346534656	-72.63557660106007	76.00963063645888	17.684333430511703		13.065636376486921	4.956609722349237	5.421853375816369	
GLU	-60	150	9	202	0.04455445544554455	-62.77270556385818	91.97237129570024	-50.90457055901167		18.929314978461708	5.848382300336547	21.53425093567877	
GLU	-60	150	31	202	0.15346534653465346	-67.4142107890807	178.4223138741981	42.361778005569285		9.88718264461619	10.774644386290149	19.858286153057854	
GLU	-60	150	18	202	0.0891089108910891	-63.3242432918765	-178.13893712181462	-28.711817192621336		6.942080678141044	12.874800279348356	22.188735887451884	
GLU	-60	150	12	202	0.0594059405940594	-68.07326331205084	-86.83672341122413	37.59475613976611		9.634979192870691	12.391563625659815	26.327838569864937	
GLU	-60	150	43	202	0.21287128712871287	-57.563814642670856	-59.34540232396754	-23.513878498806903		18.57570291610195	22.00624176638594	20.006273147974905	
GLU	-30	-60	5	32	0.15625	179.03691193496175	91.43226663292782	46.70833173477135		9.675632103459991	12.630675991011726	29.631850612066792	
GLU	-30	-60	5	32	0.15625	178.46376087280495	-176.28156230765762	55.85719447260987		9.936056219603701	5.039975102733565	17.525750216009882	
GLU	-30	-60	5	32	0.15625	-84.04296506112621	-176.08877623265482	43.20026067090167		13.385229416437996	11.335749143932782	15.755951144908423	
GLU	60	30	9	40	0.225	-59.348397830081794	175.6223969385291	55.962553067600524		8.24058865153153	22.251154146712086	13.353891004490036	
GLU	60	30	12	40	0.3	-60.412113387152196	-173.89160810573006	-53.777349881552084		4.181384875669596	5.71239616327545	17.82274960750751	
GLU	60	30	12	40	0.3	-62.727181106104226	-65.45463595341015	-41.75403260730214		12.066252796807678	11.497755424401303	18.78907435452464	
GLU	60	60	7	20	0.35	-66.28445354810381	-179.40038168961746	-31.435244987843493		7.742314465505399	13.546174890539719	16.50910483177898	
GLU	60	60	5	20	0.25	-58.11584067863206	-71.24283604411755	36.86370923051149		12.626964813643529	6.426745915424288	29.4283723654043	
GLU	60	60	5	20	0.25	-63.40041622154935	-61.689847660044414	-21.28450670878111		14.429812817585734	4.487470003058289	15.405560401816658	
GLN	-150	120	10	39	0.2564102564102564	171.4576560276713	78.33385666326583	39.1424192663443		20.05624638856119	7.498472779336803	18.409245288614724	
GLN	-150	120	10	39	0.2564102564102564	-174.21052474481382	175.43762260701405	46.31201288641093		7.935407348982315	8.750299196373621	19.058431013692623	
GLN	-150	120	8	39	0.20512820512820512	-175.2725563648567	175.1830932375994	-46.66434688794826		10.560686817374503	2.155768667776484	26.198912791543993	
GLN	-150	150	7	72	0.09722222222222222	60.9730494923154	-173.74825343952742	65.32705615473468		6.394607386411036	10.192252431040753	19.66283042406576	
GLN	-150	150	5	72	0.06944444444444445	55.04762495473063	-174.06976460840912	169.55927675347735		8.377527008285382	6.616132522882417	12.699059067696204	
GLN	-150	150	11	72	0.1527777777777778	65.61818796140373	-177.23143438016075	-54.93049805370134		9.437347587919444	8.91594146872566	19.741780483355818	
GLN	-150	150	9	72	0.125	-175.75280888651753	176.3162836163244	57.60271155692319		10.642596717287983	8.199165041943221	20.62084686385417	
GLN	-150	150	11	72	0.1527777777777778	-175.8469597016541	-177.6743983832303	-31.663556434472813		7.081899857924532	13.250137444644116	20.20406069123586	
GLN	-150	150	7	72	0.09722222222222222	-60.19920011880082	-171.27372942720734	30.258406431211025		15.171117990928877	10.013159150692848	9.589538609164359	
GLN	-150	150	9	72	0.125	-61.32724834896497	177.58406275380437	-57.97395756286632		5.479537823834336	6.55531326972538	28.33830581726408	
GLN	-120	-30	5	20	0.25	-61.616877782508006	-177.95667333436816	-26.198528808564024		4.810822804148768	1.4352483185276086	23.828556230001283	
GLN	-120	-30	6	20	0.3	-33.335634355600305	-30.459309774658735	-23.41148673394621		33.48049793145877	32.30775104472321	25.335550500214815	
GLN	-120	0	11	30	0.36666666666666664	-69.24872754560958	171.34117847118796	48.77718690827345		12.912695304528466	7.241901379642733	17.17778346225048	
GLN	-120	0	6	30	0.2	-71.30241762000276	177.38448074383714	-31.454261653014925		4.418387996437713	10.049616841145463	20.695483287402137	
GLN	-120	0	5	30	0.16666666666666666	-65.64517441880508	-67.87734757087892	-46.53819601548604		3.824905291943038	13.407144035502894	17.871865623976824	
GLN	-120	30	6	23	0.2608695652173913	-61.461408915840046	-174.83553685697345	14.315945275807739		6.377678456694472	6.706691616076387	11.809555445473196	
GLN	-120	30	6	23	0.2608695652173913	-69.08728453264773	-175.70358962988809	-52.97476217400678		2.1208239902354484	8.252679726376007	22.555315537413538	
GLN	-120	120	5	80	0.0625	178.40626092683	77.34733317320106	69.46798309171055		6.279797712367799	7.695294727512263	24.709492912004798	
GLN	-120	120	15	80	0.1875	-174.41760423117543	175.5735384823276	46.64844216993321		5.242478188989281	8.84875991709667	19.073070489810103	
GLN	-120	120	6	80	0.075	178.1095353029868	176.47911814970178	-151.9207116916913		7.191970082729896	6.04162489993945	20.117858736496842	
GLN	-120	120	9	80	0.1125	-174.4428554874703	179.95815591064076	-57.11782318270324		16.29788169051498	11.323599508690748	22.062154917370485	
GLN	-120	120	12	80	0.15	-67.94609694153407	169.80863658192504	47.181435374422364		8.396851948891735	14.552028099608302	19.81733071174356	
GLN	-120	120	11	80	0.1375	-65.38345620740643	-175.88440960325119	-32.59060823146512		9.888922066048751	10.547108083377674	13.750059960936515	
GLN	-120	120	6	80	0.075	-68.3548483940812	-64.5662659524304	-41.564953560240326		11.818442958862532	12.658046687892325	14.571109775525548	
GLN	-120	150	7	99	0.0707070707070707	54.90630398896798	179.3884330037616	-41.04863745582196		3.541571717003292	3.7279971312382116	27.858814789399283	
GLN	-120	150	5	99	0.050505050505050504	-171.11551147356923	175.24342878956696	-19.105804537380482		8.180615965513056	8.149199514727913	14.485091929808307	
GLN	-120	150	22	99	0.2222222222222222	-64.74852037414925	-171.8099320443799	51.548177169759846		6.076745865446024	8.036808739088585	27.10296499349899	
GLN	-120	150	18	99	0.18181818181818182	-62.59288741418566	179.46944168794417	-34.36016683327125		5.149552519794994	6.099178694828174	15.504352313055971	
GLN	-120	150	5	99	0.050505050505050504	-65.39678550352022	-83.9855975012812	90.63891459354856		12.275557483520506	9.189758931830358	25.096639284289562	
GLN	-120	150	16	99	0.16161616161616163	-60.81963147225457	-60.54823717795623	-42.40385435298527		9.343854756326625	19.69096233096216	19.09610788972191	
GLN	-90	-180	7	27	0.25925925925925924	-60.74043825927232	-178.4135562663696	-67.10949372148787		9.724290358257695	4.339024150224455	8.935982114125176	
GLN	-90	-180	11	27	0.4074074074074074	-55.54721185014235	-41.394056642410135	-44.21634816916238		19.31225474965586	23.263919581695067	27.234286349308718	
GLN	-90	-30	9	142	0.06338028169014084	-169.66762928601014	64.61270675538037	54.16704377460205		9.69552556415301	7.417331802202334	12.752389849983524	
GLN	-90	-30	11	142	0.07746478873239436	-169.32713307937388	178.70778042475806	43.249217582049646		7.58676326082009	5.47402331167698	26.20273617128225	
GLN	-90	-30	7	142	0.04929577464788732	-173.91328144112794	-173.71439941779863	-21.862572189964936		14.592042420934954	18.573290725175603	22.475627595204006	
GLN	-90	-30	5	142	0.035211267605633804	-74.86083231340717	78.99032244854332	44.759986142984665		6.878706054543771	15.209680274167896	18.716705493701618	
GLN	-90	-30	18	142	0.1267605633802817	-64.02116196247988	-178.42914071396964	51.931719223774834		6.18176980429642	8.898077413301628	17.33094344519772	
GLN	-90	-30	29	142	0.20422535211267606	-68.27913691289372	178.91971998903776	-44.95494024350719		6.891621015503839	9.01750710303428	17.74813833862542	
GLN	-90	-30	6	142	0.04225352112676056	-60.5318414437137	-71.1310506446294	69.0562093357893		10.457821197355816	11.997725728595002	26.206744315338756	
GLN	-90	-30	27	142	0.19014084507042253	-57.83523805779033	-64.27306702980819	-43.63307268232439		9.402468764193248	12.218535588417708	14.589435598164217	
GLN	-90	0	5	113	0.04424778761061947	67.53475061283827	-175.2312802458357	37.9844105345622		4.366448522722176	8.384147459205657	15.978828503105396	
GLN	-90	0	5	113	0.04424778761061947	-63.13798348009215	89.46303402597302	51.98170984897791		8.366164569117233	12.185962057194283	15.076944664620923	
GLN	-90	0	22	113	0.19469026548672566	-63.144242898904686	179.6089112896831	36.9658628859516		6.8955379703206505	10.138826570707707	16.392881316719112	
GLN	-90	0	13	113	0.11504424778761062	-62.402094203608875	174.76841521502266	-39.42679350402868		9.048583072667888	9.45057345624452	20.273267046737395	
GLN	-90	0	9	113	0.07964601769911504	-56.17006505198369	-68.39768230541203	59.64746867786269		8.033367754986838	13.724625568588637	32.97294255321111	
GLN	-90	0	35	113	0.30973451327433627	-56.915271378096776	-62.62564809661159	-49.761831560919276		14.352741295220694	13.052086232312876	20.066503251113016	
GLN	-90	30	6	17	0.35294117647058826	-55.882428918611396	172.43533482944972	19.869108682200967		6.64524053345681	4.114238853276227	24.473121811543706	
GLN	-90	120	10	99	0.10101010101010101	178.66098790741037	68.07844983301341	47.41138382282967		12.886439792729115	8.313360349739229	13.51053100255426	
GLN	-90	120	6	99	0.06060606060606061	-176.0842642769556	63.55921381517361	-144.83989872919136		17.328632027175253	12.891633786228985	25.10406091473149	
GLN	-90	120	11	99	0.1111111111111111	177.4695051380887	-177.27837174809255	55.01980296109443		5.750877250833765	8.380252280496583	11.816456616430163	
GLN	-90	120	8	99	0.08080808080808081	-178.3977935899291	175.46498261427183	-161.7413598380337		10.875491486130992	5.309835405613549	21.599957831850055	
GLN	-90	120	14	99	0.1414141414141414	-172.749295588989	179.84640859574455	-29.688366914946013		8.262342738153052	7.440743306222881	18.716549421672987	
GLN	-90	120	10	99	0.10101010101010101	-63.07717488431675	179.78080034773708	50.653489254197154		4.0919444445429	9.570898380368275	13.11287349764513	
GLN	-90	120	10	99	0.10101010101010101	-66.04178258028439	-179.685766974825	-47.52910268372934		8.211171854487153	7.679565401315988	25.514414126350765	
GLN	-90	120	13	99	0.13131313131313133	-63.25713232765032	-61.216282572271076	-31.30202087494409		15.468776935562019	13.3865312422907	17.937584910058813	
GLN	-90	150	6	93	0.06451612903225806	-174.43742785915887	-175.17654608531188	-30.307683804938083		5.789334098297186	5.833675959692358	16.875568031181643	
GLN	-90	150	21	93	0.22580645161290322	-61.47153940214489	-178.91231557887957	49.89146706662619		5.166460501440887	9.735698487902132	26.107649866444227	
GLN	-90	150	5	93	0.053763440860215055	-66.36389710672067	176.83283637679804	-173.07876837459858		9.995126846119332	7.181481145640627	10.629114596770506	
GLN	-90	150	17	93	0.1827956989247312	-64.26347149848762	177.08622783849552	-38.25989118405689		4.839682151766588	10.935686802842929	13.015572821702685	
GLN	-90	150	5	93	0.053763440860215055	-58.06839349381384	-74.75140484959338	87.33282381112039		3.592878587443825	11.7867226610962	36.252572498670744	
GLN	-90	150	18	93	0.1935483870967742	-57.565189850237154	-53.032330474463606	-38.75541439594288		11.349508453125798	17.04347144512911	20.25311510327524	
GLN	-60	-60	34	264	0.12878787878787878	-174.9707330394144	59.87138312164286	52.11961787554086		9.784669242814934	8.315426025907463	14.44621222256044	
GLN	-60	-60	11	264	0.041666666666666664	-176.31593262345015	70.27269962430469	-90.80643954321694		10.959333520009643	6.266754317767454	22.704681373710912	
GLN	-60	-60	14	264	0.05303030303030303	-178.71694742367075	177.81898315009101	43.2710482584805		10.766913207166528	5.608939026567167	22.675000601836828	
GLN	-60	-60	9	264	0.03409090909090909	-177.06734587206742	-177.42018003335582	152.18500426894207		10.153285794030609	6.985482088591978	20.19120713936856	
GLN	-60	-60	27	264	0.10227272727272728	-173.23577659963746	-179.62443827412633	-38.36633645716097		9.811155562523508	10.008425735248242	19.9781632627443	
GLN	-60	-60	8	264	0.030303030303030304	-177.47483130861443	-84.8261859276672	-41.845238402969045		12.676832712132402	14.114909461755838	17.764523535270143	
GLN	-60	-60	9	264	0.03409090909090909	-73.61224115316044	87.90955657162557	-56.84242339991863		16.887148331955355	19.42588995915707	25.018792128395702	
GLN	-60	-60	48	264	0.18181818181818182	-71.53211934125034	177.3119627520981	38.87036478657803		6.965932555298988	10.054372382772376	15.10061010748488	
GLN	-60	-60	19	264	0.07196969696969698	-72.83200690930896	175.42376742600072	-168.89592671765212		9.834957798638685	9.632203911611086	20.498156345556186	
GLN	-60	-60	39	264	0.14772727272727273	-69.42464412715856	178.94673948026218	-45.84826267794871		7.494183905975781	7.725125053684971	18.99850395811534	
GLN	-60	-60	6	264	0.022727272727272728	-73.97408714226114	-62.92050270761172	95.8743795011884		10.123735315817996	16.514064953233962	12.358998689911365	
GLN	-60	-60	26	264	0.09848484848484848	-71.91404015986976	-54.93970454413848	-39.00207626310658		20.01091110767049	19.383593355136817	20.314015136787027	
GLN	-60	-30	9	740	0.012162162162162163	72.985980006807	172.966380227592	53.34623433319531		10.601230987888853	14.399630782053965	23.51380594972702	
GLN	-60	-30	12	740	0.016216216216216217	63.181556383887106	176.48518671378514	-54.16440614443308		4.5838994969089635	7.055332726989876	12.37301160076756	
GLN	-60	-30	6	740	0.008108108108108109	51.85449267844382	-88.0299983897297	34.1536507719268		12.509050190247713	6.376556121961214	14.493986074569081	
GLN	-60	-30	78	740	0.10540540540540541	-172.69779778690437	62.35919335223245	47.57103257924043		7.534717439378491	7.720242485944693	13.381951068993624	
GLN	-60	-30	14	740	0.01891891891891892	-173.91157907858815	67.24449454868191	-149.46714052937273		11.669380587004955	9.178447721975889	17.59776435237461	
GLN	-60	-30	20	740	0.02702702702702703	-173.57279423590015	67.16632311615976	-81.9671376529437		8.418060278846703	10.132279196315967	24.75087525799379	
GLN	-60	-30	60	740	0.08108108108108109	-174.9513118325435	179.01514209104934	52.059986458748256		8.966271404091463	10.402566096395729	19.30369942813051	
GLN	-60	-30	13	740	0.01756756756756757	-171.2713182030148	173.18007023765603	-176.82587488247296		8.789241696997893	10.977996477036964	19.848926654895347	
GLN	-60	-30	70	740	0.0945945945945946	-176.49178998915684	179.11157091086832	-33.33775351980646		8.280168048299359	8.320781336135685	20.098388175828287	
GLN	-60	-30	6	740	0.008108108108108109	177.73052045618545	-95.85867542845777	26.756251664471037		4.849465505367638	3.408202732268594	17.449540797860813	
GLN	-60	-30	9	740	0.012162162162162163	-170.99992373184415	-88.63638744236722	-31.35976726001449		4.430134699326736	9.830985602821228	10.624699084676292	
GLN	-60	-30	15	740	0.02027027027027027	-71.34279592679482	74.28441111384842	41.16118817064407		10.06366130267917	7.977565602112832	19.12288189844123	
GLN	-60	-30	15	740	0.02027027027027027	-73.66519050543947	86.59065197154995	-43.047225523514385		16.976607496002618	15.64928587686595	24.352610866357125	
GLN	-60	-30	88	740	0.11891891891891893	-69.65417029118215	177.8573088040042	50.6252369624526		6.753159250842665	9.916607568042698	20.296283720509027	
GLN	-60	-30	27	740	0.03648648648648649	-70.93392785884497	173.17041959013315	-174.1709306354196		7.60961328274618	13.164262115661755	19.870761215782377	
GLN	-60	-30	157	740	0.21216216216216216	-70.41684025986036	176.63434816123237	-40.705598181609474		6.38435266275814	7.13892222170438	17.819854866649507	
GLN	-60	-30	26	740	0.03513513513513514	-68.09284668355001	-70.18231525196849	80.46936044096678		11.482794150411282	9.781865270798976	25.673671469712406	
GLN	-60	-30	16	740	0.021621621621621623	-67.82167131332437	-64.71861003843661	154.2976577063388		5.519446525600264	10.179038253763336	20.245138680660475	
GLN	-60	-30	88	740	0.11891891891891893	-63.37160599503906	-50.01951863051456	-30.799212834270573		21.968100835235305	21.132746118913165	21.73957763552249	
GLN	-60	0	6	54	0.1111111111111111	67.83928321510427	-176.3241626617329	58.57160767750857		8.064813164549669	8.127974691658261	30.947121004853717	
GLN	-60	0	7	54	0.12962962962962962	-78.56409143720731	177.702334040617	39.52819102711431		9.10522584519218	9.686709211658972	18.435246648299337	
GLN	-60	0	9	54	0.16666666666666666	-63.70805575488547	172.96588645081488	-44.31326825203786		6.084232037025087	6.561746756239801	24.46090648280143	
GLN	-60	0	6	54	0.1111111111111111	-64.25700206550773	-69.72079854620145	-36.8775633429825		12.689162824510133	19.16549272360815	25.956708652830436	
GLN	-60	120	7	56	0.125	177.37994950358976	-173.57321875867726	-33.10971380108504		8.75300669518405	10.556629116518963	13.322883042640854	
GLN	-60	120	7	56	0.125	-62.9006303989245	175.98915739885578	66.69445487700597		16.74710736043752	26.755739309043676	20.76589453158998	
GLN	-60	120	7	56	0.125	-70.95545450242338	174.62851817650875	-35.1063333420589		13.466298615465655	9.52061367784755	13.423828932837475	
GLN	-60	120	15	56	0.26785714285714285	-67.38859137031098	-58.970025072929936	-32.301817457109294		18.640991099069932	14.5540376869671	20.239821965718072	
GLN	-60	150	5	63	0.07936507936507936	60.74401160387759	172.80504796787474	39.61950038655225		7.711403532390732	5.758856327352532	11.32320615040141	
GLN	-60	150	5	63	0.07936507936507936	-166.27642174297247	67.02953502368887	46.54025775846101		15.65189494727776	8.028007293975861	12.357229556931108	
GLN	-60	150	5	63	0.07936507936507936	-174.74187782550783	170.86759884868056	30.024659360596413		14.007866131509399	8.07316096275011	16.961241515433873	
GLN	-60	150	5	63	0.07936507936507936	-65.72630502162622	-74.01984444782798	85.61001525558021		2.6677232007646516	17.50800840923118	29.612016530580377	
GLN	-60	150	11	63	0.1746031746031746	-67.5801294130024	-49.74251241363222	-34.12821170939308		13.95049755113918	19.302850807646376	20.6167777435771	
GLN	60	30	6	26	0.23076923076923078	-60.76536019691835	-177.3977250645401	29.64932617854489		4.691947561325775	4.241952925170036	8.122996789374485	
GLN	60	30	9	26	0.34615384615384615	-66.87607984840534	-165.760645272017	-54.24275623350011		6.794536158010148	10.773391914888741	11.373254255920136	
GLN	60	30	5	26	0.19230769230769232	-53.769325632247664	-62.150020756341966	-47.622176001393335		3.8478055328287355	6.43010059587738	19.05394559663104	
GLN	60	60	8	19	0.42105263157894735	-71.82740685883226	-174.9856081752875	-15.581620976021272		7.557964344409319	9.433393034477081	10.160251973412738	
MET	-150	150	7	65	0.1076923076923077	55.943983622986565	-175.0890679236894	68.65548345554899		7.350905783915176	13.590092529092853	15.192471590390605	
MET	-150	150	11	65	0.16923076923076924	64.46102366707773	179.54799951857018	-71.09301919403269		6.883175668302822	8.59031175559575	13.85548168175776	
MET	-150	150	6	65	0.09230769230769231	-158.32980581748004	176.4649250098591	-87.54001695617715		7.641036239387662	2.277775283296882	10.942867359072006	
MET	-150	150	8	65	0.12307692307692308	-60.853303543114734	-171.2944009351534	84.17303621091854		3.1175556369693442	13.319841362912577	13.750535195295948	
MET	-150	150	5	65	0.07692307692307693	-65.19029817182371	-175.5526790220468	-66.57517261143651		10.453210093026478	9.91119392412656	18.798002404880307	
MET	-150	150	9	65	0.13846153846153847	-65.47900067905769	-10.36977981351562	-10.206073215563979		9.21178203472701	27.470687216470925	28.452407817597116	
MET	-120	0	5	15	0.3333333333333333	-56.8742887665117	-63.137634827809556	-62.36253147904995		10.969807390371452	12.592380830468043	17.529060283726924	
MET	-120	120	5	52	0.09615384615384616	-174.4638566012136	-170.09206975762197	80.05061559056999		5.398719831358063	25.241016576063277	11.105038224080301	
MET	-120	120	11	52	0.21153846153846154	-178.15314576346006	-177.97152912995773	-86.18329086398342		10.096339381160035	5.151565184687145	12.371050485183137	
MET	-120	120	5	52	0.09615384615384616	175.8750414763151	0.0	0.0		7.371628930651987	0.0	0.0	
MET	-120	120	8	52	0.15384615384615385	-59.539265707642556	-175.63728452772494	74.11587592826878		10.517830128112106	9.221858843705695	7.395838179352823	
MET	-120	120	8	52	0.15384615384615385	-64.57748721794509	-176.00128582463654	-63.11728104606865		10.289040679140582	11.883375391085277	9.42056165712038	
MET	-120	120	6	52	0.11538461538461539	-73.03211926579192	-62.99587541585708	-75.92405159998721		14.126028028583702	3.6605378812869183	10.660598896344212	
MET	-120	150	7	71	0.09859154929577464	66.46201985086532	-173.42018264159054	75.7354325761139		6.971984697053234	9.183620812281976	14.726177284827756	
MET	-120	150	6	71	0.08450704225352113	-172.90908808163937	-165.93518666518835	78.5153830547918		3.980733010773213	3.0988297252094505	7.92771294941771	
MET	-120	150	13	71	0.18309859154929578	-67.56316479958556	177.53911973663054	69.34440559125004		9.445517428115782	7.4205223274888406	13.234962453018008	
MET	-120	150	9	71	0.1267605633802817	-64.89187246089031	-176.0157909486094	-62.235401418431		5.6210614285225	10.876350562470316	14.144643119388107	
MET	-120	150	15	71	0.2112676056338028	-61.480417137586315	-65.70449740326677	-58.286058515840445		5.441320628839002	12.870204878315048	18.7248326559575	
MET	-90	-30	12	71	0.16901408450704225	-66.17103544692178	-175.6577264754173	72.63272466912028		5.948829996155761	6.944778394617184	11.243073663656602	
MET	-90	-30	6	71	0.08450704225352113	-72.13021193756936	-173.99097976404437	-70.24236139178798		6.780904820921784	3.4355373401937315	13.716047021943703	
MET	-90	-30	5	71	0.07042253521126761	-64.25546638205883	-66.42185138327658	102.43876462676037		4.040249436096089	8.641354206218251	7.555715677295069	
MET	-90	-30	6	71	0.08450704225352113	-61.17744680832581	-66.49965772437436	160.94096133791766		9.283675494425278	12.816636917640231	22.361475498469947	
MET	-90	-30	23	71	0.323943661971831	-59.74691649592058	-38.37609559988765	-40.143622769662535		8.477946988225868	26.9204042006461	30.343243422490882	
MET	-90	0	18	72	0.25	-60.63444924482657	-179.47964569619677	63.972363567827415		8.94056336831316	9.117213772437808	9.384539998744703	
MET	-90	0	6	72	0.08333333333333333	-58.94654432019757	173.20040001792987	162.11815086311245		4.913889648887909	3.206272648257908	16.473666228242948	
MET	-90	0	7	72	0.09722222222222222	-62.86006897198495	-176.67012006788136	-68.70257308219746		6.056943298841537	7.050162883111591	5.716268840097581	
MET	-90	0	7	72	0.09722222222222222	-65.01739075764849	-64.08647877859752	95.2495551632683		5.764778434760712	5.678010238184635	6.806962080983118	
MET	-90	0	22	72	0.3055555555555556	-61.33765699125416	-56.53903954329884	-68.10111655859501		6.614986887841893	15.283917865026234	19.631460298505303	
MET	-90	30	6	11	0.5454545454545454	-59.23695886917295	-10.165118753427258	-9.818423873774153		8.940188010908043	30.740480467503776	33.49950431927893	
MET	-90	120	6	48	0.125	-169.283681729779	-178.99063070291785	-73.29556929008747		14.053663895037415	11.716737901020812	15.533063060269788	
MET	-90	120	16	48	0.3333333333333333	-61.748791820089224	-51.02092546387831	-49.20945714494489		11.490297187691226	32.27689232869596	29.886430742752395	
MET	-90	150	7	51	0.13725490196078433	-65.80121981143603	-172.53319992106952	66.4497022358723		10.260006811552872	11.445115795111905	14.102875375143906	
MET	-90	150	20	51	0.39215686274509803	-59.69925037536772	-38.35174356079627	-39.987628405986655		9.710156329050562	26.683283186968747	33.22852459570534	
MET	-60	-60	11	154	0.07142857142857142	179.51062167583194	60.34152031009979	80.26428993764321		8.919286210089414	2.9592112984809247	11.154009918790125	
MET	-60	-60	21	154	0.13636363636363635	177.86607001409314	-178.4737676796414	70.49723456394757		5.4091137448182955	7.52908771327491	10.41999537467843	
MET	-60	-60	8	154	0.05194805194805195	-162.50182269107165	177.38084384032334	-54.754271449274675		10.926408044610278	12.842761311445631	7.918876154185962	
MET	-60	-60	17	154	0.11038961038961038	-176.2845502682186	-35.51529004404419	-29.524777352922207		7.524672388989679	43.71382914580395	36.40751378412091	
MET	-60	-60	23	154	0.14935064935064934	-72.97057149417186	174.47105281891595	70.31058850200112		7.616884107030457	7.434315170324092	10.901284872466634	
MET	-60	-60	13	154	0.08441558441558442	-68.3646255262826	-175.57398998926882	172.60034993003515		7.6742131147064265	6.834347977834551	8.102500894076679	
MET	-60	-60	10	154	0.06493506493506493	-73.33302333891552	-168.17281965866115	-73.7013956630681		5.417708676928268	6.474783225163789	18.832541733414754	
MET	-60	-60	10	154	0.06493506493506493	-60.20428800399334	-63.24972074206989	88.49856190195364		4.1389377017503195	8.381444937630963	5.953451677808908	
MET	-60	-60	7	154	0.045454545454545456	-68.35538103392788	-57.281387926353744	161.716657710312		9.261319846493738	16.81822345933816	25.502765329128643	
MET	-60	-60	25	154	0.16233766233766234	-66.17756957718802	-43.41356767216746	-47.61185856512209		7.932257425670879	24.780002079972668	30.873320307307704	
MET	-60	-30	6	392	0.015306122448979591	70.5123727062074	177.13607502110173	72.3207012098904		8.47313079192833	3.886300492222842	11.659487640920487	
MET	-60	-30	22	392	0.05612244897959184	-170.6926275120776	62.40739207841626	79.18822331910667		10.358861590367114	7.634206600115685	10.813270914768848	
MET	-60	-30	12	392	0.030612244897959183	-161.89718216370386	55.98033375612821	-170.09637829136608		8.511584990161944	5.899893257061241	15.477788147434708	
MET	-60	-30	5	392	0.012755102040816327	-143.01080532402304	61.0689474077824	-103.5390142474798		13.530385545637936	3.4014952965433074	10.729621926709946	
MET	-60	-30	30	392	0.07653061224489796	-176.48854854430098	179.53630859192393	66.89823776835281		9.911713540165051	11.879260519855695	11.513390825579267	
MET	-60	-30	6	392	0.015306122448979591	-172.2139439941582	176.06008266405078	-170.16254530842176		2.0566321933776837	4.504540356839343	12.132667118922225	
MET	-60	-30	18	392	0.04591836734693878	-171.72908956618394	178.64176670517628	-65.67788796041589		10.610602451848285	12.695532650295169	8.55660235633616	
MET	-60	-30	20	392	0.05102040816326531	-169.38033190937696	-3.579708588263905	-2.9192098089499567		14.741389427624151	20.709838712154227	13.10289676242296	
MET	-60	-30	56	392	0.14285714285714285	-70.28551216865841	174.7381643852741	70.460865345392		6.241893508172816	7.347588017906072	10.117009854488877	
MET	-60	-30	22	392	0.05612244897959184	-69.77392025040314	-178.52067258772038	176.46658066364017		5.424999403346269	4.9990894439911715	12.41418954548461	
MET	-60	-30	39	392	0.09948979591836735	-71.36837138564925	-173.08635463364752	-69.00659012354834		8.410875274705214	5.831692200413544	14.089930005562437	
MET	-60	-30	22	392	0.05612244897959184	-66.35871861539903	-61.78698781594068	95.90450176075089		4.52951796736285	7.390976298987605	7.654466053688556	
MET	-60	-30	12	392	0.030612244897959183	-68.36023964176219	-54.044014384378656	163.87133823847137		5.950737311834439	9.19705179053106	14.065523735566908	
MET	-60	-30	110	392	0.28061224489795916	-71.33581884263275	-51.71091730305529	-56.0719352309519		8.997417286727526	21.685495050131088	25.297872493711232	
MET	-60	0	17	26	0.6538461538461539	-70.70041917606964	-50.19837264278651	-60.796944330642575		6.722611846230535	21.497645872749125	26.986055022302413	
MET	-60	120	6	29	0.20689655172413793	-178.06009264470688	179.104468032671	-77.29687076348189		6.375478933970065	5.876718952558239	7.289719086915925	
MET	-60	120	5	29	0.1724137931034483	-71.10933777639833	-172.9936724063729	48.26718321627583		8.957280202578694	8.212721727376266	12.519835215542447	
MET	-60	150	6	52	0.11538461538461539	175.5512497879739	168.50664562288384	-60.69028944848383		9.445124060037227	5.283625291772298	2.6323094398608577	
MET	-60	150	8	52	0.15384615384615385	-66.18294526447374	-177.14556697950758	-69.55019902081938		6.82195085817154	11.533914999352836	13.825080586961004	
MET	-60	150	9	52	0.17307692307692307	-63.39690278096369	-44.48654201790903	-67.15482717856965		15.270018204127963	26.61356415873305	35.85623892803188	
ASP	-180	-180	6	12	0.5	58.019049640037075	60.53841186213412			4.43894983301479	7.515353981967015		
ASP	-180	150	5	8	0.625	-158.85251180116387	-23.794220970083895			7.187131207715079	18.42643224036552		
ASP	-150	-180	17	42	0.40476190476190477	57.41390341903775	41.05467799749035			5.758279162494427	16.836660348146047		
ASP	-150	-180	10	42	0.23809523809523808	70.4886148146574	-24.03342832784987			5.540323896168372	7.407064088737514		
ASP	-150	-180	5	42	0.11904761904761904	-162.99271171412715	19.708651073131705			2.157159604582031	5.823132601675074		
ASP	-150	-180	8	42	0.19047619047619047	-153.79467642218185	-15.942249998403007			1.7618718799796662	8.395242499420062		
ASP	-150	-150	7	11	0.6363636363636364	56.211340612239766	31.643931088509742			8.745099120768268	14.214875058465067		
ASP	-150	60	8	10	0.8	-168.5020264229422	31.019235585178087			6.021603662223619	11.725573422537368		
ASP	-150	90	20	35	0.5714285714285714	-176.76472069622235	21.528393182067855			5.615827046419568	16.98476937306522		
ASP	-150	90	13	35	0.37142857142857144	-169.15490206216296	-16.83423043466325			4.958987825026694	14.047183175688625		
ASP	-150	120	17	40	0.425	-175.5248092196264	36.73350524587247			9.650077670992925	23.090073223584668		
ASP	-150	120	15	40	0.375	-173.0443531641995	-30.099441921923336			4.235714420102711	13.595532027622594		
ASP	-150	150	15	42	0.35714285714285715	-167.65110398483577	26.485974570623835			8.260560499272676	24.846572240196654		
ASP	-150	150	11	42	0.2619047619047619	-162.9803586649784	-66.54087075513567			6.027412853058236	23.232211891921096		
ASP	-150	150	10	42	0.23809523809523808	-6.815691679437522	-14.139680239681596			30.30943227839711	23.012513868974583		
ASP	-120	-180	14	23	0.6086956521739131	60.96912981712983	20.460827907422676			13.137628008002899	20.060163839668892		
ASP	-120	-30	12	21	0.5714285714285714	-62.61314823916533	-57.75314209509711			7.158955541655908	15.838771376973412		
ASP	-120	0	13	57	0.22807017543859648	55.13013172555073	20.172550869225287			5.678121378082148	15.87647102895045		
ASP	-120	0	13	57	0.22807017543859648	61.840540836599544	-38.78858631536065			4.357554740533065	23.290382991710924		
ASP	-120	0	5	57	0.08771929824561403	-89.83128863297323	35.28836969037128			11.150584302147463	14.595980072579087		
ASP	-120	0	23	57	0.40350877192982454	-64.55658285224591	-28.74744083567294			12.870879743012242	16.349360485063144		
ASP	-120	30	5	52	0.09615384615384616	55.692645053442256	2.0909066377351033			7.2264105218283445	2.4316972633418557		
ASP	-120	30	21	52	0.40384615384615385	64.06018781037642	-22.550137938737812			4.878739802786715	13.208972688435553		
ASP	-120	30	5	52	0.09615384615384616	-160.31079743457036	38.58158766057039			10.453616965229209	11.495595050711168		
ASP	-120	30	19	52	0.36538461538461536	-63.918576606264125	-44.21677288405308			7.702179831102657	16.473362048089633		
ASP	-120	60	8	14	0.5714285714285714	-76.03935138348224	-48.573912938195036			11.845271038342437	20.924151015356138		
ASP	-120	90	33	79	0.4177215189873418	-179.623318626328	32.59321656586547			7.939867606817297	16.278981826282333		
ASP	-120	90	35	79	0.4430379746835443	-173.48223001604575	-18.113833516806565			5.921467312098732	12.068237032552558		
ASP	-120	90	7	79	0.08860759493670886	-62.172486453605664	-48.92382467028511			12.90330467949866	13.84447456643757		
ASP	-120	120	44	127	0.3464566929133858	-177.371431070251	25.93002206731686			5.832972451286473	18.60790671160266		
ASP	-120	120	54	127	0.4251968503937008	-172.07402565842582	-30.515927554936308			5.232759626681279	14.985431510571138		
ASP	-120	120	25	127	0.1968503937007874	-60.60317808618421	-24.56945654184104			13.959607373983108	19.979011355048325		
ASP	-120	150	12	53	0.22641509433962265	-172.02976663370313	45.091426529775795			10.055701536550531	23.473638337777846		
ASP	-120	150	6	53	0.11320754716981132	-72.11928351072459	39.87329167061083			29.252605638064015	20.599554571239405		
ASP	-120	150	27	53	0.5094339622641509	-64.98562308929795	-26.61719857978203			11.13914945198075	18.55815877217166		
ASP	-90	-180	37	78	0.47435897435897434	65.23359235242287	19.66849194982621			5.026887989523635	9.496040589378556		
ASP	-90	-180	16	78	0.20512820512820512	69.5267235485202	-25.289264987058438			7.386200190081375	12.622704872653554		
ASP	-90	-180	5	78	0.0641025641025641	-75.57579773702068	24.29457126308852			12.796109904922913	20.81740962819172		
ASP	-90	-180	14	78	0.1794871794871795	-69.42927589333918	-47.42562087989891			8.251248677187755	21.71727716697794		
ASP	-90	-60	6	27	0.2222222222222222	-173.86579538918264	35.599328192394665			13.177951049013398	21.784911962884223		
ASP	-90	-60	13	27	0.48148148148148145	-67.53838249395844	-54.83687551681898			3.9783583622882195	11.126436957853914		
ASP	-90	-30	8	180	0.044444444444444446	44.371072552341964	74.23245284347868			15.175003317374463	12.47573572978568		
ASP	-90	-30	13	180	0.07222222222222222	57.384802833662235	-30.96853258887055			6.899873103231525	14.634105001294346		
ASP	-90	-30	14	180	0.07777777777777778	-167.40043993989815	53.25285067607072			9.267365014149387	14.47429617364401		
ASP	-90	-30	6	180	0.03333333333333333	-157.72689289804646	-68.91446345637453			14.735705043347364	11.159643712817864		
ASP	-90	-30	19	180	0.10555555555555556	-68.57703865522379	27.68774142717809			9.619061748699732	22.738656298586342		
ASP	-90	-30	120	180	0.6666666666666666	-63.88149507752311	-39.32769668785822			8.176490986134155	16.177379138034393		
ASP	-90	0	46	271	0.16974169741697417	58.07984485064682	18.489899657325473			7.07047298075456	15.305327607328906		
ASP	-90	0	59	271	0.2177121771217712	62.39062654565391	-25.834993020553487			6.566431086552195	17.867184349691072		
ASP	-90	0	8	271	0.02952029520295203	-163.19518078371703	35.828658774083515			6.865868738884966	17.811908572076785		
ASP	-90	0	15	271	0.055350553505535055	-66.0521122304932	34.937942124885936			9.10593738076712	26.6180892920389		
ASP	-90	0	139	271	0.5129151291512916	-66.10701602273019	-30.793869352242243			8.233998929268036	15.212692476636338		
ASP	-90	30	10	53	0.18867924528301888	51.60864694548064	23.15482551626643			4.609936500352043	20.470696531678325		
ASP	-90	30	18	53	0.33962264150943394	62.81763832001979	-16.659505169381625			5.99021137070227	10.999073529123264		
ASP	-90	30	6	53	0.11320754716981132	-83.58519399796715	22.422259683966235			10.71291483505601	13.800584413598092		
ASP	-90	30	18	53	0.33962264150943394	-62.93085464481213	-44.042349422797066			7.264887459593391	11.697253694279391		
ASP	-90	60	16	48	0.3333333333333333	-170.10050599439668	20.819117460477557			4.317521918129452	9.642041085641706		
ASP	-90	60	10	48	0.20833333333333334	-167.64535553676023	-14.184387948672498			3.6527574879978593	6.774704936338444		
ASP	-90	60	13	48	0.2708333333333333	-62.32068898666775	-23.108985636681112			16.249285822993134	20.210837187229053		
ASP	-90	90	50	133	0.37593984962406013	-176.74259831070535	22.623631379594745			7.184867896284599	18.133532078248695		
ASP	-90	90	58	133	0.43609022556390975	-173.82366477155097	-18.548367767912666			4.428350255867243	11.29935530617267		
ASP	-90	90	5	133	0.03759398496240601	-73.27918952837143	38.15973008721017			5.5421663114976445	17.766650338830498		
ASP	-90	90	17	133	0.12781954887218044	-50.18965534465752	-16.544750058967576			29.688800026855287	26.52612508497204		
ASP	-90	120	69	202	0.3415841584158416	-178.21068613438428	30.373214584415415			6.012021463735867	21.151766334645675		
ASP	-90	120	81	202	0.400990099009901	-173.31778476572046	-28.144523552269543			6.470155924366579	16.83378216361351		
ASP	-90	120	10	202	0.04950495049504951	-74.53773731424883	19.043961084254068			6.559401492339429	15.063976533111378		
ASP	-90	120	42	202	0.2079207920792079	-62.796209309399316	-39.503813124326854			11.146663828534992	17.7432148229601		
ASP	-90	150	8	117	0.06837606837606838	63.692902186881284	-39.430148522536875			8.834375275565728	15.969846365904315		
ASP	-90	150	24	117	0.20512820512820512	-174.41979357420945	53.006946983893165			7.863013801278771	25.620008621749882		
ASP	-90	150	23	117	0.19658119658119658	-167.17711490075075	-43.49277591564503			12.058607339879092	26.67940336228253		
ASP	-90	150	8	117	0.06837606837606838	-72.67211815413948	26.890495626024446			7.407119520366119	22.67649721616302		
ASP	-90	150	50	117	0.42735042735042733	-68.15477940101331	-36.57962031599394			9.13250481016197	15.613973206006229		
ASP	-60	-180	5	17	0.29411764705882354	-67.00840686110568	-25.266363670049653			10.471577020522908	6.844523014462959		
ASP	-60	-60	8	305	0.02622950819672131	46.299851373171265	-38.344087893829844			7.321949178383472	6.42426832695699		
ASP	-60	-60	43	305	0.14098360655737704	-175.8858189566348	52.25955013745033			10.005031154122827	16.46671253385136		
ASP	-60	-60	15	305	0.04918032786885246	-173.15560195191532	-58.531005270651086			8.40044898766317	23.750345112442172		
ASP	-60	-60	41	305	0.13442622950819672	-73.9018258879376	28.677780014249787			9.135096726201382	17.74736504844213		
ASP	-60	-60	197	305	0.6459016393442623	-69.15372642063697	-22.997621683105745			8.490930425656204	11.741791765481866		
ASP	-60	-30	19	921	0.02062975027144408	52.84578865372501	24.02808692468138			5.216467793027297	20.86431170888954		
ASP	-60	-30	45	921	0.048859934853420196	56.58917589658249	-41.19828740286386			8.32667701061984	18.1507867700682		
ASP	-60	-30	106	921	0.11509229098805646	-171.41926631365715	55.91545308409914			7.709293064532522	16.22715991830294		
ASP	-60	-30	30	921	0.03257328990228013	-169.3079708772455	-72.66223495573368			11.13252154973243	13.847131899321068		
ASP	-60	-30	147	921	0.15960912052117263	-73.94272313935467	20.379096929021834			9.514853598331573	17.06277331869161		
ASP	-60	-30	574	921	0.6232356134636265	-69.73209661516992	-22.952537296466463			7.14970276659706	12.555416949805247		
ASP	-60	0	14	88	0.1590909090909091	61.73440668598329	17.412425959986955			8.237638539950233	14.930973416506989		
ASP	-60	0	18	88	0.20454545454545456	61.61116946722794	-48.344588276216676			8.307127654666143	20.669553132295942		
ASP	-60	0	11	88	0.125	-64.00010595015375	34.07549060260193			6.6334456566233735	17.931868481141464		
ASP	-60	0	42	88	0.4772727272727273	-68.26246096964238	-29.358992060029365			7.7064019578266345	13.41064395573472		
ASP	-60	60	7	11	0.6363636363636364	57.222722722096584	-48.06939510015812			4.824912520273397	21.70795032560356		
ASP	-60	90	8	24	0.3333333333333333	-171.94199414545218	12.374667117979005			5.833344494718544	8.14177809225968		
ASP	-60	90	13	24	0.5416666666666666	-167.4766299327467	-17.150247264358992			8.005919817832751	17.934642267915155		
ASP	-60	120	41	158	0.25949367088607594	-175.7425874027911	42.33113264353595			7.176150944062781	25.26598837293312		
ASP	-60	120	81	158	0.5126582278481012	-170.19374866967547	-41.13915192431454			6.180329718913065	20.35664745297319		
ASP	-60	120	12	158	0.0759493670886076	-83.78862477219057	28.634464559096372			10.000662056580998	11.136920519547035		
ASP	-60	120	21	158	0.13291139240506328	-72.85646451884021	-22.08130648462529			6.606004604934201	13.600621087433858		
ASP	-60	150	6	164	0.036585365853658534	59.3568877254974	45.734476412947636			21.19132879014838	15.507730465767652		
ASP	-60	150	11	164	0.06707317073170732	61.950304087778854	-53.6297873942254			8.797706899886998	19.26759065354213		
ASP	-60	150	23	164	0.1402439024390244	-175.16797718326126	47.44918426539131			7.495426942266315	23.666936790519305		
ASP	-60	150	16	164	0.0975609756097561	-166.7780810894171	-50.722299376958986			9.132983138754797	19.337397029952747		
ASP	-60	150	21	164	0.12804878048780488	-71.68366785898021	18.803210560398323			10.406442554974145	13.507596529810534		
ASP	-60	150	87	164	0.5304878048780488	-69.30254227948622	-24.66623237291754			8.608047479023611	16.221364339610304		
ASP	-30	-60	6	13	0.46153846153846156	-59.04972165755629	56.42791255782975			14.466802116985322	11.595136267893075		
ASP	-30	-30	5	6	0.8333333333333334	-65.67245406167454	20.944248640328183			5.983389500638285	22.551585741429367		
ASP	30	60	5	10	0.5	-66.19628193455169	-31.710135426784586			6.141827467417567	16.70382349386222		
ASP	60	30	14	70	0.2	-162.9361667394712	33.892092700939614			4.853856754372999	10.924477070555307		
ASP	60	30	7	70	0.1	-78.78913110962003	41.742475694487425			12.356982615557458	14.412577881830954		
ASP	60	30	48	70	0.6857142857142857	-63.724970567032166	-37.81211234955832			9.878782651027322	14.324101763249244		
ASP	60	60	12	39	0.3076923076923077	-171.00416177424196	37.75036528162436			5.1882889927560605	11.001131431728197		
ASP	60	60	5	39	0.1282051282051282	-163.94503026984617	-9.099316375485607			9.034061101488588	8.592693293564894		
ASP	60	60	5	39	0.1282051282051282	-67.11023349685472	31.0650860742731			5.958726670543891	22.988466616970314		
ASP	60	60	17	39	0.4358974358974359	-58.352238308014144	-29.314734414864592			19.624355014916773	17.686145543623297		
ASN	-150	-180	12	22	0.5454545454545454	61.321311589091785	58.96850387970288			5.480678228493643	21.9555913241905		
ASN	-150	-180	5	22	0.22727272727272727	-59.4733010563691	-38.66218885240279			36.080035476143046	29.800355247688415		
ASN	-150	30	6	17	0.35294117647058826	-76.31189708586324	108.55789728414898			11.703775506482195	16.969165191985415		
ASN	-150	60	7	11	0.6363636363636364	-168.3547821923496	31.869061267181017			8.322904844606892	15.631542254711261		
ASN	-150	90	5	16	0.3125	176.7194373897882	20.57660199502727			4.0371372971779325	12.53543796494144		
ASN	-150	90	5	16	0.3125	-167.76409255570326	-40.31169423034326			8.342449317831646	17.79273595335477		
ASN	-150	120	16	31	0.5161290322580645	-172.72566127964356	-52.56198373272797			7.519426950832427	16.710470147245953		
ASN	-150	120	7	31	0.22580645161290322	-72.97029695103663	-68.08290795882783			6.015602873177457	6.561391590238999		
ASN	-150	150	16	46	0.34782608695652173	69.90430800076078	79.14394757337074			7.038975058349729	9.248542033357023		
ASN	-150	150	7	46	0.15217391304347827	-171.84296795801407	61.08344818670434			7.909768715293058	23.62686989683919		
ASN	-150	150	6	46	0.13043478260869565	-169.47846640648632	-70.74141550994011			5.772277953540581	18.6350326240178		
ASN	-150	150	8	46	0.17391304347826086	-67.83909501840304	95.31742658868276			7.677907625994612	3.542437391522335		
ASN	-150	150	6	46	0.13043478260869565	-70.95510898066	-51.96785310073271			6.612693316644844	13.120187079818011		
ASN	-120	-180	7	24	0.2916666666666667	60.32914653261835	31.299015571477387			4.805985666379462	12.750859419332766		
ASN	-120	-180	8	24	0.3333333333333333	-53.02673743084006	-44.451070157906884			17.092630855890285	18.577043831837166		
ASN	-120	-150	9	11	0.8181818181818182	-81.5079435558386	-67.85368358042376			4.785230770322638	11.254807557728533		
ASN	-120	-30	11	19	0.5789473684210527	-61.4537083880694	-54.000027068532674			4.329280276302147	18.690408468736518		
ASN	-120	0	5	52	0.09615384615384616	50.250364270752726	26.053205168747876			3.7099968308370523	14.365906880682568		
ASN	-120	0	5	52	0.09615384615384616	64.64013183069058	-28.20352255617043			3.1115524338910614	12.005901266041288		
ASN	-120	0	34	52	0.6538461538461539	-65.19308477672698	-59.89582257125254			8.731052157901928	17.06489210369555		
ASN	-120	30	7	79	0.08860759493670886	61.15727197356623	15.72844570784381			4.45977738221901	12.662840579563674		
ASN	-120	30	16	79	0.20253164556962025	65.02552652638803	-25.889274246838937			4.520702975603107	6.120042983683278		
ASN	-120	30	5	79	0.06329113924050633	-162.70995371324923	32.373944114138			5.050574885564912	9.719138560631933		
ASN	-120	30	38	79	0.4810126582278481	-63.207572840810855	-63.14108923454817			8.654395419171324	17.172921051941767		
ASN	-120	60	6	28	0.21428571428571427	-166.99818319642895	15.454480102693104			5.13980595507791	17.230915858803783		
ASN	-120	60	12	28	0.42857142857142855	-69.56518944581475	-66.04780439443068			8.52927709632793	15.495673826571085		
ASN	-120	90	17	37	0.4594594594594595	-172.19479161705624	-21.412694628523777			6.2760719930292534	11.214504475905432		
ASN	-120	90	9	37	0.24324324324324326	-60.575013990786445	-56.736672847873365			9.70211309807927	14.970623710594573		
ASN	-120	120	18	83	0.21686746987951808	-175.9030800554335	33.85566275103756			10.219156196206395	12.573838360345901		
ASN	-120	120	35	83	0.42168674698795183	-171.79539817163914	-35.10298983482045			5.977085747709103	18.196892015720092		
ASN	-120	120	9	83	0.10843373493975904	-75.42892830640619	49.02801056630185			14.3404674023476	30.3098408086197		
ASN	-120	120	15	83	0.18072289156626506	-60.340444838507096	-46.069852067504385			9.690390883676505	12.364514250581765		
ASN	-120	150	5	48	0.10416666666666667	-174.22029539603568	-57.95226716952149			3.4838883823591758	11.942146115120947		
ASN	-120	150	5	48	0.10416666666666667	-60.377393959104296	103.89087730658112			9.037531387934115	20.48178597201361		
ASN	-120	150	27	48	0.5625	-66.06492388886029	-49.10107103556915			8.915157441157572	18.187182202973474		
ASN	-90	-180	25	51	0.49019607843137253	62.12734978712332	25.587588119462158			3.1807718587553167	9.031216443994747		
ASN	-90	-180	7	51	0.13725490196078433	68.61528111556377	-29.856645586853265			3.0027895233220203	14.025149314237		
ASN	-90	-180	11	51	0.21568627450980393	-58.551200316337315	-42.07088059056185			7.320806327298543	19.63784442330411		
ASN	-90	-60	5	19	0.2631578947368421	-63.20844900336008	-19.528411744669093			12.99571074838809	13.339103883806295		
ASN	-90	-30	10	110	0.09090909090909091	-171.35478085670036	40.43126126854158			9.569141952086504	12.266286790784925		
ASN	-90	-30	13	110	0.11818181818181818	-74.34668392709446	73.75226728282985			10.416814937754344	28.08678872195047		
ASN	-90	-30	9	110	0.08181818181818182	-67.44703187135813	150.8860554833781			10.618704243446375	21.76433350893013		
ASN	-90	-30	69	110	0.6272727272727273	-70.13378819007201	-35.83102009475995			9.522554030704468	19.193704105637444		
ASN	-90	0	21	219	0.0958904109589041	61.62919793272785	22.284472306254237			6.193602397565237	9.894174250842823		
ASN	-90	0	31	219	0.1415525114155251	65.20042684549917	-29.95356146424323			4.992294689035804	13.502233443223691		
ASN	-90	0	9	219	0.0410958904109589	-155.53274197642065	44.5424876959287			9.953596120797068	9.701356831838567		
ASN	-90	0	27	219	0.1232876712328767	-66.31722914505919	51.39699008418952			9.28143240174933	27.878884434949853		
ASN	-90	0	15	219	0.0684931506849315	-64.38309581860646	136.51047533535802			9.687197268423173	12.552592452941317		
ASN	-90	0	109	219	0.4977168949771689	-67.25848973836332	-40.23922716480454			8.45848159433303	15.759806349010441		
ASN	-90	30	7	68	0.10294117647058823	62.21317094458895	-31.146367364114365			3.6110975354126515	25.911852990038312		
ASN	-90	30	7	68	0.10294117647058823	-166.2529830991259	31.864034386608463			5.748647440935087	10.113030257718894		
ASN	-90	30	9	68	0.1323529411764706	-65.73144540007283	58.31185113047414			10.670770206111166	25.552798815538274		
ASN	-90	30	33	68	0.4852941176470588	-63.08372514246056	-38.340334771533804			12.608894033815268	18.11212154622761		
ASN	-90	60	6	28	0.21428571428571427	-71.32384646640382	154.32780024217976			8.244923456303152	28.582531344583096		
ASN	-90	60	6	28	0.21428571428571427	-63.09904941517509	-57.15513421084055			7.383595929368216	19.37064840824789		
ASN	-90	90	17	60	0.2833333333333333	-178.1045766585369	24.547387852160185			4.777137844408139	19.670034166187186		
ASN	-90	90	20	60	0.3333333333333333	-171.01813622390546	-26.718608578843824			6.906060147324317	14.257846487655067		
ASN	-90	90	12	60	0.2	-55.915428213716766	-43.43406195250928			12.17507657312934	13.851838006372494		
ASN	-90	120	24	124	0.1935483870967742	-179.92603914769165	18.155695642245156			6.135361163138417	11.75947109979494		
ASN	-90	120	6	124	0.04838709677419355	-176.90549301431145	174.53838484581917			9.539592571206859	36.49457652459792		
ASN	-90	120	48	124	0.3870967741935484	-173.15966610595035	-40.77359332555613			5.521037868742017	21.564261618568008		
ASN	-90	120	13	124	0.10483870967741936	-80.19891426635877	92.24203884343012			14.881597472715065	26.496704298922655		
ASN	-90	120	6	124	0.04838709677419355	-61.7588125841838	138.00695176693003			8.117330961511907	16.572490840222027		
ASN	-90	120	25	124	0.20161290322580644	-62.770787068094236	-43.24819778857009			8.659776449403937	19.30385292123514		
ASN	-90	150	6	73	0.0821917808219178	75.15220946505076	66.5592426969876			9.186609795447467	21.600353809409594		
ASN	-90	150	9	73	0.1232876712328767	-167.4593641880857	50.32756203657004			8.013639931568514	12.246808764945762		
ASN	-90	150	8	73	0.1095890410958904	-175.49646567753683	-86.44189006101895			10.388291211227896	7.130061708922205		
ASN	-90	150	7	73	0.0958904109589041	-64.6121434313903	63.74747305209325			12.437290578786975	26.588087864420125		
ASN	-90	150	7	73	0.0958904109589041	-84.28283152568027	142.577008194845			11.90729310686314	11.838345139696983		
ASN	-90	150	34	73	0.4657534246575342	-63.51569392899877	-46.54499720952668			7.697578590473297	19.569429913372314		
ASN	-60	-180	5	12	0.4166666666666667	-74.73838714181245	-41.96470854207898			11.361217990802519	23.77315949574417		
ASN	-60	-60	20	142	0.14084507042253522	-172.6510313674041	47.927584735618474			8.191680857129306	15.004094347931272		
ASN	-60	-60	6	142	0.04225352112676056	-162.990572910019	166.20819733758827			15.131920195622316	23.08186114533138		
ASN	-60	-60	16	142	0.11267605633802817	-162.27853078263217	-84.92015636867043			11.972733876705306	20.347610614278224		
ASN	-60	-60	16	142	0.11267605633802817	-79.94848161717769	24.890693677121845			15.18831195161533	22.944415770949046		
ASN	-60	-60	18	142	0.1267605633802817	-73.56455688987072	162.4212745200099			6.065885165108209	13.076451406742727		
ASN	-60	-60	65	142	0.45774647887323944	-71.27805906819123	-27.54886752393911			8.001381531020256	13.876745699870153		
ASN	-60	-30	10	565	0.017699115044247787	57.024288297841345	31.3741371933012			9.725568115605956	19.875227099680572		
ASN	-60	-30	17	565	0.03008849557522124	57.78712737091534	-40.798869969121796			10.251091636464382	17.193247754806464		
ASN	-60	-30	57	565	0.10088495575221239	-172.38265694887832	55.43272963036192			9.876283710129664	12.99746360323554		
ASN	-60	-30	6	565	0.010619469026548672	-166.07415847752318	-146.45051531847596			8.11208541859768	36.70584176562994		
ASN	-60	-30	40	565	0.07079646017699115	-173.59281169681245	-95.50764560136413			11.113669592859878	17.438222658396835		
ASN	-60	-30	57	565	0.10088495575221239	-74.85293794293977	32.465918240051685			11.116894365663246	25.253369423053417		
ASN	-60	-30	61	565	0.1079646017699115	-71.05601307886191	158.3189081411244			8.23477513680556	13.598842208919601		
ASN	-60	-30	314	565	0.5557522123893806	-72.21580329659017	-28.5848074570443			8.190476397000568	14.214800333744797		
ASN	-60	0	7	62	0.11290322580645161	58.47852051512868	14.432442964283712			3.5116084483411654	6.257942266103378		
ASN	-60	0	8	62	0.12903225806451613	54.424664734093454	-60.53378623443427			9.98041904890418	14.136821109597927		
ASN	-60	0	5	62	0.08064516129032258	-66.39335091553575	57.11004353174936			6.717741631084543	27.8391541371044		
ASN	-60	0	6	62	0.0967741935483871	-66.12461195013006	161.38246199902824			2.8521388695392367	19.329587215810182		
ASN	-60	0	27	62	0.43548387096774194	-64.75916189548336	-31.98571841067541			15.432679802761744	15.855018780836067		
ASN	-60	90	6	16	0.375	-172.5577208337599	42.723535325434625			7.400433534979959	21.364317920711954		
ASN	-60	90	6	16	0.375	-170.22381672387215	-30.817842791857363			10.77447037507918	16.53363995403724		
ASN	-60	120	19	71	0.2676056338028169	-179.55539536875634	44.995974937009464			6.044550469872584	16.210491139203505		
ASN	-60	120	33	71	0.4647887323943662	-172.60389979129616	-51.84093154286411			5.615555273636258	18.12036279342237		
ASN	-60	120	14	71	0.19718309859154928	-73.64787016606631	-27.003406047248745			12.946374810721823	14.117669387699049		
ASN	-60	150	8	76	0.10526315789473684	74.01218264469908	72.29468607769678			9.715956966703333	7.383585188444108		
ASN	-60	150	6	76	0.07894736842105263	67.93733272581392	-71.92054511185985			12.928048412533068	10.685678686443453		
ASN	-60	150	5	76	0.06578947368421052	-164.18240999860407	25.20404018229432			4.078804911135765	10.900220128132995		
ASN	-60	150	12	76	0.15789473684210525	-169.4385540880869	-72.75738683495949			7.183381309633484	21.532684754166343		
ASN	-60	150	10	76	0.13157894736842105	-64.13843379188994	24.90093833637874			7.608019661376708	24.976736915310802		
ASN	-60	150	30	76	0.39473684210526316	-65.39863515397622	-33.57234301689638			9.749987406888783	23.71180074122454		
ASN	-30	-60	5	12	0.4166666666666667	-154.0968022138973	-79.2567583350598			13.800714624314487	16.127178169113883		
ASN	60	0	16	23	0.6956521739130435	-66.77248078960882	-42.21108313054905			12.268290694565842	21.079987933178725		
ASN	60	30	29	109	0.26605504587155965	-160.06589017836404	36.25375313777027			6.241989089265507	12.99362687717864		
ASN	60	30	5	109	0.045871559633027525	-164.0664215748533	-144.07047801512823			10.779583889958646	15.801698691427369		
ASN	60	30	11	109	0.10091743119266056	-71.54783168643479	84.34158555283024			17.647667881712042	20.954183816203987		
ASN	60	30	9	109	0.08256880733944955	-62.27262707291718	128.76060726268472			8.785301092544568	7.075308814650722		
ASN	60	30	51	109	0.46788990825688076	-62.71463932247645	-38.8398634113625			11.437393125504368	18.0961711025219		
ASN	60	60	23	81	0.2839506172839506	-162.25072214855166	32.553665040427454			7.653697497525325	8.843864967307312		
ASN	60	60	6	81	0.07407407407407407	-156.69411145508013	-60.1560109762938			4.933515366476787	39.589282312197234		
ASN	60	60	11	81	0.13580246913580246	-64.80842455427786	82.9794255367274			9.345610426367863	25.250364204850083		
ASN	60	60	5	81	0.06172839506172839	-58.43966848924132	129.69843667240352			5.237988664267028	8.246329213900232		
ASN	60	60	33	81	0.4074074074074074	-63.113269839338855	-41.67733872460701			8.366900536304607	15.960252393230085		
HIS	-150	-180	8	16	0.5	54.42593183135269	69.36948563146721			4.051920514977742	12.11409090198173		
HIS	-150	120	8	27	0.2962962962962963	172.08340242785576	60.15086257394525			8.527353881800947	19.183168855334902		
HIS	-150	120	7	27	0.25925925925925924	-176.7098375302507	-84.83163343896072			7.7709373072026136	16.67888628873166		
HIS	-150	120	9	27	0.3333333333333333	-57.27986141263709	-75.99506517872632			7.852756940795588	11.149911355382887		
HIS	-150	150	9	48	0.1875	60.60571833991738	85.2546849951129			6.024558272871247	9.982861087226055		
HIS	-150	150	6	48	0.125	65.50519816191779	-80.3335305802882			6.137799462311169	6.816148817309572		
HIS	-150	150	7	48	0.14583333333333334	-169.8056473073442	79.11119116863908			5.901826191808061	11.526500392061966		
HIS	-150	150	10	48	0.20833333333333334	-63.88718285176244	80.30086357970985			4.327836006977575	5.373414294045425		
HIS	-150	150	9	48	0.1875	-57.46415217640381	-80.03199431575607			7.9639613645944785	9.348573602333346		
HIS	-120	-180	7	14	0.5	52.465945228588744	68.17985239831043			2.918065916764204	11.839149383918322		
HIS	-120	-30	7	23	0.30434782608695654	-63.75444462088639	85.24571801530107			6.573489485914364	8.337266375777942		
HIS	-120	-30	15	23	0.6521739130434783	-58.41237174577362	-75.05871639813928			5.475357646566881	12.60611710961648		
HIS	-120	0	12	51	0.23529411764705882	-69.86670204844312	84.09210819136212			7.708678646703752	8.61852485396202		
HIS	-120	0	32	51	0.6274509803921569	-59.06348080780047	-66.78368078131312			6.853085987746775	11.564754321921995		
HIS	-120	30	13	43	0.3023255813953488	-59.70439882134746	80.24231284586044			6.2982520724510485	16.067550889756617		
HIS	-120	30	8	43	0.18604651162790697	-60.58562197555398	145.89008037008318			7.045618388289612	14.124857832974323		
HIS	-120	30	20	43	0.46511627906976744	-59.648451025260066	-73.51423494550845			7.575009710249436	15.716413584064298		
HIS	-120	90	5	26	0.19230769230769232	-52.25672980253492	82.6838271661824			11.548022885938998	7.5224863446901375		
HIS	-120	90	14	26	0.5384615384615384	-53.73989158956921	-75.77135150933015			4.249854748422866	9.583568370968178		
HIS	-120	120	9	71	0.1267605633802817	178.1070542707203	66.70187879861126			7.40615604270247	23.985585883080805		
HIS	-120	120	11	71	0.15492957746478872	179.45951388475012	-154.31882618071987			4.461198289901436	17.47300408891957		
HIS	-120	120	7	71	0.09859154929577464	-171.24220971512287	-59.6685226276649			5.907805404297645	28.01702373558393		
HIS	-120	120	15	71	0.2112676056338028	-67.07098602125009	83.78176133538375			5.0180946177170505	10.080104467613662		
HIS	-120	120	26	71	0.36619718309859156	-52.828981872169564	-77.43355766752128			6.140851553304085	10.693301344195213		
HIS	-120	150	6	85	0.07058823529411765	58.15065276635781	-87.59630147974202			3.0947306568187387	7.599055050171369		
HIS	-120	150	8	85	0.09411764705882353	-170.911351282451	-86.2452622019399			8.981082941887792	15.152833556823301		
HIS	-120	150	19	85	0.2235294117647059	-63.48307122403572	75.18385851665444			5.918680237271511	8.278392644757446		
HIS	-120	150	9	85	0.10588235294117647	-70.831769485071	-173.0320981550912			5.248644035535113	15.678250880808129		
HIS	-120	150	38	85	0.4470588235294118	-56.313293781770184	-91.30394521183192			4.893378775629552	12.336981843105153		
HIS	-90	-30	8	53	0.1509433962264151	-173.74420217881	77.91745619950565			12.2128526785498	6.13119301431333		
HIS	-90	-30	15	53	0.2830188679245283	-68.40421659258915	82.16443114720727			7.507368273835447	10.151246843659457		
HIS	-90	-30	5	53	0.09433962264150944	-79.04498218091332	151.46779774223913			8.028810406602615	8.574005863943448		
HIS	-90	-30	15	53	0.2830188679245283	-67.02759463588208	-67.54558294419624			3.611326418134907	13.482739266241753		
HIS	-90	0	5	93	0.053763440860215055	66.91616607390533	96.81387436358969			4.263534228548689	8.84295625896749		
HIS	-90	0	10	93	0.10752688172043011	66.63763303451745	-75.32561679931834			6.512109470796806	9.625084157597751		
HIS	-90	0	17	93	0.1827956989247312	-65.54623019114736	94.48549057482289			6.05714418125624	9.6888964022803		
HIS	-90	0	25	93	0.26881720430107525	-67.3149526566876	152.85110556543506			4.506999863188607	24.235039162198923		
HIS	-90	0	35	93	0.3763440860215054	-58.6355650621365	-70.41189542421917			4.236487202808318	14.268473402658778		
HIS	-90	30	5	18	0.2777777777777778	-68.5219544874206	77.76420657809575			5.164085822402608	25.245987861255152		
HIS	-90	30	7	18	0.3888888888888889	-64.58811143618665	-54.55219738148762			11.977793601357957	25.934041445447093		
HIS	-90	90	5	16	0.3125	-59.13069148729822	-59.02389653764444			13.116544442617771	24.217526547451865		
HIS	-90	120	7	49	0.14285714285714285	167.96479149360053	76.70474899836492			6.111618005177313	15.03095076469026		
HIS	-90	120	7	49	0.14285714285714285	-174.85183227181116	-163.9394615235835			4.770993638127395	24.42576285033744		
HIS	-90	120	8	49	0.16326530612244897	-167.6340320965209	-94.21179292458146			7.319059239780867	15.087969785452891		
HIS	-90	120	5	49	0.10204081632653061	-60.85433289541918	87.53980510569001			3.3565531125065755	18.170769128847184		
HIS	-90	120	5	49	0.10204081632653061	-69.2787809229666	-159.62107359651534			5.724301241969782	17.18801566397741		
HIS	-90	120	17	49	0.3469387755102041	-63.7007524141618	-71.41892377359795			8.524255852117413	14.144566477917		
HIS	-90	150	5	65	0.07692307692307693	58.43404492569427	-81.24342471327776			8.395258491302107	15.901384248593425		
HIS	-90	150	8	65	0.12307692307692308	-175.08596351081053	79.91786784730945			9.305658114516564	16.72968069104206		
HIS	-90	150	14	65	0.2153846153846154	-175.39083521508508	-80.03085759213317			8.359984668077532	8.593823090257295		
HIS	-90	150	10	65	0.15384615384615385	-64.55820941128214	66.01281569328296			6.284996584406727	18.066949812694258		
HIS	-90	150	5	65	0.07692307692307693	-59.58003359306309	162.83689331388314			4.75489523132407	17.494449828879258		
HIS	-90	150	20	65	0.3076923076923077	-67.91248606741195	-82.23594651587375			6.079070174560309	16.961922683782824		
HIS	-60	-60	43	106	0.4056603773584906	179.15469394235487	73.6940545589912			6.396214548825112	10.406524501341051		
HIS	-60	-60	9	106	0.08490566037735849	-173.8929449545125	-166.74930722503058			5.650673276900126	17.335169634002472		
HIS	-60	-60	17	106	0.16037735849056603	-177.04276901323504	-95.49951765441647			6.989894993049712	12.943769255006126		
HIS	-60	-60	10	106	0.09433962264150944	-76.40495706852694	73.08881635555484			7.867857659073326	10.391970516269526		
HIS	-60	-60	11	106	0.10377358490566038	-69.42664884049667	158.24969169493409			4.370778268617739	9.491112154850244		
HIS	-60	-60	15	106	0.14150943396226415	-63.41277242672659	-54.26901643380233			21.724236453497408	25.599056489384676		
HIS	-60	-30	8	357	0.022408963585434174	65.20736122026689	92.61097142354298			5.439446943009025	7.685575948603902		
HIS	-60	-30	33	357	0.09243697478991597	71.26328122964942	-81.74498908287113			6.646181404738241	8.675198683413056		
HIS	-60	-30	67	357	0.1876750700280112	-178.56540828161135	69.32947426174054			7.988615036583094	9.344800348402783		
HIS	-60	-30	17	357	0.047619047619047616	-169.52502454470778	-159.23662115793016			8.246074448109601	26.791803714456197		
HIS	-60	-30	60	357	0.16806722689075632	-175.49841855983112	-94.14716404868517			8.347587480578822	12.85969692654459		
HIS	-60	-30	48	357	0.13445378151260504	-72.30504171345974	87.42062858677363			6.766031702704724	15.428275924369103		
HIS	-60	-30	39	357	0.1092436974789916	-69.53899736077014	157.70701524779508			5.3443970282411355	14.964663816353502		
HIS	-60	-30	82	357	0.22969187675070027	-70.98710588621478	-59.99435066087323			5.933364234149884	14.973000936545505		
HIS	-60	0	6	23	0.2608695652173913	69.27401409375123	-75.46372139560397			8.06320384149483	13.50242756028666		
HIS	-60	0	5	23	0.21739130434782608	-73.03341789845038	62.79976156930994			7.702547303551635	31.47898471273601		
HIS	-60	0	6	23	0.2608695652173913	-77.13736668061628	146.0343144889631			6.768307555133191	21.775643221764618		
HIS	-60	120	13	30	0.43333333333333335	179.3368225301495	79.22268482404434			8.853311839788686	15.284704606223013		
HIS	-60	120	9	30	0.3	-169.7890304327808	-58.94850083320993			6.142548155092724	8.89945747264586		
HIS	-60	120	5	30	0.16666666666666666	-55.6251845930316	-64.51674942681525			13.23214591181565	13.055101289088334		
HIS	-60	150	6	64	0.09375	62.04503727593669	-69.28396623096425			8.986254565146199	12.317562843853322		
HIS	-60	150	5	64	0.078125	-175.6416683523656	88.34424564092622			3.8704807674430475	2.6260441413267337		
HIS	-60	150	28	64	0.4375	-167.31294455599388	-77.09528508231932			4.246262940668853	9.160729291771473		
HIS	-60	150	7	64	0.109375	-69.60787712234031	165.87628084178314			5.42701479199585	25.21461280272307		
HIS	-60	150	13	64	0.203125	-73.38330447845838	-67.17741431471664			6.737829046532206	8.305204649758224		
HIS	-30	-60	5	12	0.4166666666666667	176.6468570097434	64.1385051461163			5.12949157865531	7.631845567733363		
HIS	60	0	5	7	0.7142857142857143	-31.859992019895497	-33.51520223445338			21.428888615552488	24.897742693769384		
HIS	60	30	9	22	0.4090909090909091	-54.41173368386071	107.82875804784145			5.29674804605573	5.217144133649985		
HIS	60	30	8	22	0.36363636363636365	-55.79232340856797	-76.78989049496852			10.187941983672339	11.233722590459633		
HIS	60	60	9	14	0.6428571428571429	-51.14984804743219	-68.62116072631945			5.016630631781001	8.865998727894743		
LEU	-150	-180	8	16	0.5	58.875172432912215	91.34488338548292			11.633605480935964	10.871212467834363		
LEU	-150	120	45	67	0.6716417910447762	177.0971323988761	65.0422887127349			9.19524579761274	5.716512744953303		
LEU	-150	120	10	67	0.14925373134328357	179.33911898644354	157.0252955578295			7.263040033048214	4.016699960022943		
LEU	-150	120	7	67	0.1044776119402985	-67.00860781508615	173.61483368154208			5.062870489921389	6.657581614503687		
LEU	-150	150	9	73	0.1232876712328767	58.13225094406445	76.32190139767735			16.68893531516754	8.917899874091246		
LEU	-150	150	7	73	0.0958904109589041	75.22486326639141	160.41838648029895			2.3544352724790367	14.878571850476598		
LEU	-150	150	13	73	0.1780821917808219	-179.3020795222199	67.02752019445958			13.558038681875422	7.010197776233515		
LEU	-150	150	7	73	0.0958904109589041	-48.35790117592137	92.26288688851898			19.49159484086051	11.664281787923851		
LEU	-150	150	33	73	0.4520547945205479	-67.92402356496063	172.33181544739196			7.949426593369238	7.577613390317147		
LEU	-120	-180	23	32	0.71875	-59.64942894327708	173.634348972714			7.13988196257021	7.617454417208541		
LEU	-120	-60	8	15	0.5333333333333333	-61.98838796020842	-177.87993942260152			4.316251045974678	6.547411238469387		
LEU	-120	-30	5	49	0.10204081632653061	174.24056002036048	68.27988169619482			16.184693915163642	9.21321144386919		
LEU	-120	-30	39	49	0.7959183673469388	-63.49717236686386	178.9036793838743			7.801622063750538	7.160853888112962		
LEU	-120	0	10	79	0.12658227848101267	-84.99549878769521	61.27380436029773			15.284425451332911	22.919585557129462		
LEU	-120	0	65	79	0.8227848101265823	-61.427477823173575	175.44635482561787			6.738259080562313	6.922204010909435		
LEU	-120	30	46	52	0.8846153846153846	-64.55103648734382	176.25206388594682			6.6325360514261344	7.517245175889953		
LEU	-120	60	11	15	0.7333333333333333	-61.77684005553726	170.12453345802888			6.3323207300586875	6.718690290764439		
LEU	-120	90	20	52	0.38461538461538464	-171.71187811176154	63.71241377931737			6.5279591186227925	7.375491092567871		
LEU	-120	90	6	52	0.11538461538461539	-162.99396680879622	-177.02959538268675			12.79130572600086	17.11680456258149		
LEU	-120	90	5	52	0.09615384615384616	-82.20565339171652	70.33286178943384			12.399457566042349	6.755737906076017		
LEU	-120	90	18	52	0.34615384615384615	-56.54719008159951	177.2354119946507			4.286684922130662	6.87257781363659		
LEU	-120	120	158	317	0.49842271293375395	179.4089277719858	63.44657826130893			7.667064957504333	6.067036204906041		
LEU	-120	120	21	317	0.06624605678233439	-166.3598493915825	160.563153106744			10.490842343336682	17.114721387805304		
LEU	-120	120	25	317	0.07886435331230283	-81.42604468750952	59.674962082351236			9.646510962474188	15.26251963606831		
LEU	-120	120	105	317	0.3312302839116719	-62.98273375832428	177.48396422385122			7.871259465006621	7.151695751059973		
LEU	-120	120	5	317	0.015772870662460567	-63.15633141578962	-34.500248001455105			41.0971911963992	26.242926056069457		
LEU	-120	150	6	295	0.020338983050847456	61.47357785398145	66.2868947292289			15.079005165901577	14.129613267242261		
LEU	-120	150	22	295	0.07457627118644068	177.509685448409	69.02567614556861			10.693326091859301	7.4630713452306585		
LEU	-120	150	25	295	0.0847457627118644	-86.1956940238446	50.07721621091103			8.131880321116432	18.4059840056534		
LEU	-120	150	220	295	0.7457627118644068	-59.85242845382226	174.5396904436279			7.230711314792405	6.349683231240868		
LEU	-120	150	15	295	0.05084745762711865	-62.5869166347809	-33.57931591309327			23.009254024611838	19.725457061554		
LEU	-90	-180	30	39	0.7692307692307693	-57.67258506552419	-179.52508094353996			7.822237358786121	10.833716549326718		
LEU	-90	-60	17	68	0.25	-170.64410679507253	62.671345079882094			7.79088246789309	7.549065917188201		
LEU	-90	-60	38	68	0.5588235294117647	-66.7441525971666	178.57580612809815			8.990644226657654	5.975117673572652		
LEU	-90	-60	5	68	0.07352941176470588	-45.791376245801374	-29.76125597930315			28.52315686400655	20.224542887552875		
LEU	-90	-30	5	349	0.014326647564469915	61.17302638998654	78.70364062851687			3.4698003303359335	6.357845804482532		
LEU	-90	-30	46	349	0.1318051575931232	-175.52399335990262	62.72141935211742			11.645684328350269	7.348391536513896		
LEU	-90	-30	11	349	0.03151862464183381	-150.28478007511887	173.2411026923335			15.147720396572213	12.102541586962898		
LEU	-90	-30	33	349	0.09455587392550144	-93.55886994546893	51.98549663611509			12.647396754869403	14.390739891839832		
LEU	-90	-30	228	349	0.6532951289398281	-65.19451176852175	174.19214987503662			6.927691809037254	6.8672301292981315		
LEU	-90	-30	20	349	0.05730659025787966	-66.01426829024051	-22.11282336155646			31.95650680201853	22.408178024999625		
LEU	-90	0	11	272	0.04044117647058824	-154.01091280088417	49.96606764312258			10.984831471130972	14.615988294134928		
LEU	-90	0	21	272	0.07720588235294118	-91.30347150750143	38.48859669595277			9.141770186920581	12.760951641614334		
LEU	-90	0	227	272	0.8345588235294118	-62.82006607971194	175.9884119293205			5.436941012201264	6.765357260747073		
LEU	-90	0	8	272	0.029411764705882353	-58.043107166768124	-35.906670187257035			32.60587185112607	21.4858454555581		
LEU	-90	30	28	35	0.8	-60.758448860254646	178.8343510248366			4.833290259279098	7.285895417089612		
LEU	-90	60	19	27	0.7037037037037037	-59.84433747428765	176.5376854848523			9.392447942710668	5.453518505168633		
LEU	-90	90	17	64	0.265625	-174.21785225163026	58.08804747406274			8.795968320242112	5.136960161993258		
LEU	-90	90	5	64	0.078125	-66.30118145420622	60.80562939797691			12.760820311746658	33.36873389547313		
LEU	-90	90	37	64	0.578125	-61.400453165454486	176.4571732130817			4.758912061398704	6.597062338464602		
LEU	-90	120	135	355	0.38028169014084506	-178.1409449100782	64.97026189921228			7.563434201030999	6.282135984862166		
LEU	-90	120	20	355	0.056338028169014086	-161.03532475258118	-171.14046672319353			10.527999650998623	18.791585523695517		
LEU	-90	120	9	355	0.02535211267605634	-172.47659212160352	-80.51325478966211			7.38329090730447	18.524962579334648		
LEU	-90	120	20	355	0.056338028169014086	-85.4062518733208	59.934569615752444			10.289611339427069	11.872256665303679		
LEU	-90	120	158	355	0.4450704225352113	-63.041493077148345	175.80793183463027			7.835238380459638	6.852303660852192		
LEU	-90	120	9	355	0.02535211267605634	-26.690260364159773	-20.739654526565495			37.15311908089425	27.229082792714255		
LEU	-90	150	16	353	0.0453257790368272	-177.183631080618	66.55615440966125			9.853057701350806	6.9326870038813055		
LEU	-90	150	6	353	0.0169971671388102	-158.59399329367452	-178.69938923127836			14.385277698025192	25.059561269275363		
LEU	-90	150	35	353	0.09915014164305949	-85.68444186313224	55.494410025080946			10.348187097848658	16.027605576679456		
LEU	-90	150	284	353	0.8045325779036827	-62.06377023265628	176.10245694242292			6.395103816732375	6.961889004769896		
LEU	-90	150	9	353	0.025495750708215296	-43.495710965249344	-19.703635964760075			33.40514969417764	20.936647835516087		
LEU	-60	-180	8	12	0.6666666666666666	-66.40262564381213	-173.9067771079006			7.125653763002343	11.365925821384296		
LEU	-60	-120	5	5	1.0	-72.71894905884012	-175.42531445503417			2.9589907199428462	8.001463313708644		
LEU	-60	-60	311	751	0.4141145139813582	-179.5442856501774	59.49237945345206			7.716164311961295	7.387768899343868		
LEU	-60	-60	77	751	0.10252996005326231	-151.08372382479178	-170.2600601732498			14.001241218219505	25.611823039843344		
LEU	-60	-60	15	751	0.019973368841544607	-163.62224927552353	-74.7357624695854			13.504203879250483	19.663622052073936		
LEU	-60	-60	32	751	0.0426098535286285	-97.8550433812923	39.522657511309525			11.224006696123256	13.356487577299719		
LEU	-60	-60	297	751	0.3954727030625832	-72.53824264520303	175.0105301756734			6.9265507811281575	7.479549643128851		
LEU	-60	-60	19	751	0.02529960053262317	-89.79629571419278	-27.78309505528855			22.223204230617434	22.3609609087903		
LEU	-60	-30	6	1996	0.003006012024048096	64.43232906178002	72.29475951918441			12.27369974575711	14.352547776521169		
LEU	-60	-30	510	1996	0.25551102204408815	-177.78820092519294	59.41464824083648			7.391292295871587	6.610892693477388		
LEU	-60	-30	77	1996	0.03857715430861723	-156.40485254120725	178.22167359085077			16.59555591434672	23.831419416467625		
LEU	-60	-30	18	1996	0.009018036072144289	-166.2191026488647	-84.4949168519037			11.044966892592376	17.50470973777815		
LEU	-60	-30	94	1996	0.047094188376753505	-94.26752757329422	41.86865484776508			9.271669482993342	16.52334760678371		
LEU	-60	-30	1235	1996	0.6187374749498998	-69.62852052947765	175.20223714213986			6.121829864758048	7.166952452231248		
LEU	-60	-30	53	1996	0.02655310621242485	-66.14259594195906	-26.935583549920818			39.15975930217465	27.433197640554855		
LEU	-60	0	13	94	0.13829787234042554	-86.38301768829342	48.50337940391756			7.7768835603948565	22.966035396745333		
LEU	-60	0	66	94	0.7021276595744681	-66.27963367284941	176.67294370930477			6.032141674627017	7.6770730621280405		
LEU	-60	0	5	94	0.05319148936170213	-72.12944358620527	-65.1992593655667			13.595001093159333	20.625333481962993		
LEU	-60	30	5	8	0.625	173.32730911669526	51.881315473137384			3.8694948571350753	8.34337384653684		
LEU	-60	90	8	13	0.6153846153846154	175.93831271514279	54.58054425359797			9.54019981744419	5.5223063142899305		
LEU	-60	120	90	173	0.5202312138728323	-176.73078539329316	64.79921335505192			8.452127599093366	5.658367680292489		
LEU	-60	120	7	173	0.04046242774566474	-159.65840216968613	162.5817046687938			6.112559891603852	7.722541562831522		
LEU	-60	120	12	173	0.06936416184971098	-93.83046882250038	64.68583250702228			11.77234974591083	11.471680368825833		
LEU	-60	120	54	173	0.31213872832369943	-68.96394262190911	-179.63837317428263			9.298571589298826	7.314046246542919		
LEU	-60	120	6	173	0.03468208092485549	-29.302940708752928	-12.965231888363254			30.345064897802466	14.687086332939357		
LEU	-60	150	26	225	0.11555555555555555	-179.0713387719434	68.74387904570436			8.182718060519495	6.007508211373597		
LEU	-60	150	18	225	0.08	-88.84768038492057	55.58885074444872			9.504881055996847	16.33275287289402		
LEU	-60	150	167	225	0.7422222222222222	-65.02610263599576	175.65249980543257			6.807400859108194	7.323885295461255		
LEU	-60	150	11	225	0.04888888888888889	-13.39400710716043	-3.9540066426857985			32.84393732937229	10.515162933119694		
LEU	-30	-60	9	26	0.34615384615384615	-153.95800425858235	51.05154661644272			18.887244783397392	13.526132440037093		
LEU	-30	-60	9	26	0.34615384615384615	-72.11790958605359	177.00801171021567			7.428778331712101	7.9395034555373645		
LEU	-30	-30	6	16	0.375	-66.7663793813178	176.30060987252958			9.353886536371533	4.271182452353843		
LEU	60	30	22	29	0.7586206896551724	-58.65327413723984	178.78652160518706			8.234071673570966	9.36641310364431		
LEU	90	0	5	7	0.7142857142857143	-65.9254737520158	-174.37665650298584			11.608022943977355	9.99056569686375		
ILE	-150	-180	13	15	0.8666666666666667	61.01781002665378	178.09946427534177			4.189933782930069	6.938993990504896		
ILE	-150	120	13	51	0.2549019607843137	177.0085909201683	172.16938385809894			6.135931859259532	6.345500610035534		
ILE	-150	120	30	51	0.5882352941176471	-62.55282488023203	177.3977523931567			5.748969753956925	7.2748440550121325		
ILE	-150	150	32	88	0.36363636363636365	60.51728352287068	171.27014494162705			4.9859292314939205	6.093815092047819		
ILE	-150	150	5	88	0.056818181818181816	-171.44731284918657	54.978796190119816			4.372226971678992	10.573321646819688		
ILE	-150	150	32	88	0.36363636363636365	-176.0488232406945	174.04812114789394			6.955559984174947	7.317990358847857		
ILE	-150	150	12	88	0.13636363636363635	-65.95059475627542	178.86617932730212			9.079506050703408	2.8045235087582547		
ILE	-120	-180	30	34	0.8823529411764706	63.95239767285872	172.71743327961389			4.079132278753456	5.7819562130529		
ILE	-120	-60	19	30	0.6333333333333333	-61.98226264490559	169.80844960047452			3.899355058650467	9.01258782572057		
ILE	-120	-60	10	30	0.3333333333333333	-58.538608828053874	-61.39512839770153			6.421255532730748	6.259633692077159		
ILE	-120	-30	8	31	0.25806451612903225	65.6947369883217	174.1442049513701			7.869016932743146	4.805144882185211		
ILE	-120	-30	12	31	0.3870967741935484	-67.63904710202664	168.39923107195202			7.909264149170861	11.099402823166075		
ILE	-120	-30	8	31	0.25806451612903225	-53.01101952188215	-61.66398415451535			12.688827934449803	3.8558871975586735		
ILE	-120	0	33	42	0.7857142857142857	62.13092955717453	170.71156973159927			3.652022020794548	7.440644076817019		
ILE	-120	30	16	17	0.9411764705882353	63.05601669712748	173.40376134618504			7.446972226333029	5.771970055647049		
ILE	-120	90	27	34	0.7941176470588235	-59.51349423169804	169.58115046635254			4.847910672412208	9.593073906023449		
ILE	-120	120	6	473	0.012684989429175475	50.767306268470314	179.23627099443192			11.107690456128246	9.768872313662316		
ILE	-120	120	8	473	0.016913319238900635	-171.93314032302666	170.00192054651956			4.035665348855566	10.804604323820076		
ILE	-120	120	22	473	0.046511627906976744	-61.752526493208705	91.59973272104497			5.923055718517637	9.865311363168017		
ILE	-120	120	359	473	0.758985200845666	-59.979454517895725	172.71628341205627			5.309987563214355	7.07058228638345		
ILE	-120	120	71	473	0.15010570824524314	-55.11438750591754	-63.11374443403319			6.995279399637809	7.147715382960092		
ILE	-120	150	11	217	0.05069124423963134	63.71393106973359	93.68152758074659			7.171741905042881	6.72527390393243		
ILE	-120	150	90	217	0.4147465437788018	62.50537530599745	170.8821388924245			5.6965640469941645	9.126067229715112		
ILE	-120	150	25	217	0.1152073732718894	-173.6550737775886	166.5878442157684			4.677281612987855	4.85450449202247		
ILE	-120	150	8	217	0.03686635944700461	-71.73579923202857	82.40388195544031			18.872593897933356	17.090818080218604		
ILE	-120	150	46	217	0.2119815668202765	-59.66238986270823	173.02805722639124			7.017172708002231	8.871116322784703		
ILE	-120	150	32	217	0.14746543778801843	-57.52326533329724	-62.835156473806585			6.594337741093348	6.7104301667559145		
ILE	-90	-180	10	11	0.9090909090909091	63.79272934720893	171.91046543007866			6.323081034647076	8.273122824582346		
ILE	-90	-60	5	72	0.06944444444444445	-82.84173626074438	69.30840902088018			16.929008688075893	12.348212250530443		
ILE	-90	-60	41	72	0.5694444444444444	-64.0603434498351	173.8195115937868			6.324858201675623	8.989697031717723		
ILE	-90	-60	26	72	0.3611111111111111	-57.13789448743039	-54.95336627328645			8.628191715217397	12.515875613111717		
ILE	-90	-30	9	157	0.05732484076433121	61.82287089170822	94.94498629197946			7.763913076489456	6.04462715808984		
ILE	-90	-30	17	157	0.10828025477707007	65.45888159409768	175.78562869552115			7.760414712767614	9.071231424488724		
ILE	-90	-30	8	157	0.050955414012738856	-164.38572426339104	60.856521365721754			8.931339031396305	9.343133811619694		
ILE	-90	-30	11	157	0.07006369426751592	-168.51387282341207	168.67857429802606			6.673504710951356	6.789215673538731		
ILE	-90	-30	76	157	0.4840764331210191	-64.28117070289842	174.21755878529183			8.108615785553885	8.552393293945606		
ILE	-90	-30	32	157	0.20382165605095542	-57.94486724404619	-60.34417445753421			8.854245114072297	10.648434566145623		
ILE	-90	0	8	65	0.12307692307692308	59.274311808804214	97.72588015100527			7.7503569993382815	12.875821209924242		
ILE	-90	0	44	65	0.676923076923077	65.22199464682095	174.10514763106238			4.778075266866706	9.733668659288833		
ILE	-90	30	6	8	0.75	62.125241882646925	163.43438744161588			4.116615507674354	6.701603313204812		
ILE	-90	90	5	51	0.09803921568627451	-69.2793612806176	87.67125981494543			3.2940618100796524	5.336346600128505		
ILE	-90	90	26	51	0.5098039215686274	-58.64080491904175	177.636683526821			5.829504349269648	7.365017632525933		
ILE	-90	90	20	51	0.39215686274509803	-50.76800792926024	-57.937530463993376			7.253443379848503	9.917809787973052		
ILE	-90	120	7	390	0.017948717948717947	67.05776193710155	167.5867614922307			9.947318629206972	8.877952054305187		
ILE	-90	120	27	390	0.06923076923076923	-74.31809829422644	81.97990059476409			8.018882172850418	9.992510242513502		
ILE	-90	120	239	390	0.6128205128205129	-61.06625692756321	172.4218602966632			5.1592269461424	6.611144394689831		
ILE	-90	120	108	390	0.27692307692307694	-55.56436962347085	-58.51539323933711			5.5492904970581405	9.72476491855576		
ILE	-90	150	22	99	0.2222222222222222	63.867130890250856	170.84456747148718			6.962836157058029	8.534888532539792		
ILE	-90	150	5	99	0.050505050505050504	-174.15221210515728	162.25366388730646			8.373152732350732	5.209907066306222		
ILE	-90	150	7	99	0.0707070707070707	-66.60611975225531	84.00568461447266			8.380261889039685	13.696170885666678		
ILE	-90	150	33	99	0.3333333333333333	-63.45035416732995	174.44460685509895			5.66314765714532	7.519946711095192		
ILE	-90	150	28	99	0.2828282828282828	-53.63789338566416	-60.51131319753905			6.499260380456653	8.93641607950482		
ILE	-60	-60	7	526	0.013307984790874524	-73.26834522650081	81.37896166905645			10.096710650340523	14.938447923293111		
ILE	-60	-60	402	526	0.7642585551330798	-67.57204478404879	171.64530638354532			4.551159534405899	7.283092356417188		
ILE	-60	-60	110	526	0.20912547528517111	-60.690296528314015	-63.20989606075447			6.103578035537447	9.038363584602207		
ILE	-60	-30	18	882	0.02040816326530612	60.96842407930709	95.20678778208368			12.577838979500555	9.865355520171533		
ILE	-60	-30	30	882	0.034013605442176874	65.17029926345806	173.6078704758013			8.621006523646608	6.797307887600532		
ILE	-60	-30	58	882	0.06575963718820861	-168.28728648747418	64.30156456390787			6.083453466451905	6.939949382421412		
ILE	-60	-30	49	882	0.05555555555555555	-170.05452850799995	170.6477629104023			7.619217961203409	10.084207507727024		
ILE	-60	-30	28	882	0.031746031746031744	-74.7625734132521	78.25993713816045			11.096050566549518	15.005606655369201		
ILE	-60	-30	544	882	0.6167800453514739	-66.47715488150824	172.94623120321444			5.46568383649372	7.469501295488729		
ILE	-60	-30	153	882	0.17346938775510204	-61.23396724404085	-60.60452516521795			7.754319221680973	9.431704855107434		
ILE	-60	0	15	33	0.45454545454545453	66.92538179470516	171.95955718077633			4.7228969274841965	5.738706908619209		
ILE	-60	90	6	8	0.75	-55.95855840822022	-179.02070364038838			4.572132033148875	7.897500061077389		
ILE	-60	120	7	115	0.06086956521739131	-73.3085601408352	76.63296889735624			8.744860277549252	9.2371594220326		
ILE	-60	120	79	115	0.6869565217391305	-62.66841919091753	174.92045673509912			5.91120787179424	7.898381319141048		
ILE	-60	120	19	115	0.16521739130434782	-56.024294641147094	-61.795358622608774			6.232685174127335	6.8381202196214925		
ILE	-60	150	19	88	0.2159090909090909	63.15943340647475	174.39921253831827			5.420591432021019	6.518207150155656		
ILE	-60	150	18	88	0.20454545454545456	-165.35831865748148	173.46834453590927			4.408486333331578	9.027252479901174		
ILE	-60	150	26	88	0.29545454545454547	-61.28621991788665	177.85821687194615			5.527507310278383	7.993648781434997		
ILE	-60	150	17	88	0.19318181818181818	-56.04843908653932	-59.828895642355064			12.760486450440983	14.66839368357488		
ILE	-30	-60	5	11	0.45454545454545453	-63.2941800296647	-173.33562891248908			11.691688158578955	10.350670049355667		
ILE	-30	-30	5	6	0.8333333333333334	-57.51303956433217	179.19636649712487			2.2644593819464323	4.120013483774779		
PHE	-180	-180	5	8	0.625	66.18379035853675	-80.49712886710331			7.358807252997446	7.583177981671443		
PHE	-180	150	7	17	0.4117647058823529	64.81003081195736	79.75168978035283			8.01924507223194	3.075841635685834		
PHE	-180	150	7	17	0.4117647058823529	59.359133073350094	-82.75943475715201			2.8907066974645703	4.3680339048705035		
PHE	-150	-180	19	50	0.38	60.22970528410899	82.60430853268768			3.872155833104093	5.947938539484928		
PHE	-150	-180	27	50	0.54	64.03999033650913	-78.27750176114414			5.108697551858915	4.4637294967320535		
PHE	-150	120	24	41	0.5853658536585366	-177.34997571029425	70.28270218793853			7.865325055570011	9.748095744117872		
PHE	-150	120	6	41	0.14634146341463414	-60.13335386700185	81.5194212568076			6.422787887425822	3.56224839950327		
PHE	-150	120	5	41	0.12195121951219512	-71.38852694780026	-73.62828220877309			10.832737224042498	9.288331728499507		
PHE	-150	150	39	141	0.2765957446808511	60.59630391733718	83.57020777025873			8.145608696114072	3.6198243819318563		
PHE	-150	150	54	141	0.3829787234042553	62.46572713804775	-84.09039285756977			4.498723668231363	3.7166992606833236		
PHE	-150	150	11	141	0.07801418439716312	-171.58007781323462	74.58704095481244			6.51472301050733	7.973192150561356		
PHE	-150	150	11	141	0.07801418439716312	-58.44852925758837	83.00186313370007			5.446188517916544	3.7434031557904897		
PHE	-150	150	26	141	0.18439716312056736	-61.47313972332266	-81.10673507760593			6.8393284358485955	6.095611750425296		
PHE	-120	-180	7	28	0.25	56.653317917865174	-82.62138242401831			7.721960052876754	5.473204205927613		
PHE	-120	-180	9	28	0.32142857142857145	-60.1804742011024	83.0862541972874			5.020805508718617	3.838463513197481		
PHE	-120	-180	9	28	0.32142857142857145	-62.3636748194732	-82.23228655771265			6.5003108943355015	5.035194850295096		
PHE	-120	-30	5	42	0.11904761904761904	-60.076397993097835	89.2863835581801			6.773934393747759	1.2476643856495173		
PHE	-120	-30	29	42	0.6904761904761905	-59.83828133573966	-63.54223817921446			6.56850016290017	11.618792138599662		
PHE	-120	0	13	66	0.19696969696969696	-60.07774606571444	82.63146002168135			7.896393217906573	5.1184378069667575		
PHE	-120	0	48	66	0.7272727272727273	-60.15457149451718	-72.39460190533157			6.608379166896432	8.910237665295528		
PHE	-120	30	8	48	0.16666666666666666	-69.79387391978713	72.62620854002236			11.356336677282652	12.777863561697638		
PHE	-120	30	37	48	0.7708333333333334	-56.88378728212659	-72.62132526612267			6.590091227397962	9.370044969051433		
PHE	-120	60	19	22	0.8636363636363636	-58.616027932523096	-75.60465960690625			6.108465053721356	9.730847736171299		
PHE	-120	90	6	36	0.16666666666666666	-177.3009472021557	64.85294701753655			10.844210881749737	15.076815189922659		
PHE	-120	90	9	36	0.25	-65.6300886618243	82.03525279417232			9.885012550337974	4.970089901734356		
PHE	-120	90	19	36	0.5277777777777778	-56.34141811629726	-74.10165750970667			4.884534904240672	8.818965862822635		
PHE	-120	120	28	118	0.23728813559322035	-179.75299252426598	63.28568923625806			6.900555759512348	12.536092668685505		
PHE	-120	120	5	118	0.0423728813559322	-157.06795520663235	-73.68263064527484			7.052905264639014	3.6522760580514917		
PHE	-120	120	40	118	0.3389830508474576	-66.47276103402412	79.96283729170571			6.907380141976256	5.865189553361868		
PHE	-120	120	45	118	0.3813559322033898	-65.24654043936472	-76.73171909868238			8.884247554347448	10.752720761911798		
PHE	-120	150	7	161	0.043478260869565216	61.280514881392314	83.5096348074405			6.5416893144193855	5.915901774278587		
PHE	-120	150	7	161	0.043478260869565216	-176.91268656994714	72.283302518155			6.825484077204892	11.855186333504708		
PHE	-120	150	67	161	0.4161490683229814	-63.184736169082406	82.77081884996178			5.810978220176005	4.64653777493561		
PHE	-120	150	78	161	0.484472049689441	-64.43611851055805	-76.82330692018918			6.976062754094708	9.153965602465481		
PHE	-90	-180	5	17	0.29411764705882354	-64.00727515939383	81.4687114643777			2.734326044329634	7.70041543263272		
PHE	-90	-180	6	17	0.35294117647058826	-67.52680331719618	-83.50104203875729			14.481510447418852	8.718553856117566		
PHE	-90	-60	20	37	0.5405405405405406	-175.9681055721677	71.06878975611592			7.163586352323553	10.552134864474468		
PHE	-90	-60	6	37	0.16216216216216217	-62.017651191725385	75.31192755999732			10.89686980407041	26.00408196283947		
PHE	-90	-60	8	37	0.21621621621621623	-70.11791791503032	-63.45237569289278			7.3822001022843144	20.180243079355744		
PHE	-90	-30	21	113	0.18584070796460178	179.8620401388362	74.42858588312829			6.795665212400552	7.809073126296025		
PHE	-90	-30	24	113	0.21238938053097345	-71.82053744534757	79.60414707829214			5.359783845426262	7.490509804409853		
PHE	-90	-30	62	113	0.5486725663716814	-69.48734250274072	-68.82508986265701			7.8166854217692165	10.43397502653524		
PHE	-90	0	7	125	0.056	50.96813848438935	77.77000220140516			4.7401849110817835	4.258929467900519		
PHE	-90	0	27	125	0.216	-70.97228573906608	80.42603319981144			6.173189332615263	6.224746253462382		
PHE	-90	0	88	125	0.704	-64.72829605256574	-65.66027391260768			6.233672600039917	14.871230119549892		
PHE	-90	30	7	11	0.6363636363636364	-56.72693231654524	-72.28732949898051			8.857983810850524	13.293518826950155		
PHE	-90	60	11	14	0.7857142857142857	-61.87831469312293	-72.01103308061842			5.782234498146814	10.192499702266927		
PHE	-90	90	7	13	0.5384615384615384	-68.57876819593571	-79.5155179433622			6.930031942635831	7.396520103480684		
PHE	-90	120	41	148	0.27702702702702703	-178.2977150205693	73.06978772688821			7.7708793073861555	7.570968593271528		
PHE	-90	120	11	148	0.07432432432432433	-169.63577277735374	-82.95296817968836			3.633562112345067	5.5617753517577455		
PHE	-90	120	37	148	0.25	-70.1491438405338	79.11469362779			5.829398354881917	9.927484370988708		
PHE	-90	120	58	148	0.3918918918918919	-68.25649107610467	-76.1839134463334			8.369404776373464	9.773126768393258		
PHE	-90	150	13	141	0.09219858156028368	-173.53619701290606	77.01478446129799			9.706924205758689	6.71062637858631		
PHE	-90	150	47	141	0.3333333333333333	-74.05723899100761	76.0222447290126			7.505848819269806	10.596992096655896		
PHE	-90	150	77	141	0.5460992907801419	-70.06090285583646	-68.9699583010758			6.369042763927271	13.354668556103933		
PHE	-60	-60	240	343	0.6997084548104956	177.82891306050976	72.70292429255821			6.1345021995149605	8.861193992144969		
PHE	-60	-60	45	343	0.13119533527696792	-175.30515363570973	-81.9497312081001			7.073643544916164	6.321160829607632		
PHE	-60	-60	14	343	0.04081632653061224	-82.58761862764607	69.17034883551078			6.513809783868854	18.66000321374304		
PHE	-60	-60	44	343	0.1282798833819242	-69.91156125774418	-42.47937516622089			8.421712274881465	22.40902153751558		
PHE	-60	-30	13	510	0.025490196078431372	68.05853470023925	83.76312250543276			9.765464243482834	2.883610451515352		
PHE	-60	-30	14	510	0.027450980392156862	72.43659447730884	-79.84875544017166			8.087844409530392	5.362362098734345		
PHE	-60	-30	218	510	0.42745098039215684	-179.93051215976993	71.89003409100916			8.138204216947011	9.692225455699637		
PHE	-60	-30	25	510	0.049019607843137254	-174.20335617464056	-82.91840814111478			7.793677678326658	6.4292105643510045		
PHE	-60	-30	48	510	0.09411764705882353	-78.58149513919227	70.47790823403858			7.062477626448217	15.925906255290032		
PHE	-60	-30	192	510	0.3764705882352941	-69.74983716992956	-56.27748070555003			8.108090759919705	21.187859622037145		
PHE	-60	0	11	35	0.3142857142857143	-72.96122967701838	80.83877978959			7.050042742011768	6.652800024281664		
PHE	-60	0	15	35	0.42857142857142855	-71.42728582030189	-63.78877011387549			5.204261917930894	18.996556326011465		
PHE	-60	30	8	11	0.7272727272727273	-177.8713935691699	74.09055780750073			5.187030183327074	8.153170789288625		
PHE	-60	120	33	62	0.532258064516129	179.3432155142586	74.98115899236936			4.787205763086022	6.1319183278771545		
PHE	-60	120	5	62	0.08064516129032258	-164.617762221661	-82.90864670670712			13.001282788593953	3.230564170189834		
PHE	-60	120	21	62	0.3387096774193548	-69.07472456929493	-57.17055699662629			5.356068274397109	16.46681374859686		
PHE	-60	150	32	100	0.32	-176.8167219820427	73.35662043703678			5.251949628625902	9.739854537401115		
PHE	-60	150	21	100	0.21	-80.84190348573469	68.34043445194045			4.309873149252686	16.45220470712714		
PHE	-60	150	40	100	0.4	-68.48554163897441	-58.98559226160927			6.752404096437767	17.939224861017077		
PHE	-30	-60	7	8	0.875	-179.3893700337941	76.81111756288884			4.948564219182878	10.412820666748765		
PHE	60	0	6	7	0.8571428571428571	-51.76075602956858	-72.79230393665168			2.6282888696842805	8.490023820848206		
PHE	60	30	6	21	0.2857142857142857	-71.59425795487095	77.60190126728199			8.84095034289603	14.381326783610032		
PHE	60	30	14	21	0.6666666666666666	-60.423161781852464	-73.01898421621371			11.234726412127344	13.669829058228748		
PHE	60	60	6	16	0.375	-67.65504778359852	72.4293598305132			14.556192019832487	11.344831979667696		
PHE	60	60	10	16	0.625	-58.27756005404833	-70.68272228825947			9.930193794021646	10.693286750508722		
PRO	-90	-180	72	75	0.96	32.91053661503717	-35.90601669804279			3.5189750612364987	3.8235270626706925		
PRO	-90	-30	26	33	0.7878787878787878	31.33090763375191	-34.78977579704654			3.0837395873751254	4.163873731757679		
PRO	-90	0	5	74	0.06756756756756757	5.523068225025115	10.464539447924887			3.616151443229409	6.883461373037112		
PRO	-90	0	59	74	0.7972972972972973	34.43521043428015	-36.33039142420435			2.8297231840276007	4.5427391479112345		
PRO	-90	0	9	74	0.12162162162162163	-13.713274640143926	31.233724444379977			7.9581980248493975	6.915307837862902		
PRO	-90	30	17	18	0.9444444444444444	33.958830177709174	-35.054137599635304			3.101614732187521	4.050011683940151		
PRO	-90	60	25	29	0.8620689655172413	32.77118450620756	-36.12378793774025			2.9737325010448794	5.0806680938593916		
PRO	-90	90	8	12	0.6666666666666666	29.683462617888946	-31.861561428403373			3.994896666846225	6.737103290888728		
PRO	-90	120	28	38	0.7368421052631579	31.467125742145942	-34.65159051037556			6.136552351521401	8.34290759367084		
PRO	-90	120	9	38	0.23684210526315788	-15.146050243094722	33.114113815546794			9.217147555982262	8.023828621539005		
PRO	-90	150	6	185	0.032432432432432434	5.016869235912904	11.610963551609611			2.5949178120137697	4.335143139925347		
PRO	-90	150	167	185	0.9027027027027027	31.638094377181407	-35.77800052740775			3.560971233143254	4.901057621455303		
PRO	-90	150	12	185	0.06486486486486487	-17.096475917983096	36.18244946718629			4.8949743144186515	3.7458661496369032		
PRO	-60	-180	42	83	0.5060240963855421	28.272766774384873	-36.73154956555159			4.717452362848282	4.952139991431851		
PRO	-60	-180	40	83	0.4819277108433735	-22.207913203637702	34.45112575173971			5.284087262948522	4.210038502620309		
PRO	-60	-60	16	122	0.13114754098360656	20.986450201932914	-34.347250373262334			6.240977940059377	4.656986753393385		
PRO	-60	-60	104	122	0.8524590163934426	-29.623975439583095	39.39703167729949			3.0152688950525772	3.842789075462662		
PRO	-60	-30	241	782	0.30818414322250637	23.05662852113376	-34.60497955286018			4.4641477624087536	4.265948243857046		
PRO	-60	-30	537	782	0.6867007672634271	-26.293104577988466	36.53798577653841			4.422678258029884	4.126261765538008		
PRO	-60	0	70	110	0.6363636363636364	27.68494282970313	-37.25800615232301			3.8873197855269197	4.2056193426331685		
PRO	-60	0	39	110	0.35454545454545455	-21.36015316526001	35.96842654222937			5.979729002543154	4.814646749285729		
PRO	-60	30	6	11	0.5454545454545454	26.62018456449939	-39.14362343414769			5.173361837135449	4.397668003737448		
PRO	-60	30	5	11	0.45454545454545453	-19.828814118858855	34.75938372857006			3.579229832332034	3.7803780142991306		
PRO	-60	60	7	13	0.5384615384615384	28.81204115664925	-39.827916688379645			5.705883388039638	4.751786313190323		
PRO	-60	60	6	13	0.46153846153846156	-23.58963698726099	36.121245423736035			6.02548836854298	5.293989544957704		
PRO	-60	90	6	13	0.46153846153846156	26.958854256100278	-35.88077015954687			3.852778786522015	4.757945452098083		
PRO	-60	90	7	13	0.5384615384615384	-28.181497552178204	35.72409039050781			2.1039187924655978	1.3977441398870778		
PRO	-60	120	82	295	0.27796610169491526	24.100610128475196	-34.96585417187638			4.1865784039558385	4.780936651021048		
PRO	-60	120	209	295	0.7084745762711865	-26.512064192593666	36.73376683145191			4.7348303133277305	4.8334815818478285		
PRO	-60	150	407	963	0.4226375908618899	25.436632518843858	-34.95427458151967			4.743472146031242	4.621139594647436		
PRO	-60	150	550	963	0.5711318795430945	-24.24925359432811	35.353253055911026			4.887499809382283	4.555196631822952		
PRO	-30	-60	38	41	0.926829268292683	-33.81567516362061	37.94994496563288			3.2916620379827863	7.0461784715134135		
PRO	-30	-30	19	21	0.9047619047619048	-34.841530863711405	41.31115833179373			2.7736790154610094	4.698921486041225		
PRO	-30	120	8	14	0.5714285714285714	-34.37048837090124	39.307056851336796			1.7282639482323439	5.532997709643937		
PRO	-30	150	10	11	0.9090909090909091	-34.58450369000008	41.04861807578031			2.4921964880973277	4.771871374454383		
TRP	-150	-180	8	11	0.7272727272727273	63.39021016467802	-71.31847430950161			9.108484347026263	24.74511691543834		
TRP	-150	150	11	30	0.36666666666666664	59.7806859795753	-85.98900860007012			12.510798285753172	6.847235183951733		
TRP	-150	150	6	30	0.2	176.52673591116377	87.79289297234729			3.2823517903126094	5.62252881968827		
TRP	-120	-180	5	7	0.7142857142857143	-65.77494551530602	71.43154668774015			7.981037181562887	12.991967836560091		
TRP	-120	-30	5	8	0.625	-69.76247371051751	100.81729140687568			6.071372236545944	6.981155546698799		
TRP	-120	0	8	14	0.5714285714285714	-59.09186506734852	-75.83529138465022			5.024699304619881	12.996364633924864		
TRP	-120	120	16	28	0.5714285714285714	-67.73647355062155	77.35443224655486			10.673507145223523	18.343692754926998		
TRP	-120	120	8	28	0.2857142857142857	-66.79673242122733	-85.46621386543151			7.106436049672059	7.029896607852271		
TRP	-120	150	29	46	0.6304347826086957	-67.02702260117793	81.59061612044184			6.78901597218581	8.358856255046557		
TRP	-120	150	10	46	0.21739130434782608	-70.78804154633144	-78.3882994962434			4.974988597659889	24.96716869266565		
TRP	-90	-30	15	32	0.46875	-68.6223436483021	96.28846261721792			7.05380124092759	10.965952283765205		
TRP	-90	-30	10	32	0.3125	-83.27263337128201	-71.58791732230127			10.284134045804054	34.2052707322245		
TRP	-90	0	8	36	0.2222222222222222	60.42319213360735	84.52843180548403			6.661499553752403	5.589746414130316		
TRP	-90	0	6	36	0.16666666666666666	58.040696310939914	-87.13076558396354			7.987635639411552	9.610104571156223		
TRP	-90	0	14	36	0.3888888888888889	-66.26172596654054	101.83891977262391			6.938559677689468	8.550027366789362		
TRP	-90	0	8	36	0.2222222222222222	-67.90656043484647	-23.288973137457212			6.502124893592634	15.020724204415545		
TRP	-90	120	6	35	0.17142857142857143	-176.89238390833037	72.02716903132587			9.132079402461729	13.911058246962542		
TRP	-90	120	7	35	0.2	-171.45308737899649	-93.47150112308532			5.8751262088037794	23.31125882789452		
TRP	-90	120	18	35	0.5142857142857142	-68.3483936606881	96.28230230732741			6.157750526342437	9.07907805989276		
TRP	-90	150	31	46	0.6739130434782609	-65.8128618584025	90.99017866665213			8.237256614937692	13.175905745348425		
TRP	-90	150	5	46	0.10869565217391304	-72.16555635685036	-68.50259478938463			9.500524346824127	29.275137437980476		
TRP	-60	-60	67	109	0.6146788990825688	179.98208951255728	79.14909051812614			7.359826225099482	8.928881255300528		
TRP	-60	-60	25	109	0.22935779816513763	179.44169299833518	-94.36879657404644			7.957629000335656	16.72668150751142		
TRP	-60	-60	9	109	0.08256880733944955	-75.44529408002984	102.93714262039173			15.221355443831717	21.00221813900314		
TRP	-60	-60	6	109	0.05504587155963303	-59.606373105208846	-18.672838082493374			6.57391880774693	17.557052371788092		
TRP	-60	-30	32	222	0.14414414414414414	65.4099801318797	-94.19038128231271			5.9222573788253445	5.559528162880877		
TRP	-60	-30	38	222	0.17117117117117117	178.63478124950683	83.99375527824698			6.630119941049484	8.08149560128101		
TRP	-60	-30	15	222	0.06756756756756757	-178.08488317631637	-127.16933903870402			7.854724803116353	3.4335681968724074		
TRP	-60	-30	31	222	0.13963963963963963	177.28880312749268	-98.80913637909352			6.777698856961219	11.194409395410272		
TRP	-60	-30	70	222	0.3153153153153153	-75.76427486155652	100.56193912339224			7.567282708787765	16.768847345171057		
TRP	-60	-30	9	222	0.04054054054054054	-62.305648185438166	127.50703354212749			9.215366485518082	6.681241082417862		
TRP	-60	-30	27	222	0.12162162162162163	-69.81239075483866	-14.571348518207392			10.38981959731939	9.0559311878304		
TRP	-60	120	7	22	0.3181818181818182	-177.64694832633828	85.01847805022781			6.163489542681031	3.4348265386454684		
TRP	-60	120	7	22	0.3181818181818182	-172.0995109523331	-95.7770238108963			5.175776584624333	7.460150798466027		
TRP	-60	120	7	22	0.3181818181818182	-75.01104065520202	100.8485371596078			4.613487150356204	8.378811099340519		
TRP	-60	150	9	24	0.375	-162.15751457096414	-92.86034876099649			8.824822302709515	10.84107158516866		
TRP	-60	150	11	24	0.4583333333333333	-68.69568354075851	67.71749358356767			5.423591129596816	37.375581075723474		
TYR	-180	-180	5	8	0.625	53.9087146355674	71.39325198071111			18.38392840437566	11.548750417829421		
TYR	-180	150	5	14	0.35714285714285715	64.90321104421047	83.63471078912019			9.126112806963778	3.658875001989402		
TYR	-150	-180	14	43	0.32558139534883723	57.21913511780334	78.79260012959469			5.98778803187105	5.92986894529807		
TYR	-150	-180	23	43	0.5348837209302325	63.43360697260913	-81.15034253047216			5.703232443044738	7.291361398426903		
TYR	-150	120	16	35	0.45714285714285713	178.7881235829791	71.52653499775528			6.96794592281033	9.666673204827772		
TYR	-150	120	8	35	0.22857142857142856	-56.898733065334206	-76.25623377732745			10.552307149266518	4.392514586446061		
TYR	-150	150	28	103	0.27184466019417475	64.7814154458329	83.99679216755152			6.46626274591807	3.825450345897211		
TYR	-150	150	33	103	0.32038834951456313	66.4738033941317	-81.71719482712832			8.133305212017712	4.668356963145443		
TYR	-150	150	10	103	0.0970873786407767	173.51955633587514	76.93446452269869			10.734230513139927	9.226198390650575		
TYR	-150	150	17	103	0.1650485436893204	-58.81474757942803	81.81934331481197			4.813596902863619	4.227958478939983		
TYR	-150	150	12	103	0.11650485436893204	-57.57067656599656	-80.2448121692271			12.47049243676057	11.677172210582636		
TYR	-120	-180	7	16	0.4375	-60.568077913660304	78.26951408359366			3.906132744274357	6.547725900904328		
TYR	-120	-180	8	16	0.5	-64.36655914199092	-65.98104479189963			5.424963636738961	13.752288234408864		
TYR	-120	-30	23	30	0.7666666666666667	-60.64762141679869	-66.44774873950236			9.798143845778966	14.094618296253522		
TYR	-120	0	12	55	0.21818181818181817	-67.45174412545848	82.71970238159919			7.028897738265512	4.9137700594375655		
TYR	-120	0	39	55	0.7090909090909091	-59.06292406020767	-74.82190905269105			7.341638660674697	9.792971486603758		
TYR	-120	30	9	47	0.19148936170212766	-60.10116912901547	85.7535651186301			13.88138921083161	3.3816261061267494		
TYR	-120	30	35	47	0.7446808510638298	-58.812633126884116	-75.42174223603664			6.24797349204243	7.93659746008291		
TYR	-120	60	19	22	0.8636363636363636	-53.245654536618574	-68.67109489791993			4.707025223742334	4.956280443045072		
TYR	-120	90	9	17	0.5294117647058824	-49.401219964974366	-71.98940223669737			7.721724291147344	5.132810863144709		
TYR	-120	120	28	96	0.2916666666666667	177.50983837214332	72.43806047718141			6.260596264234786	9.99308198204049		
TYR	-120	120	7	96	0.07291666666666667	-175.7180706642026	-64.23223812241609			5.5128670771977175	20.078675906539534		
TYR	-120	120	38	96	0.3958333333333333	-63.02787345285998	80.76301794399765			6.764567533337449	6.864851514916426		
TYR	-120	120	23	96	0.23958333333333334	-63.132852765733965	-76.35829483254678			5.8003775431317175	7.84333332929451		
TYR	-120	150	9	197	0.04568527918781726	62.124913651806914	84.80406239031853			6.353705787000547	2.7867954510095667		
TYR	-120	150	10	197	0.050761421319796954	61.4510115181237	-84.61251681162085			6.557433381346398	3.3432269958733807		
TYR	-120	150	6	197	0.030456852791878174	-178.86720721598698	80.20524592910552			1.2738017858086856	5.032230142649958		
TYR	-120	150	66	197	0.3350253807106599	-64.74662894265684	81.11731216841171			7.81068320225369	5.483300360038612		
TYR	-120	150	103	197	0.5228426395939086	-63.21443202587625	-77.58122469391527			7.446623371010167	9.328442287966078		
TYR	-90	-180	5	13	0.38461538461538464	-57.410634873843065	-68.15809691551638			9.304813321607316	8.61929408070738		
TYR	-90	-60	12	29	0.41379310344827586	176.96020049013083	68.65606921324503			9.179760072343388	7.857827414978818		
TYR	-90	-60	5	29	0.1724137931034483	-76.1165059681454	74.94696647413757			5.497362514158658	19.117310971042897		
TYR	-90	-60	9	29	0.3103448275862069	-71.92033970941442	-71.78734000568384			11.272474653226325	9.102301539184273		
TYR	-90	-30	10	97	0.10309278350515463	174.94656051600182	68.65765325431157			8.252054176233452	8.214829317744273		
TYR	-90	-30	7	97	0.07216494845360824	-177.51957598755993	-83.02163335665631			7.785451607151238	6.895106797081039		
TYR	-90	-30	14	97	0.14432989690721648	-72.66891421878273	79.17916984546528			7.0361782634055245	7.217114916867845		
TYR	-90	-30	62	97	0.6391752577319587	-68.14414926934461	-67.32555971844147			9.118730224177028	11.854560814744245		
TYR	-90	0	7	103	0.06796116504854369	59.627577020494876	76.5136600516015			10.191360757328589	6.071294122596346		
TYR	-90	0	25	103	0.24271844660194175	-68.08510790120337	82.40843778796523			4.191325883098778	6.849545787811353		
TYR	-90	0	65	103	0.6310679611650486	-64.03706946311004	-73.08502217015749			8.480512040741608	9.70479339076659		
TYR	-90	30	5	13	0.38461538461538464	-63.50129890214057	79.4184693447998			5.247526859340408	2.9727589836899404		
TYR	-90	30	8	13	0.6153846153846154	-62.46223090499644	-79.14028581547939			4.674374972915849	8.61737467933977		
TYR	-90	60	5	7	0.7142857142857143	-58.02218580357937	-60.830714014254845			4.383120524990669	19.636081773322992		
TYR	-90	90	5	19	0.2631578947368421	-172.99884147662104	59.59214800842487			7.148128826872094	10.354716297469745		
TYR	-90	90	9	19	0.47368421052631576	-64.2037068773451	-72.23543236039463			9.050912899957948	16.522839461330715		
TYR	-90	120	33	83	0.39759036144578314	-179.61163270528814	69.3401443672473			9.099563486460509	9.747962174695859		
TYR	-90	120	8	83	0.0963855421686747	-169.61686773430438	-80.70685826991016			5.3022697077114636	2.664942542729105		
TYR	-90	120	23	83	0.27710843373493976	-71.78859971513	78.8008504927335			6.79933376605365	9.00587733517589		
TYR	-90	120	19	83	0.2289156626506024	-71.42610595780053	-71.96627752773794			7.878575287998439	13.136458505737814		
TYR	-90	150	5	108	0.046296296296296294	62.875348110738145	85.1966525174811			4.224057831730146	1.7960093135862187		
TYR	-90	150	15	108	0.1388888888888889	-171.9895561591817	76.98448123688996			7.0122838721334055	7.2452136026365626		
TYR	-90	150	30	108	0.2777777777777778	-68.77288632573119	82.07395991307895			7.187165863804319	4.386896472242621		
TYR	-90	150	51	108	0.4722222222222222	-65.37135772467693	-71.21824698225448			8.369743361394482	12.61771721625509		
TYR	-60	-60	250	367	0.6811989100817438	178.9198568182707	75.57107656400483			6.958370081167871	7.9212183636311355		
TYR	-60	-60	59	367	0.16076294277929154	-178.38332067270153	-82.47767174646408			5.92290542023353	5.442940236436597		
TYR	-60	-60	18	367	0.04904632152588556	-81.95097130894658	68.59500709984898			10.005828447743824	15.367691043265514		
TYR	-60	-60	39	367	0.10626702997275204	-72.72934151119021	-53.42708638221691			11.334324844064986	19.38644595437058		
TYR	-60	-30	15	500	0.03	67.50835690554334	79.98942429780429			8.495025715487344	7.311070519101646		
TYR	-60	-30	17	500	0.034	73.50723172899612	-82.0925653966232			4.170142914128647	6.5233699600410455		
TYR	-60	-30	204	500	0.408	179.9148999551073	74.4350237537347			7.356453579926015	8.439493877073103		
TYR	-60	-30	43	500	0.086	-177.0352109871674	-84.23935201251922			7.885641553408498	2.6860307887083694		
TYR	-60	-30	44	500	0.088	-78.6777674286332	63.89475896147504			7.584039685894168	23.67812379299368		
TYR	-60	-30	177	500	0.354	-70.49133538230902	-49.2252937118103			9.686515207437422	21.12053975623167		
TYR	-60	0	12	28	0.42857142857142855	65.66211619917412	78.73473296159109			4.108948152512524	7.640902085962721		
TYR	-60	0	10	28	0.35714285714285715	-67.09245985141902	-38.749950430493925			14.945023383816558	28.496164047778034		
TYR	-60	30	8	11	0.7272727272727273	-167.21491515961122	65.42316057055103			4.889165551907637	3.9669888290836375		
TYR	-60	120	40	49	0.8163265306122449	179.33216237423656	70.85699643805206			4.758697699413551	8.474479166993294		
TYR	-60	120	6	49	0.12244897959183673	-70.74856300797374	-65.50578831954644			13.126176805122675	10.00964511747742		
TYR	-60	150	17	61	0.2786885245901639	-173.88559369221824	77.56765796245114			5.776137296199549	10.065061915856447		
TYR	-60	150	14	61	0.22950819672131148	-74.85596423894917	78.52486465163116			12.665353252127758	7.323845219919098		
TYR	-60	150	29	61	0.47540983606557374	-70.57433703532139	-70.22470841725874			8.100765255360596	9.550655779009682		
TYR	-30	-60	6	14	0.42857142857142855	-176.27773917429448	68.9505310937276			9.118074010827964	13.68339628410937		
TYR	60	30	6	17	0.35294117647058826	-74.18619641855588	78.90632515677639			2.2645134098543234	4.779408769044372		
TYR	60	30	10	17	0.5882352941176471	-55.309585867182335	-72.6331484977438			6.258550337626235	10.727899892729923		
TYR	60	60	6	9	0.6666666666666666	-59.15572173532605	-68.22248051730539			8.572813857547928	14.562633616324074		
CYS	-180	-180	6	7	0.8571428571428571	66.11827189253678				1.3628231234835924			
CYS	-180	150	8	9	0.8888888888888888	75.4536714825803				3.1696178876803667			
CYS	-150	-180	22	25	0.88	63.21626583279682				5.085203433703586			
CYS	-150	120	23	24	0.9583333333333334	-178.1613083745721				7.5190265294519			
CYS	-150	150	28	42	0.6666666666666666	63.14475713809929				6.684921848781798			
CYS	-150	150	8	42	0.19047619047619047	-177.07445760823316				5.4896003794907875			
CYS	-150	150	6	42	0.14285714285714285	-48.408222280113094				23.760640879014915			
CYS	-120	-180	5	9	0.5555555555555556	60.15513213940783				12.542402727894427			
CYS	-120	-30	6	8	0.75	-60.063951778532896				0.7562429759111151			
CYS	-120	0	11	14	0.7857142857142857	71.95335296632935				7.680303981791103			
CYS	-120	30	7	11	0.6363636363636364	-67.57261184899028				9.38884379985173			
CYS	-120	120	21	41	0.5121951219512195	-177.07567647557113				7.106786995361421			
CYS	-120	120	20	41	0.4878048780487805	-60.144965243701705				4.7837606832100406			
CYS	-120	150	8	51	0.1568627450980392	68.80307205484851				9.653452743419459			
CYS	-120	150	11	51	0.21568627450980393	176.70813764705773				5.710152157651644			
CYS	-120	150	32	51	0.6274509803921569	-57.91498504237915				6.754433711828504			
CYS	-90	-30	27	32	0.84375	-68.17138844098606				6.536603391278265			
CYS	-90	0	11	37	0.2972972972972973	64.89067854573649				5.091422784960889			
CYS	-90	0	25	37	0.6756756756756757	-64.84941031771888				5.055136292228471			
CYS	-90	30	8	8	1.0	-67.05007685134831				7.597831497207981			
CYS	-90	120	29	41	0.7073170731707317	-176.75911653413655				4.965973226245564			
CYS	-90	120	12	41	0.2926829268292683	-60.075698234973785				3.759816795931953			
CYS	-90	150	5	31	0.16129032258064516	60.96445464658895				6.4707258147035125			
CYS	-90	150	6	31	0.1935483870967742	-169.61896232324878				8.596728772430378			
CYS	-90	150	20	31	0.6451612903225806	-63.347639945239315				9.069112791289779			
CYS	-60	-60	21	87	0.2413793103448276	-176.465435597103				6.336829048763422			
CYS	-60	-60	65	87	0.7471264367816092	-72.29387684152508				8.300603352174841			
CYS	-60	-30	18	139	0.12949640287769784	59.367645018606346				6.681026131484486			
CYS	-60	-30	16	139	0.11510791366906475	-178.49778049204528				6.748927873269898			
CYS	-60	-30	105	139	0.7553956834532374	-68.51154522262446				5.480957237808941			
CYS	-60	0	6	13	0.46153846153846156	66.83605199909519				2.833240635437159			
CYS	-60	0	6	13	0.46153846153846156	-62.68545510285397				7.178132089599859			
CYS	-60	120	25	34	0.7352941176470589	-179.15524526166422				5.9127561022079			
CYS	-60	120	7	34	0.20588235294117646	-63.708204971683735				6.479639922509541			
CYS	-60	150	11	36	0.3055555555555556	72.55164173350721				14.141109951138441			
CYS	-60	150	7	36	0.19444444444444445	175.61383709585382				9.041761307418826			
CYS	-60	150	18	36	0.5	-67.41151810267503				10.89572237445602			
CYS	60	60	5	5	1.0	-69.22578253370432				7.0319028252151545			
SER	-180	-180	11	15	0.7333333333333333	68.56916503406906				7.677703704188888			
SER	-180	150	12	20	0.6	67.26829326996415				6.698581926407413			
SER	-180	150	8	20	0.4	174.08425267134496				17.024546483484556			
SER	-150	-180	61	82	0.7439024390243902	66.14677096725251				8.730753771275428			
SER	-150	-180	15	82	0.18292682926829268	-170.61972825000734				6.8362077952439195			
SER	-150	-180	6	82	0.07317073170731707	-56.05846982969567				9.701178212715224			
SER	-150	0	5	5	1.0	-51.78637167121252				8.166803992656144			
SER	-150	60	5	5	1.0	-170.94529331355304				2.9015940753240264			
SER	-150	90	7	15	0.4666666666666667	177.45981714595442				4.076973603412048			
SER	-150	90	5	15	0.3333333333333333	-74.20740582845106				11.436823117540747			
SER	-150	120	8	49	0.16326530612244897	68.99387854413875				14.617168018826618			
SER	-150	120	36	49	0.7346938775510204	175.72118094254859				8.462779795155779			
SER	-150	120	5	49	0.10204081632653061	-58.87571925367952				8.849978979143547			
SER	-150	150	77	184	0.41847826086956524	67.28751768860144				7.461244219807594			
SER	-150	150	80	184	0.43478260869565216	177.86650224378945				9.639471609651393			
SER	-150	150	27	184	0.14673913043478262	-58.83767432673481				16.170461303090764			
SER	-120	-180	34	46	0.7391304347826086	65.23972065968456				8.853725660781725			
SER	-120	-180	6	46	0.13043478260869565	175.82894850442943				5.257756060268637			
SER	-120	-180	6	46	0.13043478260869565	-49.50699971550266				12.584465171770812			
SER	-120	-60	5	9	0.5555555555555556	-47.340510162327945				12.253071371743747			
SER	-120	-30	13	24	0.5416666666666666	60.70883454896443				8.308414873688758			
SER	-120	-30	9	24	0.375	-51.02619275808234				9.64066527695503			
SER	-120	0	38	48	0.7916666666666666	59.95704503402506				5.298702219758936			
SER	-120	0	9	48	0.1875	-61.20088454539711				11.993154604692082			
SER	-120	30	12	22	0.5454545454545454	61.90776124502308				6.899607768549165			
SER	-120	30	8	22	0.36363636363636365	-56.26402432325915				6.918725497089094			
SER	-120	60	6	10	0.6	-44.988926751660586				23.46361169483708			
SER	-120	90	12	21	0.5714285714285714	178.21920530953878				7.547268180002727			
SER	-120	90	6	21	0.2857142857142857	-51.678669491694215				11.431235438266118			
SER	-120	120	8	87	0.09195402298850575	64.99931400834639				13.288005329413275			
SER	-120	120	49	87	0.5632183908045977	177.2280958256552				5.852303572428375			
SER	-120	120	30	87	0.3448275862068966	-62.020835024563375				9.006353310513038			
SER	-120	150	67	174	0.3850574712643678	63.342862469075655				12.58647042721439			
SER	-120	150	49	174	0.28160919540229884	177.34834812196533				8.351386725237663			
SER	-120	150	58	174	0.3333333333333333	-60.68070831619663				9.76479431284639			
SER	-90	-180	46	61	0.7540983606557377	68.61947755425487				6.8258268934782675			
SER	-90	-180	5	61	0.08196721311475409	-172.33790070015624				15.013882855266928			
SER	-90	-180	10	61	0.16393442622950818	-52.54621644736036				25.471160139481185			
SER	-90	-60	5	24	0.20833333333333334	57.972717010432426				6.621171838440392			
SER	-90	-60	12	24	0.5	-179.2066800936697				11.992992507918304			
SER	-90	-60	7	24	0.2916666666666667	-58.5161874431407				13.136594132664365			
SER	-90	-30	68	135	0.5037037037037037	63.61886603864151				10.232578977914818			
SER	-90	-30	20	135	0.14814814814814814	177.68313966208822				10.517917665363026			
SER	-90	-30	47	135	0.34814814814814815	-63.29034246467715				8.082385728780592			
SER	-90	0	131	210	0.6238095238095238	66.64807980922396				8.650207329090742			
SER	-90	0	10	210	0.047619047619047616	-172.61243097683163				11.584834571508708			
SER	-90	0	69	210	0.32857142857142857	-59.98200698979259				8.613521829871713			
SER	-90	30	12	23	0.5217391304347826	65.11621374130902				6.268613631651713			
SER	-90	30	11	23	0.4782608695652174	-61.25552960720334				10.84924694159418			
SER	-90	90	6	18	0.3333333333333333	-179.3510153665199				4.361942757092569			
SER	-90	90	8	18	0.4444444444444444	-57.32345877668333				16.26769678519442			
SER	-90	120	11	105	0.10476190476190476	58.053534451766225				13.38498530250699			
SER	-90	120	66	105	0.6285714285714286	174.6665226476663				8.369897549559658			
SER	-90	120	28	105	0.26666666666666666	-63.0527292049281				10.230159629655413			
SER	-90	150	91	187	0.48663101604278075	63.03936636654807				9.333362522865952			
SER	-90	150	52	187	0.27807486631016043	174.33421188029118				9.683425118095514			
SER	-90	150	44	187	0.23529411764705882	-64.65136828780251				9.777126691714349			
SER	-60	-180	29	33	0.8787878787878788	66.53084033938106				4.58548021793019			
SER	-60	-60	53	280	0.18928571428571428	60.03732623378729				11.70200247627671			
SER	-60	-60	110	280	0.39285714285714285	179.32913870265924				10.202454610787035			
SER	-60	-60	117	280	0.41785714285714287	-63.074457177380104				10.842213056273296			
SER	-60	-30	425	893	0.47592385218365063	64.0568626126648				8.629287046147606			
SER	-60	-30	171	893	0.19148936170212766	178.54894594021343				9.115424495104685			
SER	-60	-30	297	893	0.3325867861142217	-62.02372195682712				10.13563668778226			
SER	-60	0	59	76	0.7763157894736842	65.15487310873388				7.395355162196544			
SER	-60	0	5	76	0.06578947368421052	-172.30544658806272				18.139286514541283			
SER	-60	0	12	76	0.15789473684210525	-57.9835746708133				8.935290792477497			
SER	-60	120	56	81	0.691358024691358	173.85108196661878				7.7640541867918795			
SER	-60	120	21	81	0.25925925925925924	-62.686610793575234				16.742392273189903			
SER	-60	150	120	260	0.46153846153846156	67.41310007989381				6.736080285024041			
SER	-60	150	84	260	0.3230769230769231	173.71218124661172				7.931907570673142			
SER	-60	150	56	260	0.2153846153846154	-61.930421544134624				12.665927294909281			
SER	-30	-30	8	20	0.4	63.797614940758564				6.8906396878652965			
SER	-30	-30	5	20	0.25	165.85321277146338				13.09523326988714			
SER	-30	-30	7	20	0.35	-62.117434411665066				14.298965349007538			
SER	-30	150	5	8	0.625	169.37276369938056				6.092513176264822			
SER	60	30	31	35	0.8857142857142857	-60.335715299410346				5.020595611886472			
SER	60	60	11	16	0.6875	-59.461507014367605				8.952726559437723			
THR	-180	-180	8	8	1.0	-168.3746385763297				3.3513268850078135			
THR	-180	150	11	12	0.9166666666666666	-178.8207813233123				6.174132290195062			
THR	-150	-180	35	82	0.4268292682926829	63.966512274820296				6.140505402573546			
THR	-150	-180	38	82	0.4634146341463415	-172.70828416126773				4.485076764838398			
THR	-150	-180	9	82	0.10975609756097561	-41.292879022258276				14.553933344975466			
THR	-150	60	7	8	0.875	56.19951432983789				5.010135172638878			
THR	-150	90	6	8	0.75	59.38192514671977				3.039670723487904			
THR	-150	120	7	26	0.2692307692307692	49.83008628644544				9.33072501332999			
THR	-150	120	5	26	0.19230769230769232	173.27193738705026				6.415967614049684			
THR	-150	120	14	26	0.5384615384615384	-56.537238045402184				8.543539297011788			
THR	-150	150	51	137	0.3722627737226277	62.00579355999813				6.5069963765117675			
THR	-150	150	64	137	0.46715328467153283	-178.64751082819555				8.251790874637605			
THR	-150	150	22	137	0.16058394160583941	-56.977471031344336				13.235828131378943			
THR	-120	-180	63	67	0.9402985074626866	67.97420783189753				6.587505206725434			
THR	-120	-60	7	13	0.5384615384615384	54.92351662391589				5.2128251435509			
THR	-120	-60	6	13	0.46153846153846156	-64.2802199117261				19.22953350318297			
THR	-120	-30	54	70	0.7714285714285715	60.45148452024025				5.244072029394619			
THR	-120	-30	14	70	0.2	-45.94350933654552				10.214849349224014			
THR	-120	0	91	97	0.9381443298969072	59.55027410491697				5.575000066143053			
THR	-120	30	38	41	0.926829268292683	56.75784873019371				4.604389816005727			
THR	-120	60	9	9	1.0	57.427610157746265				5.411552772267221			
THR	-120	90	5	24	0.20833333333333334	64.41307941634437				14.258286831985536			
THR	-120	90	18	24	0.75	-56.22915133797208				5.92919833279558			
THR	-120	120	13	176	0.07386363636363637	59.99186608450068				8.17456176123473			
THR	-120	120	160	176	0.9090909090909091	-59.27917825615584				5.311335558912272			
THR	-120	150	167	259	0.6447876447876448	63.289019537679174				7.699812344619299			
THR	-120	150	29	259	0.11196911196911197	-176.7481660175263				9.382511535976162			
THR	-120	150	63	259	0.24324324324324326	-55.30962857097054				8.398247075741697			
THR	-90	-180	56	63	0.8888888888888888	64.63253532015938				5.181139905452632			
THR	-90	-180	6	63	0.09523809523809523	-175.11560168915258				5.780138915272844			
THR	-90	-60	7	21	0.3333333333333333	61.17434268323059				7.988142608898932			
THR	-90	-60	14	21	0.6666666666666666	-57.01645773273303				5.509577532969471			
THR	-90	-30	121	174	0.6954022988505747	61.45224612765568				7.761164289800598			
THR	-90	-30	11	174	0.06321839080459771	-168.94086800405887				14.100610889700636			
THR	-90	-30	42	174	0.2413793103448276	-54.25543135564112				9.630490339448764			
THR	-90	0	137	154	0.8896103896103896	60.35235161487518				7.0644776247254475			
THR	-90	0	9	154	0.05844155844155844	179.24105481457357				9.1521049763422			
THR	-90	0	8	154	0.05194805194805195	-43.05425278550851				16.131132061617752			
THR	-90	30	26	29	0.896551724137931	59.50035272706738				6.554726449523917			
THR	-90	60	5	6	0.8333333333333334	55.830913512844795				5.298011852059356			
THR	-90	90	5	18	0.2777777777777778	59.063040939245404				6.205693866663601			
THR	-90	90	10	18	0.5555555555555556	-49.870637363099526				19.87644977960006			
THR	-90	120	19	134	0.1417910447761194	55.22041114820951				10.599274582620883			
THR	-90	120	111	134	0.8283582089552238	-60.3028332808932				6.4100974366039605			
THR	-90	150	111	167	0.6646706586826348	65.01169508378757				7.2305158427276925			
THR	-90	150	16	167	0.09580838323353294	174.1866372210949				12.480810757079125			
THR	-90	150	40	167	0.23952095808383234	-53.84739340127156				10.866640931812995			
THR	-60	-180	21	26	0.8076923076923077	65.45334762586674				6.3015231278941775			
THR	-60	-60	26	267	0.09737827715355805	60.59836120094364				7.989407359017773			
THR	-60	-60	240	267	0.898876404494382	-60.78821747273362				6.5571487367873695			
THR	-60	-30	196	591	0.3316412859560068	60.44180062365138				9.15798433774567			
THR	-60	-30	24	591	0.04060913705583756	174.28961178608452				13.965437698820173			
THR	-60	-30	371	591	0.6277495769881557	-58.56478037894991				6.907017823010903			
THR	-60	0	38	48	0.7916666666666666	60.943844585973444				10.835212479044936			
THR	-60	0	6	48	0.125	-52.078519970747735				9.320029182779894			
THR	-60	60	7	8	0.875	62.6472231272125				8.419690077459105			
THR	-60	120	8	73	0.1095890410958904	56.644598741700996				9.182857953797868			
THR	-60	120	62	73	0.8493150684931506	-55.402505976701455				6.425195846500857			
THR	-60	150	86	149	0.5771812080536913	62.75085735214132				7.293151329352689			
THR	-60	150	25	149	0.16778523489932887	175.143455457975				11.47126618086819			
THR	-60	150	38	149	0.2550335570469799	-56.001172946986514				11.516030514861983			
THR	-30	-30	5	8	0.625	-74.6431398619672				20.903604149119907			
THR	60	0	5	5	1.0	71.2635260714497				13.748825741528785			
VAL	-150	-180	14	19	0.7368421052631579	-65.2811057267011				5.006435957471894			
VAL	-150	90	7	10	0.7	178.69966917186505				7.363361195218351			
VAL	-150	120	12	84	0.14285714285714285	50.267870101930434				8.113406787300248			
VAL	-150	120	62	84	0.7380952380952381	174.95131210374626				6.704552408661934			
VAL	-150	120	10	84	0.11904761904761904	-51.94997645298095				25.35289349370864			
VAL	-150	150	52	163	0.31901840490797545	63.1994393563249				7.538030686256769			
VAL	-150	150	41	163	0.25153374233128833	170.93882070566195				13.873389851768145			
VAL	-150	150	70	163	0.4294478527607362	-64.48769734105471				7.4510942822616455			
VAL	-120	-180	54	56	0.9642857142857143	-60.70429713469498				6.9188636390239475			
VAL	-120	-60	16	19	0.8421052631578947	178.55996860059685				4.09698815653385			
VAL	-120	-30	7	50	0.14	73.0124675923088				6.514258684916276			
VAL	-120	-30	22	50	0.44	168.66581894557459				12.373726853643873			
VAL	-120	-30	21	50	0.42	-59.995581798804984				7.108735315038241			
VAL	-120	0	8	62	0.12903225806451613	84.24961960037882				16.019195838185013			
VAL	-120	0	5	62	0.08064516129032258	179.21288682309404				19.229491000082163			
VAL	-120	0	49	62	0.7903225806451613	-62.715621720042854				4.618685996328452			
VAL	-120	30	20	24	0.8333333333333334	-62.64401106730516				5.857929703430143			
VAL	-120	90	49	52	0.9423076923076923	178.3877961702317				4.304897766680928			
VAL	-120	120	32	549	0.058287795992714025	53.382851041270015				6.878837071409556			
VAL	-120	120	494	549	0.8998178506375227	178.8049398867119				5.207408452582292			
VAL	-120	120	23	549	0.04189435336976321	-63.02916183255165				14.823156592863594			
VAL	-120	150	27	344	0.07848837209302326	59.97128326010334				10.711916737010785			
VAL	-120	150	143	344	0.41569767441860467	178.960540583609				8.431119121561855			
VAL	-120	150	174	344	0.5058139534883721	-59.24863665136933				7.544486017222557			
VAL	-90	-60	61	67	0.9104477611940298	176.41434395793016				5.935339872054027			
VAL	-90	-60	6	67	0.08955223880597014	-42.95898792010189				31.391207369985924			
VAL	-90	-30	22	184	0.11956521739130435	64.32416515595598				11.217218538360646			
VAL	-90	-30	102	184	0.5543478260869565	175.1351042888607				7.6565190502768425			
VAL	-90	-30	60	184	0.32608695652173914	-59.571985107141636				8.041947005034364			
VAL	-90	0	8	59	0.13559322033898305	82.56043064329164				10.128886280443236			
VAL	-90	0	5	59	0.0847457627118644	-175.5663577749744				14.089816354789592			
VAL	-90	0	46	59	0.7796610169491526	-58.08358830361103				6.318401002149846			
VAL	-90	30	6	8	0.75	-61.60024004609171				3.6168464285050685			
VAL	-90	90	30	33	0.9090909090909091	-179.76005307557702				5.033814056627662			
VAL	-90	120	16	380	0.042105263157894736	52.78867697955133				9.061955725405474			
VAL	-90	120	351	380	0.9236842105263158	178.55291665755254				5.053160909494364			
VAL	-90	120	13	380	0.034210526315789476	-44.853697322100366				26.990922800652793			
VAL	-90	150	18	154	0.11688311688311688	58.04891755532526				11.321125708407976			
VAL	-90	150	92	154	0.5974025974025974	177.9528133188584				7.622087249806671			
VAL	-90	150	44	154	0.2857142857142857	-59.24291336958083				11.95251744655199			
VAL	-60	-180	6	7	0.8571428571428571	-61.96112956416562				3.0692963371847823			
VAL	-60	-60	10	467	0.021413276231263382	53.413361951634386				12.802643999130465			
VAL	-60	-60	444	467	0.9507494646680942	172.2900572507398				5.411233923791129			
VAL	-60	-60	13	467	0.027837259100642397	-53.45343888447397				25.8405790103574			
VAL	-60	-30	101	834	0.1211031175059952	61.917783223757546				9.920955161292774			
VAL	-60	-30	609	834	0.7302158273381295	173.07262922274992				6.171230149917442			
VAL	-60	-30	124	834	0.1486810551558753	-57.476853208886716				12.193144943550685			
VAL	-60	0	13	19	0.6842105263157895	-54.08377171612229				6.994573811810124			
VAL	-60	90	7	9	0.7777777777777778	175.4893063554964				5.8180290696613035			
VAL	-60	120	8	121	0.06611570247933884	61.59958484502228				7.457611919401463			
VAL	-60	120	102	121	0.8429752066115702	176.3808606182583				5.10377565940654			
VAL	-60	120	11	121	0.09090909090909091	-66.04327072401558				17.32489908454019			
VAL	-60	150	13	104	0.125	70.82976120724871				5.436711064967083			
VAL	-60	150	61	104	0.5865384615384616	175.69077883296112				7.690412291831681			
VAL	-60	150	30	104	0.28846153846153844	-60.18006530646198				9.096223940160659			
VAL	-30	-60	11	13	0.8461538461538461	175.2629949875637				9.192583208999906			
