AA	PHI	PSI	_COUNT	COUNT	PROB	U_CHI1	U_CHI2	U_CHI3	U_CHI4	U_CHI1Sig	U_CHI2Sig	U_CHI3Sig	U_CHI4Sig
ARG	-150	-180	13	41	0.3170731707317073	69.73470229341633	-175.48864031170186	175.6006396097752	-175.93124279005292	7.265697387007784	13.454226723540394	6.0713239890677535	11.158004083110438
ARG	-150	-180	6	41	0.14634146341463414	61.10772631945529	-178.59450182836815	-171.7991163361368	-87.15934747831996	3.835227788346536	6.4754294370624	6.573962115365936	2.6142227226191164
ARG	-150	120	5	37	0.13513513513513514	-176.3605320925223	172.00504346510672	171.19354857404974	-175.9814329946974	8.388423595722006	13.017317781035205	7.203385197335379	7.09248070400958
ARG	-150	120	5	37	0.13513513513513514	-173.20594981049857	-172.3784204114294	-55.63760386893653	-89.7858709022611	4.0351480273874545	9.189004670886892	9.045605968161013	8.820191597646739
ARG	-150	150	6	153	0.0392156862745098	62.18226779885014	177.64196807709874	62.01909963571163	87.2167178775419	5.599572717974172	18.723835890339647	10.018954880372371	16.94935708841068
ARG	-150	150	5	153	0.032679738562091505	66.32475804250336	169.1959711581106	67.5547410729215	-174.78232567387946	9.068875304884601	22.12387266864934	12.245028655776585	31.774468843015864
ARG	-150	150	10	153	0.06535947712418301	59.95033621365243	171.00480999895132	178.88765949687865	89.68487200443174	7.658566625487358	10.180394108896852	8.906981936386071	7.019940381027497
ARG	-150	150	7	153	0.0457516339869281	64.4637511181157	176.61777353826247	177.67464614478584	-177.85628484642197	3.9407380452272225	7.770041265191445	5.0811281316287245	8.694257350071123
ARG	-150	150	7	153	0.0457516339869281	61.89938550829164	-177.09972196791674	178.95772685878651	-86.07129672329066	5.836212335215992	13.663225374704792	6.518551218887244	10.791188580307637
ARG	-150	150	8	153	0.05228758169934641	65.8418271158451	-173.43654045386484	-75.29414785875102	-166.91316298003622	7.287464684645871	8.721502910130331	15.315294162566897	17.618848056112856
ARG	-150	150	7	153	0.0457516339869281	-175.64673276416295	174.79548598343047	62.63743512981422	-176.55452107474468	8.439022184369835	5.7831833298148005	12.62665281525038	12.499948615355356
ARG	-150	150	7	153	0.0457516339869281	-176.69540854066875	175.7007351454844	-177.86471542182449	-174.55942511288808	10.776667057379331	16.137926550355978	14.326342043162663	10.398175250655248
ARG	-150	150	5	153	0.032679738562091505	-63.79897667172452	-178.49870556371854	62.131085295365025	170.10636375528745	9.398361768374135	15.077896855575705	18.070393772476873	30.252403303663776
ARG	-150	150	5	153	0.032679738562091505	-66.35677211958773	169.76791076368332	179.13689506359216	78.50617985887114	5.008659803616035	4.841592109172773	15.0431307015799	15.436923071483802
ARG	-150	150	10	153	0.06535947712418301	-63.22780213011351	-174.2864980428875	-174.42967458636963	-173.17807444378485	11.905270803933144	11.99335757696219	9.981260516029886	17.82730721661446
ARG	-150	150	7	153	0.0457516339869281	-73.03880678818757	-178.78816525799894	-62.013463889000036	-176.03131809958887	9.292668828108404	7.642764667118521	7.484187639181006	13.390147333310255
ARG	-150	150	15	153	0.09803921568627451	-67.08303373781933	-71.52678063219307	-176.09166117232436	-84.53397941019576	5.572004264207636	4.357902198028998	4.049075809430408	8.351780031590605
ARG	-150	150	14	153	0.0915032679738562	-36.96631352727886	-38.09999931966017	-17.235709425928285	-25.690240506592463	27.90490980555775	38.29723631756412	24.31540178603827	41.38801314876239
ARG	-120	-180	5	27	0.18518518518518517	-57.82968655295959	167.91769147902855	71.08853191886054	-174.35686724539312	12.453953671150417	19.840042493925534	9.130445492888294	13.542942398545923
ARG	-120	-180	5	27	0.18518518518518517	-1.5834094938191523	-1.4845922272528613	-1.5762192002853928	-1.5800147224466574	11.345436965429764	13.039106922023413	10.804082828404155	11.678436813495079
ARG	-120	-30	5	29	0.1724137931034483	-66.51025595133022	-57.05733985030341	178.70958522247514	-167.76807936913153	4.66153296793727	3.421262194427616	19.437886949636685	32.14246088036936
ARG	-120	0	5	48	0.10416666666666667	-58.037862588102776	-179.71488357836236	63.48231467546261	78.8678981632507	3.068474404933744	3.3825113042579864	6.0460854168036535	2.490352689273857
ARG	-120	0	5	48	0.10416666666666667	-57.20942134523229	-158.22386741034737	63.53553248367141	-160.99012364182184	4.259528857379712	12.561956603596661	3.2545376608805476	22.517605114734135
ARG	-120	0	10	48	0.20833333333333334	-60.45733550455896	176.19253836407	-178.49433482190824	177.87540194912987	3.724582886076454	7.099325869626813	9.246050691919148	7.377188935952341
ARG	-120	0	5	48	0.10416666666666667	-62.67496717906374	-174.7954438952892	-59.14794846107299	-87.82477277166792	6.883895685081264	10.892573229727253	5.5282243441271985	11.132764180432861
ARG	-120	30	5	42	0.11904761904761904	-70.5126954970279	166.21590896294464	45.66729609713572	-147.84629980248593	7.042906165106099	7.169436529733867	14.929727456431573	15.363717892294908
ARG	-120	30	5	42	0.11904761904761904	-54.61724136840733	-161.73350292253974	-75.06504291495781	168.6006830765619	14.37810343205105	10.415540971419375	9.832221245745103	33.114254949176456
ARG	-120	60	7	18	0.3888888888888889	-59.87369459299399	-54.02693452354586	-50.943308297654475	-71.17938975898083	20.58822882997084	19.16882304425818	17.92824029439392	24.563723946314436
ARG	-120	120	10	161	0.062111801242236024	179.2303035367536	172.94766612675153	63.418468272869056	80.69796393193477	5.600728536264499	8.341731761564093	5.881704950052825	9.565556561406188
ARG	-120	120	9	161	0.055900621118012424	-175.89031753605738	164.1927153956751	63.22247345229518	-165.1652271007919	6.940186500242939	12.97820637975707	12.021987370836587	17.624601254731896
ARG	-120	120	6	161	0.037267080745341616	176.92791055761285	178.06611547208416	73.68355671310321	-109.92378836648953	4.684012242508731	6.313199909875035	6.534811189362768	6.795674230214796
ARG	-120	120	13	161	0.08074534161490683	-179.077037268012	178.5846554602174	-176.39804770154853	166.11284998408945	7.183165792227252	11.286761586243609	11.538087997503816	15.25599435597651
ARG	-120	120	7	161	0.043478260869565216	175.421277292981	175.61690977235983	178.80476980189948	-92.49142387656244	20.62342755288154	9.672984162063926	10.926048955354721	7.9041567534696275
ARG	-120	120	8	161	0.049689440993788817	-179.68139117136738	-179.11941378999066	-81.50238496295052	107.2419029558821	4.382570488747563	7.135082352953599	16.24564493253665	4.848015307241178
ARG	-120	120	8	161	0.049689440993788817	-179.10637918081983	-177.57423168234916	-68.71645359811819	168.89693846311067	6.538255495909607	7.261637958100449	3.7844875102166187	15.928352829040605
ARG	-120	120	11	161	0.06832298136645963	-175.0476876385096	177.69915306020224	-69.7607642085908	-84.06205673184306	9.682340915106819	8.236930942137185	8.494115081276831	6.335905247271215
ARG	-120	120	6	161	0.037267080745341616	-65.12253610818466	175.501689414022	73.1162532472352	89.1703927887623	6.028407818389246	10.039967558514308	15.040714659119386	5.582500859567484
ARG	-120	120	9	161	0.055900621118012424	-69.22765798350143	174.2849528608166	66.48879319065188	-174.40253097388697	6.3745513959756686	12.422090651546807	8.772808048048631	14.367766048702816
ARG	-120	120	14	161	0.08695652173913043	-66.42668236791813	-176.28859656926159	179.70424638752667	177.34239346349426	5.378505036711918	9.980648904951911	7.682450531807998	10.95993803862994
ARG	-120	120	5	161	0.031055900621118012	-65.30958661510024	176.30778136402733	-176.24651990923968	-92.74538375213889	7.081380713963167	11.739851424412935	6.866380192012246	5.039913654034049
ARG	-120	120	7	161	0.043478260869565216	-66.62226159564489	-70.7220418310424	-176.98390618688765	-84.99332179550838	2.6094737637841443	8.747803618418052	3.196842765549117	5.1310978236021585
ARG	-120	120	10	161	0.062111801242236024	-6.736011141677385	-7.016101797373826	-7.072688588107629	-6.912744257746099	19.678607106083813	22.98918288658568	22.81765425492871	26.291546425726935
ARG	-120	150	6	162	0.037037037037037035	-175.9054326324378	179.84707898557065	-70.66477613712581	161.71882461946447	11.292852959410968	9.73384135627639	19.53134066098222	19.005565931620158
ARG	-120	150	5	162	0.030864197530864196	-178.57637291279616	-179.36266467791302	-60.829855428961785	-81.00207035017087	5.9068080193503905	4.5004883197277135	4.01662047210515	4.537392452662373
ARG	-120	150	6	162	0.037037037037037035	-63.90779813643711	-179.8860621077039	62.39055872466128	77.24381594066756	9.38643177762353	7.358766478856676	8.773225231821444	7.682305685422556
ARG	-120	150	11	162	0.06790123456790123	-64.98440658704821	179.9984607111022	177.05603472625725	88.86742795506181	6.697161405652211	12.29982309556122	10.228673165190678	6.5193596685667865
ARG	-120	150	15	162	0.09259259259259259	-64.0633956734034	-175.3995359243496	178.40905066004302	177.56764345631484	9.685681225717742	11.332485186427272	9.457352281334648	11.50052146617691
ARG	-120	150	14	162	0.08641975308641975	-66.16394843564099	171.52100731980326	-178.18984477353195	-93.81849118089372	8.77536466611776	15.510171544097588	7.860242237684937	11.041197559780123
ARG	-120	150	16	162	0.09876543209876543	-63.00230902938441	-162.8853809301827	-62.350478830375266	162.39965937577324	8.889948473710412	15.340149453255092	12.203935924679836	14.920895368067859
ARG	-120	150	5	162	0.030864197530864196	-50.79186899433165	-68.02212699573215	176.10889951092315	82.23314261462929	9.543814097934712	4.893221464479227	4.06854172478114	7.560892983117022
ARG	-120	150	7	162	0.043209876543209874	-49.14021264509662	-74.44645761621639	-176.39944212971284	-177.5144386179372	9.207854297058766	13.577877737875996	10.494850832557363	11.867601747538172
ARG	-120	150	11	162	0.06790123456790123	-62.69187910941066	-69.35445779729724	177.53929689469751	-86.75839371775852	5.755078819019016	5.518119938092658	2.7668611180507736	5.8845194702873345
ARG	-120	150	5	162	0.030864197530864196	-55.53671191083273	-70.80340613646699	-70.03579037156196	172.79154075034913	4.582564654530973	4.8188712563773715	9.04762449560681	31.629200613019897
ARG	-120	150	9	162	0.05555555555555555	-2.3347477786461215	-2.3700559805336487	-2.4793486292924256	-2.622752720245563	11.237164477710099	12.911251539231962	16.62278973878332	16.668862314786484
ARG	-90	-180	5	31	0.16129032258064516	-62.87755359230082	171.31677350911784	74.37838324455726	178.94928849905475	9.286118335904638	13.852336484972016	8.88519403627833	13.458504622915616
ARG	-90	-180	5	31	0.16129032258064516	-61.15397835856221	174.97458929241745	-67.21477798644284	176.90191592101985	15.33963376765343	9.972937907633323	19.65310201128437	11.120354348349903
ARG	-90	-180	7	31	0.22580645161290322	-0.36647317654039935	0.0	0.0	0.0	5.493311557482906	0.0	0.0	0.0
ARG	-90	-30	6	162	0.037037037037037035	-179.5926091317245	178.0823343055467	175.68356768761694	-173.278701320648	9.015630389669724	3.2084957644762166	8.014036084268563	5.661671077635959
ARG	-90	-30	5	162	0.030864197530864196	-159.4579593848398	-175.80141656208255	-87.22537494152898	98.75940988576397	22.75541982459907	4.914728170347024	11.622559425444102	18.531297052721992
ARG	-90	-30	5	162	0.030864197530864196	-70.13316925113811	171.44680972288424	69.27701245479327	83.09196134031701	6.700885841208866	9.929005920430091	8.885483993034926	5.989091737473115
ARG	-90	-30	10	162	0.06172839506172839	-74.53579761132343	169.27428787788165	76.35178087591002	-171.93441040830092	8.778098133589815	12.87630878282668	10.43537312779259	17.172705249123652
ARG	-90	-30	6	162	0.037037037037037035	-65.47596668749794	-179.45595829709114	66.7885523098808	-113.84398593013893	4.981321129118522	8.720156814080136	8.891508081322469	2.558171196637396
ARG	-90	-30	10	162	0.06172839506172839	-62.83834320927145	-171.83371724116205	175.08463163564275	83.08163877252353	4.7857483797374645	6.018341797844656	15.614883282372626	14.493182372227214
ARG	-90	-30	16	162	0.09876543209876543	-68.82490897606405	-177.09348302852223	179.19197843521533	-177.26696848925874	7.834487502815677	7.633012926208507	7.909999990016116	11.671022728291836
ARG	-90	-30	6	162	0.037037037037037035	-62.16127460976638	-169.57278754275168	-168.03694540727298	-84.72692911781006	7.202254603037187	9.201931567075311	18.303066993708153	9.770207830286306
ARG	-90	-30	13	162	0.08024691358024691	-63.863470577022404	-177.16930216088792	-62.18214996579833	175.76556372223007	5.2444895908733375	12.707777443818665	11.573786023767484	11.747559325322861
ARG	-90	-30	5	162	0.030864197530864196	-65.91815021619342	-60.004846890911324	171.9310908717692	85.34737702509	1.1441060810143788	5.393367647025993	8.993393727685271	3.4971004660411316
ARG	-90	-30	6	162	0.037037037037037035	-56.852222504242135	-55.256198937825395	-55.71614229968394	166.54064758329758	3.9414776744260993	13.320187073583902	9.591856474053365	3.1479141165865316
ARG	-90	-30	13	162	0.08024691358024691	-0.008427239234344288	-0.008539276161063272	-0.008500722249105745	-0.007748697650749998	0.7569075313102515	0.8702443788295938	0.7832240514382663	1.0085261698806984
ARG	-90	0	17	138	0.12318840579710146	-66.87150498418707	179.03010247098715	71.73160346691067	-178.12671417591395	9.150968210796135	11.071416896511879	10.964437806637756	20.64556633095204
ARG	-90	0	11	138	0.07971014492753623	-69.51259197238635	174.78515928437062	178.050221684315	76.39390980750633	3.606984521380589	11.619085478954027	12.124409732794678	11.50507884780361
ARG	-90	0	21	138	0.15217391304347827	-66.04919426722715	176.55330121423773	-176.55854778088042	174.68443097164658	5.367954103743406	9.260340514710514	8.720394957597662	11.043399150820123
ARG	-90	0	6	138	0.043478260869565216	-71.28624926247399	174.42786821376146	-179.80771826118698	-79.55678614882665	8.855168576979775	3.196685631457923	15.935630713721148	14.826703680822062
ARG	-90	0	7	138	0.050724637681159424	-64.38864367389219	-178.17776202877207	-74.58159840279849	94.96936726764329	7.767499187995489	6.917861611840046	5.057376044067383	4.459503421704
ARG	-90	0	7	138	0.050724637681159424	-56.44474864915611	166.03448572692912	-55.3976875765044	-178.31443348688535	8.302937430163226	10.321731871876203	14.341510231409066	21.234703737751925
ARG	-90	0	7	138	0.050724637681159424	-64.17979015030487	-174.75114317505577	-68.20478191417905	-88.43241815901224	7.624507741422833	13.258952639150246	12.108987123855716	11.68680295539036
ARG	-90	0	6	138	0.043478260869565216	-59.186789372318195	-59.26547865485697	175.97188690598043	87.19867073262785	9.262993961223746	4.723814575804941	6.867681913540207	7.999910731972219
ARG	-90	0	9	138	0.06521739130434782	-61.08078404801374	-69.20604919887822	-177.93403132586343	-179.4409863159944	5.9195669947819995	8.667321852946928	11.191936407279211	7.565735936290708
ARG	-90	0	7	138	0.050724637681159424	-55.72097312836504	-68.69270788049145	-66.52026698005157	172.3729364607853	15.491782514251607	12.625648102099207	11.94344858518641	9.345314452531507
ARG	-90	0	7	138	0.050724637681159424	-35.26803491017321	-47.83065598678164	-29.917791424788735	-59.9053527352843	27.930255007784798	36.44948056127752	23.657081405726483	41.35211811776829
ARG	-90	30	6	22	0.2727272727272727	-69.31586937693223	171.44296214620164	-178.33814289666665	172.93065182410288	5.822524236518535	10.412594474516691	16.031896212779024	14.862430377583523
ARG	-90	120	5	149	0.03355704697986577	174.8820483460849	77.01084742380588	70.05189161350377	176.24111820689896	6.304970386000994	7.46170923657027	10.504716219039397	14.258544725064374
ARG	-90	120	5	149	0.03355704697986577	178.1294956042216	71.40713594655533	165.28402694684556	86.89796901365388	6.297856035922593	8.990759339771206	8.284677343115572	13.492136914988842
ARG	-90	120	7	149	0.04697986577181208	-176.83124524272066	-177.25600794245912	71.37059791402848	82.22967936548942	8.558776946036915	6.4768292699292935	6.981971329496319	12.345907472791401
ARG	-90	120	5	149	0.03355704697986577	-174.23251384096073	154.1529168434032	66.42203380416942	-167.15065589996553	7.526661614205851	12.981803360837347	7.352199529613791	12.3523087110686
ARG	-90	120	5	149	0.03355704697986577	-170.44044815498452	155.2516403337399	164.15858472609074	77.66565934623769	10.243701651414339	9.432744185076592	18.575991207821616	15.282333517526094
ARG	-90	120	14	149	0.09395973154362416	-178.97946961119445	179.14791411390618	-179.30739039433573	-176.57915384859206	6.350986860546834	10.90346708571218	7.987018418219196	12.571295712088686
ARG	-90	120	9	149	0.06040268456375839	-179.9547899972988	173.852419060237	-175.45099822141958	-86.95979078535196	10.017672047431125	13.774874286357889	10.715460088707708	7.202684111126303
ARG	-90	120	10	149	0.06711409395973154	178.45361670425152	175.8132475073096	-58.556253560028686	172.03381215008906	8.259992887365755	14.879926581855397	9.73020540905188	15.476100826863682
ARG	-90	120	7	149	0.04697986577181208	-55.071107090847285	-179.54342559125425	-175.87267664275245	87.89656006287782	9.938110728742522	9.338724009948189	12.027496530483308	5.94535542321774
ARG	-90	120	12	149	0.08053691275167785	-68.74465713904534	-173.81856132476977	169.2151704911185	179.60069335903597	5.151903340792446	11.430331320651558	7.344867804857402	12.304169644416358
ARG	-90	120	8	149	0.053691275167785234	-68.1999702129455	-173.44802210964704	-177.6477307143375	-99.50933284507117	9.262284995248422	15.269811759069263	10.474773827042705	10.313012856874122
ARG	-90	120	10	149	0.06711409395973154	-68.15166613382492	179.42108286390126	-66.77458977791748	173.92735554642618	6.077763239506248	8.811076147034372	8.00658952564609	9.149720568360719
ARG	-90	120	7	149	0.04697986577181208	-61.33156056346067	-171.70717130279087	-72.22961345142376	-93.17408615675981	6.388456632747567	6.726589508835552	13.156172499449461	13.218853625055477
ARG	-90	120	7	149	0.04697986577181208	-0.3631483156398219	-0.3625223883038412	-0.3664823291423914	-0.34676197856646424	5.0959402615385985	5.851263610777961	5.469903281374432	6.263400775203369
ARG	-90	150	6	128	0.046875	-57.627234713608324	172.032355079982	67.72482226932004	79.38496531924753	11.094858446062126	11.108969591878418	7.761115624396925	15.490313604441344
ARG	-90	150	5	128	0.0390625	-71.40889436219065	-179.3353498798366	63.60157190690656	-175.51621874785087	10.238269617396003	15.798015442947245	11.82937206304463	2.643880467799041
ARG	-90	150	10	128	0.078125	-61.07834326223837	-172.38921324297937	175.228391511823	85.57402616447105	8.362985157509499	9.596618115524892	8.797629893738222	12.555042948617494
ARG	-90	150	14	128	0.109375	-63.79853712162995	-179.0973314073699	-179.25431527472563	171.15860018455737	4.5154484120589835	10.698013620419655	6.9596080301263585	11.193531364452662
ARG	-90	150	6	128	0.046875	-65.29663539906495	174.71864948037592	-176.54727979897982	-80.21428379149567	8.418638531426641	5.264941326472809	8.192323968422864	10.227099688906472
ARG	-90	150	23	128	0.1796875	-68.9111962425335	-177.34816073561498	-66.16912080027132	-174.57085061326543	6.383794460761799	14.311378714699142	9.835228543763026	12.653585043590923
ARG	-90	150	8	128	0.0625	-59.92623592724025	-67.70671062370535	178.8882933604212	-178.7112427412581	4.387992371865778	6.863833229522856	7.462400861397066	6.413075699915014
ARG	-90	150	6	128	0.046875	-25.023296450506766	-31.135070133655788	-9.96344891543641	-10.221667388666534	25.19059908713191	33.293887636193816	25.587727380528445	29.081646752686616
ARG	-60	-60	8	449	0.017817371937639197	169.44823360374372	85.98733244644936	76.92226905707156	165.20448446015527	14.332307106007782	16.267162137299263	14.130287772774565	23.740580005002702
ARG	-60	-60	12	449	0.026726057906458798	-178.93340051280614	61.145142701966854	175.19568784184492	172.40992215714155	5.4393100038145725	7.99867584135652	8.538060356180914	7.756960261165931
ARG	-60	-60	41	449	0.09131403118040089	-179.73141689677138	178.0374190289571	66.06117726381957	79.07787841615738	10.35044844431445	15.314044061240713	14.259608252840973	12.018015057930986
ARG	-60	-60	31	449	0.06904231625835189	-179.44112549355543	-178.54555084045452	68.10389573653165	-163.5713630824108	9.347030708038771	15.638991224935973	8.818013201491356	16.52349105266615
ARG	-60	-60	16	449	0.035634743875278395	-174.9866579526266	-179.28111612915228	65.77107535766045	-104.29477283920237	8.928455490747405	11.88566851077886	13.566434420189642	11.697961732586615
ARG	-60	-60	25	449	0.0556792873051225	-176.4831275629421	178.16787807891723	170.5659366211511	80.65576474430466	8.874169958926165	11.738260337241837	8.653161187576412	15.158507373615494
ARG	-60	-60	30	449	0.066815144766147	-177.35116337333017	178.4659268254144	-177.21990981416917	-179.93948534149447	9.19481142478504	10.17401114608567	13.33710344800879	13.321135035104913
ARG	-60	-60	25	449	0.0556792873051225	-175.53896499206272	173.53031977107958	179.02855946948736	-84.7960590210064	5.81064473530332	7.713783435638196	9.02724851806099	9.324991534689444
ARG	-60	-60	24	449	0.053452115812917596	-174.5195655704247	175.35124245131283	-65.2093894741258	105.83993602558395	8.312825625339189	9.607831225779956	10.352237938242379	7.355770416418765
ARG	-60	-60	22	449	0.04899777282850779	-173.78542695177975	-179.35501459854632	-57.709796964566635	162.27115940436414	14.815611839847346	13.409414949579551	10.808510389762882	15.758051340009656
ARG	-60	-60	16	449	0.035634743875278395	-173.69902299044304	-177.23396343369225	-60.35689017994218	-72.2650073197831	13.008448145094288	9.386303697189929	12.659019898236695	8.225964881103984
ARG	-60	-60	7	449	0.015590200445434299	-174.75580629547852	-87.39422250767994	166.66876501347846	-176.8665513422006	15.93187551363359	14.606331126429085	18.66037152023812	16.401440771773434
ARG	-60	-60	9	449	0.0200445434298441	-64.76149528944906	172.5794507301202	65.78248532876079	89.2687189582581	11.197419979060117	9.142576424825398	11.060135694631501	11.694309596901503
ARG	-60	-60	13	449	0.028953229398663696	-80.85290448858915	178.8370785383447	66.24955670134847	-165.57558501846142	10.499934006758677	11.374061256652793	10.19601996298663	13.811973079296106
ARG	-60	-60	15	449	0.0334075723830735	-70.53992857479692	-159.80877387448993	-174.62883457866945	87.05342270440603	7.846493761954271	8.676361491750884	8.447811996714378	10.22957996436624
ARG	-60	-60	36	449	0.0801781737193764	-72.50679793908914	175.43201291767252	-176.71577135480942	177.58601514842823	7.42448910124474	10.719095508531877	7.923742847620424	11.108430566783975
ARG	-60	-60	10	449	0.022271714922048998	-77.24865947842201	176.80986323032062	-179.44838650016658	-82.32238297088121	5.444733862040767	17.00842471414272	22.804626585160243	16.774773158640254
ARG	-60	-60	10	449	0.022271714922048998	-70.90025787381487	-175.67131609336764	-77.78767298168381	-179.25947568316477	11.593969281499053	10.867110649533492	16.09445369891712	18.50432915893364
ARG	-60	-60	18	449	0.0400890868596882	-70.5958644769301	-165.33599472613315	-62.72316174571691	-86.58370492076527	7.42510613369923	5.116160642296093	8.13531201075817	10.463876887210994
ARG	-60	-60	5	449	0.011135857461024499	-109.39954047018838	-101.30013682137287	74.99131712951275	-177.30199518274333	8.237378472779648	11.857436666228354	15.153054656040007	16.298715007062594
ARG	-60	-60	6	449	0.013363028953229399	-59.13627894816157	-58.505060460327236	-168.0864702853818	-172.05756553717464	11.489373720089677	2.2857511649486915	9.454917267302612	7.314230206884543
ARG	-60	-60	32	449	0.07126948775055679	-0.04399347552816897	-0.05284250285574013	-0.06723334767284618	-0.05154634385420078	2.0425440768009695	2.1050814175830697	1.824775017119136	2.2823514234259243
ARG	-60	-30	6	1180	0.005084745762711864	72.14343528296935	174.88727327831683	65.73581315613608	87.41782350534761	21.776341625130357	10.403584235257716	9.208665022245839	10.738337377882232
ARG	-60	-30	6	1180	0.005084745762711864	71.89687360153991	175.3930820962614	65.70040414494262	-178.01799003476273	8.817760181558633	17.084920252033005	6.3606899369663275	6.453476371332268
ARG	-60	-30	15	1180	0.012711864406779662	65.76673672881158	-179.57086414670704	177.83084903222846	83.96214566848566	7.58994788204548	8.862874230119333	13.036322318650178	4.69807852056866
ARG	-60	-30	13	1180	0.011016949152542373	71.38771537882941	-173.91068030553592	177.65269527302513	-178.1194615973714	8.50782739033793	6.4674001479615635	6.922100691017053	17.672537723364304
ARG	-60	-30	11	1180	0.009322033898305085	62.130115120605616	-170.4180745701634	-177.42066854286662	-82.1370404596812	7.682679890672566	8.828837863091604	9.239712886155713	6.801441021203163
ARG	-60	-30	9	1180	0.007627118644067797	62.03355182735132	-177.83334184789643	-66.52691607986621	157.09816216339013	12.249293079921069	11.265032663910315	4.664305664271135	19.43678720732312
ARG	-60	-30	8	1180	0.006779661016949152	-170.69756537978665	58.490454318712366	57.16262045228078	83.65929271209866	10.390256085923514	12.28534506718097	8.604680696365568	8.957120395681608
ARG	-60	-30	11	1180	0.009322033898305085	174.76504701071082	51.57985558168223	59.72049042226261	-169.3384574641325	11.179793639623385	13.380397250002895	11.183033351250602	15.648415023702471
ARG	-60	-30	19	1180	0.016101694915254237	-178.429086887106	64.80371234841996	177.96563520580776	88.5230307023725	8.111415813560788	6.896566805468668	9.711867063584704	11.47978199540977
ARG	-60	-30	34	1180	0.0288135593220339	177.2123953025026	63.567985977203314	178.6088067933365	168.90294239663461	6.156037913187414	7.9397780389687105	9.365848677794984	13.220444092581698
ARG	-60	-30	20	1180	0.01694915254237288	-178.6393319589309	65.60738495689809	-171.4835458485535	-86.48016871424066	13.575254558089064	8.937336037541346	19.48129063538062	11.386183292680153
ARG	-60	-30	50	1180	0.0423728813559322	-176.98658677068238	-179.31810681956446	66.63590509562448	80.55568246650164	7.7239626488751005	10.211205341867238	11.062759829247094	7.295543284185657
ARG	-60	-30	49	1180	0.04152542372881356	-170.77334843877094	174.21159987286921	67.75353399109233	-166.07545499246982	12.952053306571099	15.654774593512842	11.66415437633605	19.665335403847266
ARG	-60	-30	17	1180	0.01440677966101695	-172.7333127277503	166.53707497484663	57.15962912943803	-110.37651317283596	13.021469093566285	10.786147592778821	13.463365503861	5.87958298112349
ARG	-60	-30	26	1180	0.022033898305084745	-178.67506415919527	-177.85068731385292	172.48650940361776	79.05720304677732	9.158486747178623	11.939504638705401	10.705712041824237	11.267004297651075
ARG	-60	-30	47	1180	0.03983050847457627	-176.63356878126808	174.67576597517996	179.26528801779403	178.4610595593473	8.973818471428286	9.384906338390415	9.925194604132418	13.134510803195
ARG	-60	-30	39	1180	0.03305084745762712	-178.06411794242294	175.95728872580773	-177.9602575582237	-85.29352087761933	10.58820249180762	10.491944502289504	7.866993913403952	9.236145776051869
ARG	-60	-30	17	1180	0.01440677966101695	-172.0092080798179	177.60201313128852	-65.52801254288349	108.03799065412012	9.217619136819016	6.305212018151148	13.714814507229077	4.497873715742536
ARG	-60	-30	44	1180	0.03728813559322034	-171.41558053071674	-177.65796325207063	-60.96903345677002	170.80285352352863	13.336686265810966	13.464106911015728	8.845701700126135	17.919733862907528
ARG	-60	-30	37	1180	0.03135593220338983	-174.79889789101523	-178.84636233756126	-66.08819409331825	-85.91954338452798	9.832587918477524	8.802338296069216	8.000835468448264	9.834117598804099
ARG	-60	-30	7	1180	0.005932203389830509	-134.3228703816943	-72.31984507796696	-166.38617542761222	167.21968828772637	4.656241445061514	20.52693696698147	20.631390610107488	11.26168805119391
ARG	-60	-30	33	1180	0.027966101694915254	-68.72237897276057	177.57022237461027	65.84423177511842	85.85422973695931	7.000123482684114	9.638063574391726	11.21048749393386	8.532940937010713
ARG	-60	-30	72	1180	0.061016949152542375	-69.81184821710322	177.5686233414779	65.79757709736622	-167.41327045195916	6.78598209414061	13.887480744620886	8.18486815854948	17.7399010702036
ARG	-60	-30	11	1180	0.009322033898305085	-68.91721777586088	176.22274474443904	64.56278174980183	-107.08765930803804	4.197870697948775	5.3165194922968215	10.51700230685908	6.435347679125944
ARG	-60	-30	56	1180	0.04745762711864407	-68.63403133377987	-170.49024952337055	-177.9146291294999	93.04585352351151	6.503026291319454	11.718118128497133	10.29386959347255	11.457424351256517
ARG	-60	-30	121	1180	0.10254237288135593	-70.69360633494745	178.96323770716893	-176.7473900469915	176.4461881178338	7.1671190666710025	9.038645326343866	10.716124912296602	17.52102715318118
ARG	-60	-30	69	1180	0.05847457627118644	-69.58025066465507	179.3572910602775	-177.1481762628366	-84.19247279514916	6.076087584456269	7.910242577006333	10.459140917233366	9.086265440380705
ARG	-60	-30	21	1180	0.017796610169491526	-71.14944421720006	-171.47406486469646	-77.45725411817655	107.2467250349069	7.4557365191002845	4.954042393599169	9.41104857373698	7.257530877272042
ARG	-60	-30	53	1180	0.044915254237288135	-72.50084084115873	177.70960475911912	-66.77507312208037	173.90918266987194	7.4777848608469055	12.430658467672584	10.38903613085897	15.149859386807112
ARG	-60	-30	72	1180	0.061016949152542375	-72.99512385030883	-167.79594987436386	-63.839688908728974	-85.41109184092863	8.303641505153108	4.606596664072093	8.71060189320511	8.459619245916675
ARG	-60	-30	9	1180	0.007627118644067797	-58.06446084351476	-69.13160449733067	78.56044993090131	71.97690845666969	1.3394729904883063	5.44404030807006	5.9767765418208585	3.869641017131431
ARG	-60	-30	6	1180	0.005084745762711864	-66.52522330907995	-56.050415706812075	86.47514976104254	-161.00556852969865	7.730197007647454	11.893454523878777	10.323014331555298	15.986335313008745
ARG	-60	-30	6	1180	0.005084745762711864	-66.9667870135987	-74.29832315047021	-168.71883848191632	80.80781016018022	9.520470937997244	19.82479340417869	19.30391009511903	10.625565483914873
ARG	-60	-30	32	1180	0.02711864406779661	-65.74496234017306	-66.73116088928201	-178.54152445337522	-168.98730982010247	6.883121745600768	11.797472822697616	11.649518194825978	13.35696505280258
ARG	-60	-30	24	1180	0.020338983050847456	-64.15239255428672	-66.2991866547223	-69.9996180693023	173.1475962237628	5.675151835133899	10.77894801948668	9.120142119941596	17.203805365293636
ARG	-60	-30	57	1180	0.048305084745762714	-8.243360140207113	-9.774439522444329	-9.205754400491132	-10.25336794248015	21.50619447392076	23.26191417193676	22.23416615408399	30.125430028440842
ARG	-60	0	6	57	0.10526315789473684	-68.52573804089346	-175.00142225944873	179.01099216616424	-177.8819521693373	6.3809566985843205	9.826542535998213	7.44178637854964	14.935074482232075
ARG	-60	0	6	57	0.10526315789473684	-67.47872359789372	-166.30470280730526	-69.11744218988161	-93.09742923877397	9.13959380305163	7.335706125668832	6.140039070794454	6.503720569794466
ARG	-60	120	6	92	0.06521739130434782	-176.36255407723357	170.05003229703775	68.76438997044231	92.96452880381631	7.772535917673699	5.911888303765718	21.27105349430711	9.306311327975317
ARG	-60	120	13	92	0.14130434782608695	-175.5964445397091	174.13893540052686	177.60789609793378	-178.18753616539277	4.444091711659563	7.0813616875105065	5.4627974908649755	7.703149837463837
ARG	-60	120	7	92	0.07608695652173914	179.27715315651204	177.20454390278672	179.52966362519138	-85.50142937931263	3.530965938265392	4.372045619102813	14.859314935247248	12.271497239477592
ARG	-60	120	7	92	0.07608695652173914	-174.80042383134398	166.73734010031507	-63.34099323381192	153.84901394142491	11.59801280388683	20.502934986130878	12.788274359283236	22.330704662114883
ARG	-60	120	6	92	0.06521739130434782	-68.02790110753365	164.2867473824307	178.51613994199002	81.73638707204178	9.59548128340993	9.084124921448629	9.850938772525664	3.149581943856742
ARG	-60	120	5	92	0.05434782608695652	-69.30172105172325	-174.0350090585536	-170.74481342147604	176.24180679924038	12.77117475058195	7.42889733546202	6.405268744624482	3.9419874783947164
ARG	-60	120	7	92	0.07608695652173914	-6.14408150441574	-5.482354265600178	-5.516580457866931	-5.94818348867166	21.028591626173743	16.420176155917346	15.128837073544215	22.672905523100415
ARG	-60	150	10	137	0.072992700729927	179.17245432375836	175.30220066526914	179.94723111926842	-179.73112832733193	4.151587986742952	5.170886948175228	10.216280546640668	4.491276085255874
ARG	-60	150	6	137	0.043795620437956206	-169.2264374226967	178.99485478750873	-170.74839943764064	-88.71652946007002	9.424245214796533	10.133280469844484	9.463905539903317	11.708283526954174
ARG	-60	150	5	137	0.0364963503649635	-168.65230629761956	-178.02877474314627	-64.98258292916884	-88.06020327614858	18.433388895774858	10.828691030662354	12.576140900117784	3.0169432869395
ARG	-60	150	11	137	0.08029197080291971	-65.22676241235247	-177.83611598284295	65.3408581647475	-163.2023867174386	8.872005862981682	10.481873190044308	9.412200470822977	22.348706322624253
ARG	-60	150	14	137	0.10218978102189781	-66.77465589267216	178.05901348156223	171.88321776443857	-167.33864483874302	5.163657487926104	11.210742582678188	11.817410442192184	17.61259289100009
ARG	-60	150	6	137	0.043795620437956206	-68.87135784102847	178.48474813755408	-175.53085457148163	-83.51529584924181	3.222489064776902	8.362468534764869	8.60852405959022	19.143930626521335
ARG	-60	150	19	137	0.1386861313868613	-65.90413003550572	177.95684109291892	-63.10884077870187	174.80825482789666	5.697457376066083	9.31994435199221	9.400285389311138	10.502859928980076
ARG	-60	150	5	137	0.0364963503649635	-65.83851151476179	179.62106219840607	-81.12867726584196	-95.12174534364863	11.108864089697278	11.577725685723303	15.41173190692362	13.396429094282354
ARG	-60	150	8	137	0.058394160583941604	0.0	0.0	0.0	0.0	0.0	0.0	0.0	0.0
ARG	0	0	926	927	0.9989212513484358	0.0	0.0	0.0	0.0	0.0	0.0	0.0	0.0
LYS	-150	-180	7	23	0.30434782608695654	62.189825288793536	177.07305566511266	179.0442756021873	175.33294686540472	5.841494188058455	2.357657797101864	7.163693946810666	3.7271809780438527
LYS	-150	120	6	48	0.125	-177.1562855754717	177.60866306764106	-178.3561168016092	55.56104474405765	5.15253965497328	7.970633900937456	6.324086011347493	13.85074121632226
LYS	-150	120	10	48	0.20833333333333334	-176.9474491224002	174.40050048195877	174.35461562091615	-179.5941087381067	5.632136053703205	9.570069957037514	10.68966998834782	8.425725415779887
LYS	-150	120	5	48	0.10416666666666667	0.0	0.0	0.0	0.0	0.0	0.0	0.0	0.0
LYS	-150	150	16	101	0.15841584158415842	64.32167535542375	178.55878899416982	-176.35813730479416	173.3593382543803	5.835763108785055	9.909986718449002	6.964969254598077	10.270742753191326
LYS	-150	150	5	101	0.04950495049504951	65.10295725256663	-173.7743301874094	-168.72385070692005	-59.82388018791832	6.355580502095586	12.647678407031082	7.142921706335144	5.584922941570009
LYS	-150	150	6	101	0.0594059405940594	58.06584156338754	-170.7215126480238	-70.48882724300545	-179.0053394832281	5.444702020306235	10.16838788091785	13.545714717719841	12.30007953223979
LYS	-150	150	6	101	0.0594059405940594	-172.92704699482817	169.8561847057837	-173.89670502161854	66.98814393826656	5.748031214310919	5.5546746294225136	9.615738539410152	12.453297982735895
LYS	-150	150	7	101	0.06930693069306931	-175.904376959108	-179.02125827358847	174.3724311628378	-179.75694148586987	8.964345859072079	11.787012974233773	12.005719079386974	13.127124482295207
LYS	-150	150	11	101	0.10891089108910891	-66.1536500165453	175.42339934861832	-179.19114654957897	176.33638012710682	13.359383364363026	8.530163499394531	3.193541490427792	6.7456892918365545
LYS	-150	150	5	101	0.04950495049504951	-66.68424907117446	-71.86022597707934	178.86840063088056	177.03075675866063	3.5126105772542746	8.890838117393237	7.087738721613478	5.417490947304924
LYS	-150	150	8	101	0.07920792079207921	0.0	0.0	0.0	0.0	0.0	0.0	0.0	0.0
LYS	-120	-180	13	40	0.325	-63.02405948645967	-179.06963472718704	177.53344690321597	-179.59069783157858	4.689262201250498	9.256203391031438	6.1784495188849435	6.389088620106719
LYS	-120	-180	5	40	0.125	-1.376458518245865	0.0	0.0	0.0	13.695951601475805	0.0	0.0	0.0
LYS	-120	-30	5	49	0.10204081632653061	-65.8495741330568	-178.2345325845679	171.254131400033	69.81196182663469	7.363684161232152	7.486724872708422	8.540412274918005	11.078102625833138
LYS	-120	-30	5	49	0.10204081632653061	-61.18102864454441	-177.21914655756376	176.4576388273707	-170.35062335115285	10.452310748864093	4.451584899358848	7.004905331133542	5.1881041482966355
LYS	-120	-30	7	49	0.14285714285714285	0.0	0.0	0.0	0.0	0.0	0.0	0.0	0.0
LYS	-120	0	10	37	0.2702702702702703	-67.46270408283766	-178.10787037448048	176.5400710294187	178.47050850408206	9.17771497732235	8.709685689564473	7.753704779956388	6.617708312275452
LYS	-120	30	8	35	0.22857142857142856	-63.578967951070375	177.07837795954805	179.641489164388	-177.0834785982039	8.98419403052108	6.789279268348797	4.499755168017809	5.1641716900533
LYS	-120	30	6	35	0.17142857142857143	-72.44629405012603	-80.54528710121667	175.46453928746007	75.66376508236498	3.2909700894284337	11.01721653148516	21.20031187959159	12.469329525049538
LYS	-120	30	7	35	0.2	-0.36648042244997	-0.36574011480343205	-0.25315000194392095	-0.3389266419721346	5.464338028636562	5.641878121141435	7.053512477525788	6.386361574397064
LYS	-120	90	7	29	0.2413793103448276	-60.992688243426045	179.49047381792553	-177.87903703886477	-171.66013611742397	4.8392072449791215	5.179748002449414	3.4076422271904585	4.968230926390403
LYS	-120	120	6	130	0.046153846153846156	-179.347764968819	77.74941887487537	172.48730466484065	-178.169387992976	9.066409597264101	3.6219126870804104	4.155899711049703	6.703667822715861
LYS	-120	120	10	130	0.07692307692307693	178.9875024725868	171.3722983469355	81.97376140352958	170.1936503306994	7.017301967577824	8.495988299114313	11.281660372135214	6.237142697030039
LYS	-120	120	5	130	0.038461538461538464	-179.56568443832597	-177.52201422267706	167.328898124858	55.89364002477776	5.309516185061959	9.539264136652985	9.241871495037612	8.366345171230456
LYS	-120	120	28	130	0.2153846153846154	-175.61183428832504	175.54431458439566	179.19768093031104	-178.9988214018616	9.337059634752396	8.264142605512506	8.47085117299147	8.604429856083367
LYS	-120	120	6	130	0.046153846153846156	-174.23880875676468	166.66808548224753	-177.12889341216777	-68.65208981631214	6.850029714215836	9.780635294473152	8.736081561664339	4.827423136295634
LYS	-120	120	5	130	0.038461538461538464	-169.3154920202095	-170.27623433888823	-57.07165622584135	-179.25404708777214	5.111170315210975	11.42976091411985	5.027582936601906	2.198658523497944
LYS	-120	120	20	130	0.15384615384615385	-63.600493878299275	-177.58441625471863	177.73633315242458	-178.89169711570494	7.639061963538862	8.741754614254756	8.667711661344699	9.969336609849003
LYS	-120	120	6	130	0.046153846153846156	-55.372778140852525	-58.32714482541095	179.76534841662405	-174.48567478655946	5.2326855138065955	8.251934195815013	7.192546113775526	12.61191738723014
LYS	-120	120	13	130	0.1	-0.00849717005871571	-0.008528645679104293	-0.008502806487349331	-0.008551634563079894	0.7816931416040448	0.7970702373653499	0.7841411895213949	0.8610104709912058
LYS	-120	150	11	160	0.06875	-174.61055100469076	178.8752179727481	-174.74636670813683	179.95960058737884	13.197012187794927	14.018809127012306	13.264303010247737	11.678572823038749
LYS	-120	150	11	160	0.06875	-65.2000382159325	-177.57022199152536	69.14743290701088	170.31555537780724	5.934479355975855	10.718850028596336	14.264425073260592	5.938949670540125
LYS	-120	150	6	160	0.0375	-53.258040490100605	-169.3248482862388	-174.6849846829063	73.06891570290585	6.493565381343108	15.767218351947495	7.301544063566581	7.142004196864355
LYS	-120	150	28	160	0.175	-63.412770355219536	179.52054253310163	179.2692042782572	178.4638987339156	7.899520638819817	8.080561694916558	9.719695699827291	9.999767926173996
LYS	-120	150	13	160	0.08125	-64.90598116646507	-179.86422914158283	-177.04803272312705	-63.674394788206634	7.166246986160292	7.411917986167617	7.410844057934486	7.377664962444209
LYS	-120	150	8	160	0.05	-69.60298398193191	177.40881736974723	-65.00829254268515	-167.81648089172882	8.811971409024988	8.448232516272524	6.272647189183942	9.791735282556122
LYS	-120	150	18	160	0.1125	-62.437587449184775	-65.48963664732264	-178.36203599498782	-179.16010706471891	6.093691835552733	5.702155121838078	6.563017895542973	7.997252576454812
LYS	-120	150	15	160	0.09375	-4.610857431212674	-0.2854341487377997	-0.2974089816136447	-0.2934870961990374	17.590617381033923	4.8311589969057485	4.959120345991925	4.566352634004609
LYS	-90	-60	7	46	0.15217391304347827	-179.5167468399239	-172.0514337127406	-173.55041640353028	-179.44125545437643	13.200431024627926	6.982846220553354	8.217499628537634	17.379332307053897
LYS	-90	-60	6	46	0.13043478260869565	-79.27525038637233	173.11440665882913	56.18208066475897	-177.53112423293382	15.22481883031656	8.053249882228465	7.699913430801755	3.195840072570247
LYS	-90	-60	6	46	0.13043478260869565	-0.6650475740548805	-0.7228309756349751	0.0	0.0	9.24117522541926	8.580392192329754	0.0	0.0
LYS	-90	-30	9	254	0.03543307086614173	70.2426695663048	177.84659546634126	-176.89210959410588	173.76539826883874	7.212089608644559	6.913497101285613	4.909846305852054	6.746482016558015
LYS	-90	-30	5	254	0.01968503937007874	-171.25802122382626	164.66958863120462	66.20004628642047	177.56251282229368	11.216012046632919	9.746806775134786	12.839291646001668	5.505142203074949
LYS	-90	-30	5	254	0.01968503937007874	-173.57166896918733	166.69865276748624	175.95217937351077	54.84683346557609	18.370724541057452	17.748652735415313	6.088717397478288	7.458931150227261
LYS	-90	-30	15	254	0.05905511811023622	-178.7997552406544	178.575468802697	-179.1371417327568	179.70330585704252	9.567499176942428	9.296011409745645	7.523852159198297	5.9339322095243885
LYS	-90	-30	8	254	0.031496062992125984	-169.52409896504034	179.30846513625596	-61.9598915628154	-171.57265698866257	14.659366584561981	11.531192338776258	15.034696945700125	11.819900230607114
LYS	-90	-30	6	254	0.023622047244094488	-68.36559853107183	152.81358971506344	68.9186606177723	172.35459105768055	16.948464765269293	15.74642124187402	5.575151887951673	8.593957027455723
LYS	-90	-30	13	254	0.051181102362204724	-71.20782085617557	-177.6092635890503	179.43963649455875	71.20118187778793	9.210535396758281	9.678092756639021	13.27182712804615	10.608986364034735
LYS	-90	-30	64	254	0.25196850393700787	-65.73475572746291	179.2194529061714	178.01733649402104	178.92973687246493	6.499101028317458	7.418913507708748	6.993414956334978	8.344319352103401
LYS	-90	-30	8	254	0.031496062992125984	-64.0035706340391	-179.32854734323098	171.51584332612103	-65.7261631842592	5.551634079565021	11.067630666805456	19.040763166223094	9.456149675798514
LYS	-90	-30	8	254	0.031496062992125984	-59.6783849477697	-170.60079056295152	-82.38986887822381	-156.19685048247632	13.72362720115242	20.300637636906764	6.883266052396712	25.331879052804343
LYS	-90	-30	8	254	0.031496062992125984	-65.88017534276301	-168.91499399039643	-55.14188109002492	-57.12216305318716	10.054118021320365	15.891448392239548	15.873636460645226	11.610925257693824
LYS	-90	-30	6	254	0.023622047244094488	-56.9269927541487	-76.7267298915439	177.11149041382478	56.92810882837757	4.927573351220187	12.752369433404054	7.2854095209914576	13.59389921413138
LYS	-90	-30	24	254	0.09448818897637795	-59.41723154870285	-68.650438623899	-177.54465560493492	-175.57135270885001	9.203052775729669	10.892840941045312	8.188746189083153	10.96138690034057
LYS	-90	-30	9	254	0.03543307086614173	-60.83091349909589	-63.7672390128019	-178.63284030748122	-65.92013407767388	4.309138395437782	8.666742186873899	7.630224299990281	7.78892540146726
LYS	-90	-30	26	254	0.10236220472440945	-0.009482737334849374	0.0	0.0	0.0	0.8068972959584055	0.0	0.0	0.0
LYS	-90	0	14	180	0.07777777777777778	64.44852662570757	175.4579058746049	177.2180882066342	179.80755586636658	4.267256501590027	10.841493759930984	16.334511795005383	6.011452768461566
LYS	-90	0	10	180	0.05555555555555555	-70.49224294558988	-174.75162054186177	65.5459605089746	179.26653887389648	12.296197173275388	10.931548127822241	7.250878748165684	6.688673419925548
LYS	-90	0	16	180	0.08888888888888889	-72.8117096407631	-179.4208733915829	173.70514756078046	58.697947442207656	4.27207938591661	11.547220387900476	9.398137451929307	14.65604508050843
LYS	-90	0	38	180	0.2111111111111111	-64.53877259066289	-176.79371590568533	174.9529483013987	-179.14084019046496	7.142549887379433	12.526073900305265	8.89004026836347	10.60394761445123
LYS	-90	0	9	180	0.05	-75.37478843142979	-177.6239157688111	-174.99096315102025	-65.20183524318645	8.682421097178807	17.207294894464066	15.521059309161899	15.703351393007251
LYS	-90	0	5	180	0.027777777777777776	-66.57441683695771	-168.99151308610584	-73.12852396791882	-176.4005366923792	9.979339992576351	4.127436738229502	7.012240380150981	7.420825470945235
LYS	-90	0	8	180	0.044444444444444446	-62.275258107052125	-64.96121147577294	175.697265556543	56.20591146085804	4.910445700785979	5.740602381670017	5.55312804192445	14.842012575359307
LYS	-90	0	20	180	0.1111111111111111	-62.095886807015674	-62.11524466945358	179.1847047821179	-177.50458701624333	5.0729668832134225	7.62719213054515	6.877812418121895	7.787272105614355
LYS	-90	0	9	180	0.05	-63.198890056148876	-62.13054768590004	-162.40143393268275	-56.530548803731484	5.986512481058646	13.924458269825273	17.97057877369864	11.045263365980212
LYS	-90	0	7	180	0.03888888888888889	-58.38118321731974	-59.39336467877041	-65.84532003217488	179.16603162805018	6.5634583724787605	9.502291759217007	8.114652283118323	3.373651410770344
LYS	-90	0	19	180	0.10555555555555556	-0.6127237358584047	-0.0002766851013494398	-0.00026260408861655154	-0.00025937628540038433	6.673847625308345	0.1424741545935031	0.12264236075555829	0.11965358880816492
LYS	-90	30	8	30	0.26666666666666666	-64.81524184661079	-175.3582929455501	177.2754317705502	171.9074233732402	6.983485341597191	5.115212921252276	2.588190108542287	9.796976082244733
LYS	-90	30	6	30	0.2	-0.7074098570917602	-0.7415872244326717	-0.6965925617415047	-0.687536631694448	6.5119943226892225	7.586260199408783	8.949199422085227	9.043845548907132
LYS	-90	60	10	29	0.3448275862068966	-59.31339987992986	176.40457363804055	176.6850020555668	179.47162140180788	9.181974459249938	4.558949331488021	11.508504626708339	6.9013460820578505
LYS	-90	120	8	167	0.04790419161676647	-177.35563160423987	78.02874474750506	-177.35201744694027	-179.1016709655626	10.31212033041977	14.359174935769403	16.745414500728852	5.257760702744212
LYS	-90	120	10	167	0.059880239520958084	-171.8480678009953	167.6675564538417	66.98945127376761	175.69091656319515	8.497517966057025	13.878103255310076	6.989809597990168	8.279304931424406
LYS	-90	120	8	167	0.04790419161676647	-171.941129970395	167.40555008604662	173.95645483082927	62.613589588879485	13.580090890806781	16.98066671451731	11.077856029634628	20.240240800005505
LYS	-90	120	18	167	0.10778443113772455	-178.1485413575772	178.6742049494978	176.07662199173515	179.67272441069466	8.282853000595644	9.22623636480421	11.243917825395217	8.458448219528652
LYS	-90	120	8	167	0.04790419161676647	177.9110131972014	177.05295684996923	175.05937209604326	-65.657813909135	9.870619541216067	7.321870112257024	13.54821328607795	6.135542808018602
LYS	-90	120	6	167	0.03592814371257485	-170.3791852993893	-174.2741413513653	-64.17094153930633	178.4005386380132	7.002675092804772	17.715927428670362	6.416537827110868	2.679856410371059
LYS	-90	120	24	167	0.1437125748502994	-67.62562251878926	-176.047847867739	-178.44318777216986	-179.7944730176911	7.141771826538079	8.634983769503467	6.3571463835172946	11.83106626776234
LYS	-90	120	6	167	0.03592814371257485	-71.2456269106659	-177.50143267853687	177.66142689964857	-62.31967271622228	7.86061936992299	13.879554888083526	17.210872339224025	11.538054561805389
LYS	-90	120	12	167	0.0718562874251497	-56.66146834609233	-67.09560498521752	-176.79472559687912	179.80307624510027	5.970190455035551	8.937515547768745	8.282733897012955	8.456443571837275
LYS	-90	120	6	167	0.03592814371257485	-55.85946237999634	-60.54130846804957	-178.80781811257555	-62.6741355259125	9.182706018290002	9.637039343084412	9.47969422935678	13.387256032346675
LYS	-90	120	14	167	0.08383233532934131	-0.004597966395563925	-0.0046781559455517695	-0.0047623702524509865	-0.004543889896486339	0.5326145114605194	0.5583044025192292	0.6447280951048311	0.7188781152535497
LYS	-90	150	7	126	0.05555555555555555	-176.16051840311806	-179.38019839822437	-179.9057731841488	-178.68562576528137	7.5595893579480435	6.29577433794534	7.3787626990902515	5.508960698249056
LYS	-90	150	5	126	0.03968253968253968	-69.90655749301003	-175.76919451823053	65.72620408632801	-174.27645042561588	15.81639360445719	11.236340630762625	3.515383464237391	11.093615119764873
LYS	-90	150	7	126	0.05555555555555555	-69.57691399354904	-166.91703987640824	171.18997894828112	71.04957304218289	9.437673556494637	10.009271331832373	11.350278181698343	15.309452987707088
LYS	-90	150	32	126	0.25396825396825395	-67.03550114152414	175.92095760270448	-178.0715694660701	174.71681296710918	7.753114063277944	9.276719380926885	9.094349072194186	8.12193344088832
LYS	-90	150	10	126	0.07936507936507936	-70.8373815575361	-177.42789643899673	-86.06709507853722	177.27215757468724	9.971344964509015	8.84466027841773	10.742007037236402	16.463046894595948
LYS	-90	150	8	126	0.06349206349206349	-63.305473669274306	175.33729785930316	-15.113421571495724	-15.076937598522871	5.256367417926065	9.158055522739916	31.305567581493506	32.09438685587428
LYS	-90	150	5	126	0.03968253968253968	-66.00167381980387	-88.63608743323044	-171.51904223261744	68.48443898126231	9.414557396935328	18.717459728737737	8.101301186825056	12.136296701221571
LYS	-90	150	14	126	0.1111111111111111	-59.47214089927218	-66.7666757932147	-172.40147935860128	-177.32147518517343	5.585608518943383	8.043855480693066	5.981583781837341	8.236382922387016
LYS	-90	150	10	126	0.07936507936507936	-0.04127519151623215	-0.05135529675981823	0.0	0.0	1.2774314770448372	1.8611102138234403	0.0	0.0
LYS	-60	-60	15	518	0.02895752895752896	-179.63492640413955	63.84187738464195	175.114705116591	173.40121041464283	7.028113839408061	6.24624806332857	6.62818263702871	10.964700592278849
LYS	-60	-60	27	518	0.052123552123552123	-176.69219041025576	177.6453638744266	70.48045562732815	176.2349643776548	8.152131319263518	12.319213646266181	10.936178532494145	8.107819299396777
LYS	-60	-60	24	518	0.04633204633204633	-178.06346079962677	-174.81171862508617	172.2200872823477	65.3697579440036	7.777759433439254	7.641966829537098	9.752740826297474	6.815238567864405
LYS	-60	-60	86	518	0.16602316602316602	-178.7163105647268	179.13202772985596	178.50241504410346	-179.44480416386776	7.502481683615092	8.847552259618691	8.245041630580651	8.414690645797354
LYS	-60	-60	33	518	0.0637065637065637	179.08691819950323	174.56829292054596	179.66638292122002	-69.5773713220097	7.200475574277099	8.698585328867125	8.678284373064814	9.644375081225261
LYS	-60	-60	14	518	0.02702702702702703	-163.6803116087958	169.56126795366413	-58.139592006205824	172.34197063171365	9.822749994009898	10.163186228661054	8.184689958658064	12.110603234092064
LYS	-60	-60	7	518	0.013513513513513514	-172.9866094064603	178.88269623974065	-59.1686147494022	-46.15066478303835	9.532949328180976	12.31385128763276	28.974608251206284	33.20231296368516
LYS	-60	-60	9	518	0.017374517374517374	-157.61237307811723	-83.0547173716953	178.00204610131024	-52.86972792228766	13.476314219115574	11.50476994084048	9.949024149460797	13.290352190422347
LYS	-60	-60	6	518	0.011583011583011582	-61.65134259002608	-164.8765625363508	74.47070315644437	73.06680276022996	13.095427272320876	19.833682303537536	4.453666721241372	8.352053654513233
LYS	-60	-60	25	518	0.04826254826254826	-73.0902934224377	170.426311675141	70.51829054004762	179.49486588014042	11.4246461776117	13.132756776537725	13.995151261817771	7.134990832298355
LYS	-60	-60	11	518	0.021235521235521235	-65.18617352689427	-170.81307998103512	-170.32972142909384	73.79682706635995	6.836555294823112	8.166472661950989	12.349830990144973	12.559361606356921
LYS	-60	-60	82	518	0.1583011583011583	-68.62635869110326	-178.71871258112986	178.76630086570336	178.25253663986467	6.696647947377624	6.9023215470657675	6.4786523349495875	6.766812198898698
LYS	-60	-60	12	518	0.023166023166023165	-62.46740050891445	-178.21102967938253	-176.86014893471278	-64.33611468693769	8.106363663570306	15.087927056234115	7.2495567839509905	8.551968190190241
LYS	-60	-60	6	518	0.011583011583011582	-71.77214636658269	-164.57309553202086	-63.20343400435095	-174.58278501168024	7.251119334943891	9.000781163082966	7.04806280855688	14.63568721641877
LYS	-60	-60	7	518	0.013513513513513514	-81.40540964570675	-164.22898474442542	-75.53743150930796	-76.26676472893244	11.939086631298178	10.990544171910178	16.80519293195495	19.99152296421535
LYS	-60	-60	16	518	0.03088803088803089	-72.01103455444328	-74.60356560120243	177.12428140067624	176.92064206281836	13.358222707889826	10.237774926964407	13.424248693302903	22.387933635774683
LYS	-60	-60	5	518	0.009652509652509652	-73.57420148458448	-71.55786386887658	-167.21042529848575	-54.73435423335135	11.88503413586112	10.055744475870672	18.054958721765402	13.064379908341689
LYS	-60	-60	5	518	0.009652509652509652	-77.10687292938108	-89.84887488337155	-63.306428322652636	-177.85165389251694	14.790737418452485	14.746342744641868	12.479282953633781	5.65979234520044
LYS	-60	-60	82	518	0.1583011583011583	-0.0023615853493425135	-1.7923656992453517e-05	-1.7252504400789715e-05	-3.2241841631552e-05	0.39668238912700193	0.043447192803135935	0.03674207154005908	0.04449097558528059
LYS	-60	-30	5	1344	0.003720238095238095	56.57681109777326	173.9222092560023	69.1267320598577	67.60611171360132	26.47494895904852	4.405373408657206	14.290115287689964	16.653528004767786
LYS	-60	-30	6	1344	0.004464285714285714	68.86749072592372	176.72790640857662	69.05458943844963	174.71260145411796	11.406860746503545	8.303251766316532	10.710715316625112	8.99709089287255
LYS	-60	-30	8	1344	0.005952380952380952	61.725519091496714	-176.8930935882653	163.34180788317258	63.31025945926392	6.326018826134451	6.339442500083197	15.078156672795876	7.7156372863188825
LYS	-60	-30	33	1344	0.024553571428571428	67.26236418205085	-176.6781418776105	178.39801017248413	-179.72364715760858	5.093228154387385	8.222967119529597	11.844838306863272	8.102472779012075
LYS	-60	-30	7	1344	0.005208333333333333	57.23633630936565	-163.32486582934615	-66.50267504638514	-177.90681982677359	17.352910623889088	11.7471338687606	11.583029205867112	12.266114308016808
LYS	-60	-30	18	1344	0.013392857142857142	-176.69396959009296	59.25617483109372	65.50728802030316	179.36432927034454	8.260061737299422	7.445647207395031	6.239498241113952	9.337207823052966
LYS	-60	-30	11	1344	0.00818452380952381	-179.46361116403847	69.08696739681704	162.9718703548319	62.58843607692524	11.502866828604358	10.671288014105588	21.066866451721893	13.722273961350894
LYS	-60	-30	50	1344	0.03720238095238095	-175.08543796989514	62.25235813899749	178.65417874622915	173.63178292822218	9.168717095177154	8.256968631038983	9.941824772092467	9.253441547673452
LYS	-60	-30	19	1344	0.014136904761904762	-174.90146782812556	68.15278864259737	176.346497673406	-57.39619040665701	7.87427073106018	7.316028945867175	9.1532625614085	7.718531312163758
LYS	-60	-30	7	1344	0.005208333333333333	175.4279279632413	164.20893859237736	68.09425228809889	68.57970426212154	8.1753151466625	9.008915396777763	17.565921865131024	6.384603141970715
LYS	-60	-30	27	1344	0.020089285714285716	-175.20538799018743	176.64016543304862	73.87573571494286	178.44285056976415	9.644442057588028	14.287648187399977	12.63853598495059	9.781268090552913
LYS	-60	-30	7	1344	0.005208333333333333	175.63961957506928	175.53543445834606	84.42201921453142	-77.794119375757	13.01454780496873	23.48790473166637	10.92454013601742	6.41235539746594
LYS	-60	-30	43	1344	0.031994047619047616	-178.83050636511138	177.04099682980538	172.5313453673021	62.239762722488756	10.70763158741585	11.609739443102004	13.71198305149663	10.246621909011763
LYS	-60	-30	142	1344	0.1056547619047619	-175.3221569314371	177.82035931583266	-179.50895766014915	-179.3577241552651	7.660424654369633	8.653281243692852	7.885324019835099	8.38910711996642
LYS	-60	-30	33	1344	0.024553571428571428	-176.7681824736546	171.99259906994732	-179.69957075244793	-67.72519420376356	8.95116666011993	12.241776733747317	9.787337505332431	11.875517462207975
LYS	-60	-30	7	1344	0.005208333333333333	-175.05800790969934	178.37576224556364	-71.73441932315039	64.03457557223396	9.074920236323901	9.408648805561649	3.56047663490114	10.073458624195796
LYS	-60	-30	39	1344	0.029017857142857144	-171.84590677172056	-178.4111508021834	-67.27532356902158	-174.27084716111395	10.918819284607988	12.552526723265139	14.638290452862247	13.922417826219263
LYS	-60	-30	15	1344	0.011160714285714286	-172.9026177696928	-176.015918590064	-58.033544102959894	-62.782317133490835	7.248625320467643	13.593430910853574	23.672609776971196	23.264668921491925
LYS	-60	-30	9	1344	0.006696428571428571	-177.71063714273703	-93.1730952053758	-177.1184568509241	179.58013452180762	15.322018488553624	11.069791004105836	6.748819359076123	10.189215971911352
LYS	-60	-30	6	1344	0.004464285714285714	-138.97001915906412	-61.726682581141766	-177.91795695323617	-84.69190051085302	9.937903043078693	14.889767644513265	15.342567615902272	22.673440287585066
LYS	-60	-30	6	1344	0.004464285714285714	-168.12115891959613	0.0	0.0	0.0	9.017871691210622	0.0	0.0	0.0
LYS	-60	-30	5	1344	0.003720238095238095	-84.33418494419001	88.14281940418395	163.37939939730202	81.78275903342221	12.375918521583229	15.06469191554193	12.143515258429629	17.872562191115197
LYS	-60	-30	13	1344	0.009672619047619048	-88.06740583073473	74.23722154759491	-177.32246584157406	-175.52789163322592	11.729093275718922	20.729254754918983	19.114888350345563	16.926350167500605
LYS	-60	-30	24	1344	0.017857142857142856	-72.20819495388764	171.48945961204709	67.42238184867495	62.24670610745145	8.63146498559074	14.040112175868018	12.25597327448356	8.208593413219548
LYS	-60	-30	52	1344	0.03869047619047619	-68.66075619299623	172.86420827807856	67.51744656291609	177.20515078529246	9.058283203036257	11.095532969577416	9.63021789389486	9.901788398796866
LYS	-60	-30	6	1344	0.004464285714285714	-57.350137945858044	175.12609774613483	90.68810881749603	-62.59726995659757	15.0258016206655	7.8434072997659685	18.735360853363883	9.72674397610348
LYS	-60	-30	53	1344	0.03943452380952381	-70.90487088569488	-178.01331926012298	172.0138330919194	64.77411828511623	5.783764225182168	9.70889307347955	12.15658900883383	11.249418153324324
LYS	-60	-30	283	1344	0.2105654761904762	-70.39192625479583	179.64287787927964	-179.9504938132743	179.15135979417394	6.817424442059634	8.550219591237614	8.68120759847508	8.511772378638035
LYS	-60	-30	63	1344	0.046875	-70.94133477276651	-177.83677660882563	-176.27984114480665	-65.27606181782798	7.410281313198028	10.693024084151336	10.851936567794517	11.718266026850817
LYS	-60	-30	45	1344	0.033482142857142856	-68.51490751420003	-170.75825345877286	-71.76134906343837	-178.41456450398599	6.428519162112868	10.17635437724478	12.525493901971128	10.501144821972781
LYS	-60	-30	19	1344	0.014136904761904762	-67.05960521348099	-157.4368294631777	-68.84899091739882	-61.776579006262864	9.934744511059435	11.32305272514178	25.82860385468345	27.8277534664961
LYS	-60	-30	7	1344	0.005208333333333333	-63.65617326405009	-73.7298651064689	87.60894452791462	169.23893895532123	9.894768716206768	10.398110309970074	14.747830970237619	16.867467546573035
LYS	-60	-30	15	1344	0.011160714285714286	-60.87208581596585	-60.69200484290441	175.73181600453503	59.43904242049318	11.271924206318067	18.81022505319365	14.179588523696516	13.625574784851292
LYS	-60	-30	46	1344	0.03422619047619048	-66.27349094573846	-62.523099575964125	179.09908465353294	-179.27199465447794	7.846824551024059	9.527645236199024	7.946382001320804	6.2453799628081414
LYS	-60	-30	16	1344	0.011904761904761904	-63.87449616785512	-66.19995960987193	179.378325209377	-67.82275808402103	8.97375403756815	13.023525884492921	11.698574267433179	7.426331746509966
LYS	-60	-30	10	1344	0.00744047619047619	-66.95962780009714	-71.0514898907526	-66.40124127191561	-176.40844057516927	11.63164401142356	12.844231464799051	9.490082862952027	5.231860399899969
LYS	-60	-30	149	1344	0.11086309523809523	-0.21317188489842193	-0.0016396301932611874	-0.001723263944994514	-0.001194398953457299	3.0536979984383534	0.33533549606622753	0.36305712690694814	0.2652157590486311
LYS	-60	0	13	61	0.21311475409836064	-62.457384198234976	-175.81169226667515	177.24482692255663	-178.0133177314283	14.337856477548302	12.975975981196639	7.334685567795858	6.391677762581603
LYS	-60	0	6	61	0.09836065573770492	-62.325280416973904	-74.40143605821024	-159.18231397491306	-62.30277634183896	8.593313010886138	12.344973965754237	14.984958571627068	9.714595248885168
LYS	-60	0	8	61	0.13114754098360656	0.0	0.0	0.0	0.0	0.0	0.0	0.0	0.0
LYS	-60	120	6	114	0.05263157894736842	-178.3724415341073	-172.70405408729133	-176.99664661484562	66.50252286647415	4.475529484293459	9.062887828724625	11.722953808055529	6.568871628203512
LYS	-60	120	30	114	0.2631578947368421	-177.13834904598164	175.4401940544033	-177.94538512633721	-179.34335000904872	7.140578059090424	8.87842705441806	6.927565775597084	5.400148924313567
LYS	-60	120	8	114	0.07017543859649122	-173.26141584593063	-175.20297086929097	176.06507800349416	-69.29774045990071	8.547019864667888	16.5868510075318	19.206666551904252	11.007252181237266
LYS	-60	120	5	114	0.043859649122807015	-174.84506234388832	-170.07559776520284	-71.9772874982902	179.81594238496433	11.506139092383192	4.399448556308791	18.444938387426152	7.362192655723494
LYS	-60	120	9	114	0.07894736842105263	-61.821961307198265	179.22221467449606	-169.0613829815022	-177.8674512909974	8.377633197215662	6.863062095425367	13.487522686481793	6.669014740570576
LYS	-60	120	5	114	0.043859649122807015	-65.78361129751057	-174.5028758558855	-171.21781641726596	-46.741614591943176	4.973642579823605	4.054243350927874	8.059295649412109	28.316622064235954
LYS	-60	120	5	114	0.043859649122807015	-55.65277307434963	-86.94870662834285	177.10436757081382	-91.69373717017706	13.395955728423653	12.989682009879155	9.25888824941321	12.538621976500401
LYS	-60	120	13	114	0.11403508771929824	-0.008557289844746284	0.0	0.0	0.0	0.8195650607939539	0.0	0.0	0.0
LYS	-60	150	5	156	0.03205128205128205	60.95037988549083	176.54306718161462	-177.51164037782178	177.03791866693683	3.6306749728476686	6.575328049407336	6.403970781290912	7.943126525746706
LYS	-60	150	6	156	0.038461538461538464	-170.3041775767603	173.3661209488865	178.14911244423556	61.04102449526464	8.82845069337969	12.534249570697813	12.245076660275043	4.211804415225353
LYS	-60	150	8	156	0.05128205128205128	-178.94875728099206	-179.46216917055355	-172.69909653564864	-179.18371952345163	4.629614731292132	7.6683701156307995	24.005327125983456	13.67233503138583
LYS	-60	150	7	156	0.04487179487179487	-72.14667938310976	89.09308090565482	175.91130084232748	172.6300165465799	16.840245191014763	22.62976641025695	9.000262216823678	9.726633068345999
LYS	-60	150	6	156	0.038461538461538464	-62.70938983812882	-168.02926915566394	84.43721834078839	-174.38939332691868	10.169897876160363	25.352135612818042	13.714717983334678	17.34994869938526
LYS	-60	150	9	156	0.057692307692307696	-70.76591705631503	-173.6906348268339	179.7917439494333	66.6511488307679	10.318874945491775	9.818952348615667	13.86110211074037	10.87488895248215
LYS	-60	150	27	156	0.17307692307692307	-64.56570988243553	179.47779081529768	178.75495973794685	179.6872842314935	6.197236903450561	8.10452205809975	4.645114372227061	9.824647819420985
LYS	-60	150	9	156	0.057692307692307696	-72.71894622951676	-175.86628972611587	-176.24147958608566	-75.67479756508246	5.6008634659017025	26.084294232951798	18.037460676099464	7.808855027495678
LYS	-60	150	6	156	0.038461538461538464	-67.05048196841301	-169.3422615213883	-73.15329758729106	175.20925725374835	9.488215101973621	12.605183776774194	17.35878255811103	10.882015336556627
LYS	-60	150	5	156	0.03205128205128205	-67.87841215722327	-172.2108648277581	-71.9264580152337	-58.145912227307285	8.57134867595364	8.02169654548412	13.571904480848092	12.27463474782117
LYS	-60	150	5	156	0.03205128205128205	-59.72665782349951	-67.83222362251732	174.98035945361434	-174.34464955519752	5.011567434227214	11.61620433588778	6.046375260009666	15.140314409483716
LYS	-60	150	8	156	0.05128205128205128	-69.50937393180357	-73.83671550166432	-177.37596767160335	-64.54919273231494	17.92079016490864	6.258417762757669	18.703941655560204	11.854416805271468
LYS	-60	150	24	156	0.15384615384615385	0.0	0.0	0.0	0.0	0.0	0.0	0.0	0.0
LYS	-30	-60	5	27	0.18518518518518517	-177.17874457188893	171.84556989138187	-176.64655986054018	-177.77395029558036	3.7928899173957946	10.551615020220579	8.25410348064481	11.522559824101462
LYS	0	0	1134	1134	1.0	0.0	0.0	0.0	0.0	0.0	0.0	0.0	0.0
LYS	60	30	13	55	0.23636363636363636	-59.95188826554265	-178.68902017407294	179.98718010216027	179.33824139705453	4.378900961725571	7.30383570029465	6.223363137516805	7.459287396539019
LYS	60	30	6	55	0.10909090909090909	-58.87128684310954	-72.82115203495698	-177.33536670206428	-171.8151156464527	6.448543680167491	10.715650298501599	5.725095979802382	5.846533909928979
LYS	60	30	14	55	0.2545454545454545	-2.281206659341775	-0.004657402486020368	0.0	0.0	10.782319278814771	0.6928259319366106	0.0	0.0
LYS	60	60	5	21	0.23809523809523808	-48.23986263052848	-62.12727529021926	-177.56683337979663	-168.58564181039233	9.241810723930339	7.177532064177728	10.89563823231256	13.698288155370097
GLU	-150	-180	8	29	0.27586206896551724	59.599102107833865	-169.83604218906092	44.3336754146803		9.680567115906923	4.5442073291336715	27.176254938061806	
GLU	-150	-180	11	29	0.3793103448275862	58.72776387015986	-178.86770987381888	-22.02675896203233		11.171375805550548	7.508609210912808	16.90561423277566	
GLU	-150	-180	6	29	0.20689655172413793	-57.18103499712025	-63.684588748688576	-21.761782102990328		17.053988552665633	15.70615565660458	11.249293147155727	
GLU	-150	120	7	51	0.13725490196078433	-172.78032613711434	69.13582718983893	45.28990867288809		11.443938702529664	7.602284888793206	10.513689166135675	
GLU	-150	120	17	51	0.3333333333333333	-169.70823509092907	176.06032904952076	35.636596827269294		6.46331120258547	11.795881172322193	17.490195942394145	
GLU	-150	120	16	51	0.3137254901960784	-179.86279445430722	-177.19692826196038	-45.50530900055646		7.3523868801790595	8.634289439405373	18.960818073904978	
GLU	-150	120	6	51	0.11764705882352941	-59.646979597605736	-179.70450116877464	-50.31612641410568		18.093132882986982	11.42333939221854	22.767866278572836	
GLU	-150	150	15	115	0.13043478260869565	60.7485716670867	178.29597919143185	31.343291242367613		5.78087725855478	7.635139925358656	15.2348161654101	
GLU	-150	150	16	115	0.1391304347826087	61.602075209925246	-176.71668591700555	-20.596557603006794		6.2815350483213575	5.0206679732439286	16.79228931341393	
GLU	-150	150	5	115	0.043478260869565216	175.6657471897106	58.463059140503205	57.96790714589413		10.54956175511625	6.866936451477534	13.902601039718332	
GLU	-150	150	14	115	0.12173913043478261	-177.32912825709752	174.74127366181594	28.669282805316932		10.77574409529137	7.531168810101513	16.228858719022845	
GLU	-150	150	8	115	0.06956521739130435	-171.94054837551553	175.21032495353188	-39.8881688929816		12.813079053853487	5.985511716710173	20.99765208266014	
GLU	-150	150	12	115	0.10434782608695652	-63.785023157648624	173.84222695915193	33.75640641293836		12.07242271424451	10.03334896945209	15.739564327584592	
GLU	-150	150	18	115	0.1565217391304348	-63.214874100926416	-176.59996440193842	-42.564077278399736		11.30447798909987	5.647619429364783	19.870219574103356	
GLU	-150	150	17	115	0.14782608695652175	-61.21512348129532	-62.11170460293849	-9.42776175286762		13.1992236100183	17.13773147461897	8.200126494680825	
GLU	-120	-180	6	21	0.2857142857142857	-54.41620850460727	164.70058550699832	-32.35317794678124		16.44433368867466	17.879227481160143	9.199947581274621	
GLU	-120	-180	6	21	0.2857142857142857	-65.79024846871165	-58.13603469322896	-22.51575624268067		12.65353589885977	10.885908751980228	11.36586943779293	
GLU	-120	-30	5	40	0.125	-170.02091762543898	63.16096023402951	21.417061633533475		11.02309201285769	5.162853304826153	8.748351891072193	
GLU	-120	-30	9	40	0.225	-62.642044256063166	179.3281126293085	33.67824886848978		5.272183144139246	7.682769129386434	17.413051624445192	
GLU	-120	-30	10	40	0.25	-57.970312719127655	-172.52795994967838	-37.44851135353373		10.472563823181567	8.62395648406199	16.97692372671622	
GLU	-120	-30	7	40	0.175	-54.23937061147625	-61.077105346659515	-28.422501543834827		19.688358520725856	27.625596347272637	18.74208146819899	
GLU	-120	0	11	51	0.21568627450980393	-64.98530054709958	-176.78098767148427	33.56445709852183		6.198041326149	15.063977881263707	24.878869682149165	
GLU	-120	0	16	51	0.3137254901960784	-58.759754668733954	-175.2992607868745	-40.84372370189246		6.8645371179103405	4.553638433018355	15.813503098066306	
GLU	-120	0	10	51	0.19607843137254902	-57.37132130757735	-51.59438314817269	-38.587514066533295		24.47663631946524	19.933802016192278	21.95280410197517	
GLU	-120	30	8	26	0.3076923076923077	-69.61120676519243	163.74527800278733	42.4142482512189		4.9056348934520155	16.6351581002714	20.07899799885286	
GLU	-120	30	6	26	0.23076923076923078	-60.12389408067304	-178.078458998169	-55.91597327792079		6.825215487179668	8.69570500259025	13.7790901172224	
GLU	-120	30	5	26	0.19230769230769232	-56.94050753859602	-67.75146970439673	-11.553620506848475		12.875346547358152	11.058577923479442	5.415310053556429	
GLU	-120	120	20	129	0.15503875968992248	-177.08691108945803	177.29998013502816	36.71824322105863		7.4297051719909195	6.96164401285361	21.63211748716539	
GLU	-120	120	30	129	0.23255813953488372	-172.47882613519445	179.69801034351644	-36.978627243373566		11.35043971044022	8.249746105701737	17.625857220911616	
GLU	-120	120	20	129	0.15503875968992248	-63.78257720010046	179.2012830038406	39.463700249733016		7.2685083443630045	10.392498447043344	16.30108313445704	
GLU	-120	120	21	129	0.16279069767441862	-66.83564756162713	-178.6838397606167	-39.04238856231215		8.34848014877301	9.095908419214277	19.10538542183774	
GLU	-120	120	23	129	0.17829457364341086	-52.04135695290652	-61.6495303253471	-14.952110275677013		26.093561282926007	24.616381103603125	14.080175474284493	
GLU	-120	150	13	150	0.08666666666666667	61.10148820172075	-178.69499694461936	42.30890234786005		9.793119771315123	5.425856432369825	21.903684809763547	
GLU	-120	150	5	150	0.03333333333333333	64.97902898949808	-173.1370125433109	-19.095137746384395		10.542630030506976	7.070502200273432	24.45171001511547	
GLU	-120	150	5	150	0.03333333333333333	-161.96789741458437	60.77004927525165	63.65181301922549		19.49580297175427	7.149639817531333	15.367624323599543	
GLU	-120	150	5	150	0.03333333333333333	-177.58757479580746	-167.26100198084603	53.26781559950821		4.634008697076736	6.9778132213242445	23.745287224411893	
GLU	-120	150	16	150	0.10666666666666667	-170.35714698513465	178.64353291668724	-36.48585486652821		7.410308498553594	12.360345668202477	19.431136215421084	
GLU	-120	150	24	150	0.16	-61.49797114882978	-178.37923635278187	46.65582337299707		10.398602255821602	9.711800778052961	18.80080023719102	
GLU	-120	150	36	150	0.24	-62.52396358159497	176.27680223078244	-34.01557342165051		6.763198964668762	10.882622388968489	17.25568974983726	
GLU	-120	150	10	150	0.06666666666666667	-56.222162142133215	-80.31794171151515	13.01661145493548		4.765646999578664	6.1116588476932465	11.239064402828184	
GLU	-120	150	28	150	0.18666666666666668	-48.29032494178627	-48.98804886172403	-15.165210642461474		24.131955623963506	32.38381125951582	16.419618768839573	
GLU	-90	-180	6	23	0.2608695652173913	-29.119773895732543	-34.5814570801334	-7.8853949689948015		32.053764927991956	34.63805061141787	9.416068898304186	
GLU	-90	-60	5	30	0.16666666666666666	-179.75898308054073	178.88674631302547	58.413166383110536		11.73565524549848	8.01418235796016	22.219046277625367	
GLU	-90	-60	7	30	0.23333333333333334	-20.82859250038309	-16.0908480641942	-19.21967044726238		30.531763654205758	23.139106287205514	27.467126292004313	
GLU	-90	-30	5	244	0.020491803278688523	63.62468607658084	174.91822272958865	41.41090769523789		24.571287206778283	9.571265587237441	18.616073094926076	
GLU	-90	-30	7	244	0.028688524590163935	71.43842208527563	171.30938922744184	-68.0068058504093		10.697990882358368	7.780753937547386	11.758589256038125	
GLU	-90	-30	5	244	0.020491803278688523	29.269391739321993	-69.58978007740691	-48.043213842041546		16.170803258400205	13.8975969323446	8.315259252739994	
GLU	-90	-30	17	244	0.06967213114754098	-161.8596577335201	67.42345559996039	42.15918041767388		13.10248787649318	6.7176665153204524	12.970874727259634	
GLU	-90	-30	19	244	0.0778688524590164	-170.34045570239985	-179.9495910849427	26.95852577998102		11.99145111207623	8.508799660442003	21.668200966067864	
GLU	-90	-30	22	244	0.09016393442622951	-172.87277108171304	-179.30909127420895	-32.19211451365755		8.58547008695885	11.386725044436337	18.226691436225025	
GLU	-90	-30	8	244	0.03278688524590164	-162.27109347027326	-79.26833294495322	-29.823355552477466		10.137974021989411	4.367084225917239	11.844276659544747	
GLU	-90	-30	14	244	0.05737704918032787	-60.966076834030495	82.20929407407829	22.220496394612685		7.123522230165992	8.355208407543891	23.05668640526842	
GLU	-90	-30	6	244	0.02459016393442623	-70.69656847699648	81.75577832771675	-31.959267061939503		18.44713940303745	22.234206411264584	25.603626217183876	
GLU	-90	-30	25	244	0.10245901639344263	-71.40440331146458	176.9956275700118	18.105419499373465		11.892723980620872	9.273322073073581	12.409945781966277	
GLU	-90	-30	44	244	0.18032786885245902	-63.615311334301495	-178.28018583444648	-31.0879484117106		7.507680021827092	9.31287916436409	17.722280282888967	
GLU	-90	-30	9	244	0.036885245901639344	-59.09256774155393	-82.47978125100386	47.28555144482648		6.8840062700534945	8.277153376806762	15.074455598297705	
GLU	-90	-30	57	244	0.2336065573770492	-58.535512162476806	-52.396945360246704	-29.522444404079973		21.496847445705118	18.631341008067402	20.34981442219931	
GLU	-90	0	10	188	0.05319148936170213	73.37517899452361	-174.0801020512526	32.45018160101458		8.801348942675629	8.359669542923193	21.033350808996687	
GLU	-90	0	10	188	0.05319148936170213	63.34430271128481	177.39097161886548	-50.13388964795126		5.007412308576039	29.376692316029878	17.244429304026173	
GLU	-90	0	7	188	0.03723404255319149	64.85848361862416	-74.7346650388862	-47.72826002505166		13.601042726242742	7.524155924111928	20.4712627161881	
GLU	-90	0	7	188	0.03723404255319149	-146.59402875644568	66.49532615947288	46.541099414277234		8.872842548043714	10.693348071943639	8.975445596864908	
GLU	-90	0	11	188	0.05851063829787234	-64.50158015674278	75.1606882323599	52.72528096653171		12.709651623511665	8.77730021557748	13.669962931415483	
GLU	-90	0	31	188	0.16489361702127658	-60.838081123973836	178.05427137634936	26.07793392838158		8.33277645573134	8.646000038211596	14.563005425591664	
GLU	-90	0	37	188	0.19680851063829788	-62.490275638774435	-179.50243808248396	-31.31217939220305		8.42238659784199	7.298799947324003	18.666899190800784	
GLU	-90	0	7	188	0.03723404255319149	-62.28704146994558	-66.27684944770743	22.42551260705679		10.621825029822922	7.856645381263587	26.22866742029806	
GLU	-90	0	56	188	0.2978723404255319	-57.30982340843216	-56.56345831455385	-29.283658271034145		18.417644035119686	17.805093235376155	20.614016185374794	
GLU	-90	30	9	24	0.375	-61.82374179432563	178.46786148003045	31.34848994808145		10.402579930003744	13.572943572488075	17.07544264885038	
GLU	-90	30	6	24	0.25	-63.712585108754766	-58.09368613420304	-31.123825604690683		13.624777104538609	11.54549374234204	11.224240738015833	
GLU	-90	60	7	12	0.5833333333333334	-68.70465347464985	177.3899508534192	53.667436428381556		11.881090244532423	21.221010523068614	20.051436098032255	
GLU	-90	90	6	30	0.2	-155.44509867322483	175.48097019617896	61.39811184220571		8.30873528276112	12.481554807042421	21.9886865335125	
GLU	-90	90	6	30	0.2	-26.10437624577722	-34.129764189108535	-25.52862727876172		27.41823869239458	34.67226268242142	25.726436571730186	
GLU	-90	120	8	139	0.05755395683453238	-172.83266018307398	67.76008112208909	27.89060040389884		6.164476202826524	5.061301660750967	7.519968743667279	
GLU	-90	120	31	139	0.22302158273381295	-174.68709730128296	-177.33390938325485	31.520760902990926		8.032280674813585	7.212105282969247	20.206600538877552	
GLU	-90	120	35	139	0.2517985611510791	-177.7420183353172	178.23061776574085	-30.489804577893082		6.935561144055199	8.375320385276252	19.74704122141083	
GLU	-90	120	19	139	0.1366906474820144	-60.79397195381297	174.75503941199182	39.75566886450524		6.945938999497712	8.01772501146328	22.72564962109498	
GLU	-90	120	10	139	0.07194244604316546	-65.90143649873745	-172.7722345025371	-67.23832988332668		10.46505922687948	14.848308858881207	14.682315460485258	
GLU	-90	120	25	139	0.17985611510791366	-49.06861721876373	-44.62086062744364	-25.40319811095113		31.383676523960474	29.077137695935402	23.573757029466066	
GLU	-90	150	8	163	0.049079754601226995	63.871644210216	-167.2853116917156	15.714289838010863		19.65531266104984	4.015599028657026	19.02947567494093	
GLU	-90	150	10	163	0.06134969325153374	-169.92260152793148	172.70803124944442	30.019508927557162		11.204196706199848	10.817763571209827	25.5888974733598	
GLU	-90	150	5	163	0.03067484662576687	179.56579380830007	178.36754416602992	-50.074154857423466		7.9430767343589785	4.475226339005848	19.772163887281785	
GLU	-90	150	36	163	0.22085889570552147	-64.53576977150556	-179.46030693970684	27.894310930738193		8.623017408590572	8.420711624359786	19.50637578612231	
GLU	-90	150	35	163	0.2147239263803681	-63.1347382458998	-178.22492380178682	-26.35735676385501		6.430279885286118	7.880658227365552	15.038225523076218	
GLU	-90	150	6	163	0.03680981595092025	-59.921321957633445	-73.65403881825647	62.7093280226022		15.614196069604509	13.404997464932016	14.079099168702014	
GLU	-90	150	45	163	0.27607361963190186	-62.83212247265796	-63.48753435229278	-32.409508545044304		13.592962021734525	13.761007861868991	21.15796683873039	
GLU	-60	-60	32	584	0.0547945205479452	-176.13824669225832	62.90881287199138	25.74953774297988		8.534068410166002	7.618825803952863	13.320277355485386	
GLU	-60	-60	10	584	0.017123287671232876	-179.99098958340517	81.69129400813019	-27.037044603073554		12.065742969535384	12.558714248935013	20.518279221700688	
GLU	-60	-60	96	584	0.1643835616438356	-175.46064478947537	179.5222703050858	35.035247002877654		7.9195204313403575	8.473074908160868	22.55755821958648	
GLU	-60	-60	92	584	0.15753424657534246	-174.80609849809176	179.68865149926233	-23.061621276694904		10.651471401039501	10.225183075676654	18.283176484689683	
GLU	-60	-60	13	584	0.02226027397260274	-166.33009485595517	-79.794962871863	-36.81475073970576		9.718583456284758	23.90899522708782	24.101992754374272	
GLU	-60	-60	22	584	0.03767123287671233	-70.96624601541106	72.28119528730997	43.1227912667512		12.223241250454658	8.596257178569354	20.12621834062683	
GLU	-60	-60	20	584	0.03424657534246575	-66.10274698578078	84.75576278752081	-27.02965629761431		9.67343219824645	7.860517304229209	19.92331383069755	
GLU	-60	-60	95	584	0.16267123287671234	-71.79255051820813	177.6677174359214	30.583481361969444		9.948952012615171	9.788690420584844	18.57029415706818	
GLU	-60	-60	76	584	0.13013698630136986	-70.34710417005839	-179.96245588560436	-28.933419756871306		7.874992932762277	8.553100729534862	16.927667163307845	
GLU	-60	-60	19	584	0.032534246575342464	-68.23184556443294	-85.30484844411127	28.22418952375726		11.438967741536255	12.609261530588958	17.072043570722286	
GLU	-60	-60	96	584	0.1643835616438356	-44.51536802965849	-36.49225278244012	-18.949182577394996		33.63293815513648	29.55649638327905	24.654890963679897	
GLU	-60	-30	12	1625	0.0073846153846153844	79.16096131791552	83.92314773976281	43.50694289786475		18.21263411840871	9.786863743828134	15.179269575878196	
GLU	-60	-30	26	1625	0.016	63.021345115114286	-175.4734194136793	35.440504392868796		9.689615722788805	10.523429255722561	19.61891695760266	
GLU	-60	-30	33	1625	0.020307692307692308	68.38478599642325	-178.0422377786865	-30.130246904733227		7.2849626587847265	8.100337032626317	23.639287055774727	
GLU	-60	-30	26	1625	0.016	59.96994483026859	-89.23356495357424	37.835013258406065		10.175651953140227	3.909960277307768	14.259075398962997	
GLU	-60	-30	13	1625	0.008	49.360591169367	-73.96420625991736	-33.91146256585961		22.6060302920894	7.859734745199972	14.204808274857184	
GLU	-60	-30	167	1625	0.10276923076923077	-173.03565931385842	62.791040114341186	31.898111706804617		11.096200028568235	7.591647197452984	16.288897696408778	
GLU	-60	-30	27	1625	0.016615384615384615	-170.82345430322457	76.10501368831194	-27.028611404919076		11.871582169483096	5.286815230218277	25.61976876044729	
GLU	-60	-30	159	1625	0.09784615384615385	-176.72722047744335	176.13513103711477	34.22993496794825		9.736013158441159	10.424559454638498	19.260649043546632	
GLU	-60	-30	193	1625	0.11876923076923077	-173.98674975431703	-178.4818950014695	-32.700613494526316		8.659940044924088	9.664935415653199	18.76177445301414	
GLU	-60	-30	5	1625	0.003076923076923077	-177.38830096048275	-100.51447922004955	31.440668314538176		1.2949700923485403	3.032899353952081	11.760554935804718	
GLU	-60	-30	31	1625	0.019076923076923078	-162.94712382437817	-74.01196723356314	-30.229541978377085		15.977891948003732	22.780537503683593	20.82223122986914	
GLU	-60	-30	73	1625	0.04492307692307692	-68.43736534926252	74.63424224816467	37.38370886776004		11.122766910931922	7.571320378112189	19.399943251962352	
GLU	-60	-30	53	1625	0.032615384615384616	-64.21216989949471	91.214670672841	-22.153110914658352		5.108962623563049	6.365850660113722	14.119006047033514	
GLU	-60	-30	248	1625	0.15261538461538462	-69.90189873061138	175.8770610804895	24.93734059742803		8.765876731371552	10.64310977024704	18.942651774536337	
GLU	-60	-30	281	1625	0.17292307692307693	-67.45011206775828	179.62602382573522	-30.86765545553608		6.910477665135166	9.220481800675357	17.43756267014332	
GLU	-60	-30	29	1625	0.017846153846153845	-63.41692199512899	-86.12286559436478	32.40215657303313		7.978788831360417	12.380588776294132	18.915672577475497	
GLU	-60	-30	249	1625	0.15323076923076923	-52.45404264650297	-45.11166943444904	-24.424325009536503		30.323810579176747	26.958010634676754	22.972218965573788	
GLU	-60	0	8	89	0.0898876404494382	65.77115239898308	172.30592469880108	34.40762887215316		8.44546101128493	9.514868030555808	21.949003911654607	
GLU	-60	0	12	89	0.1348314606741573	53.090132041100155	174.66133330748931	-43.45610866963423		12.737999960137723	7.678196556800447	19.15393885899923	
GLU	-60	0	13	89	0.14606741573033707	68.17148972205135	-87.63184953783653	22.049076672317128		3.864754164011321	3.8908357587377944	11.818432099826346	
GLU	-60	0	7	89	0.07865168539325842	-162.85365690658261	175.50399791431659	29.995463596181462		10.791049433702252	10.757945895206255	22.91126421774413	
GLU	-60	0	12	89	0.1348314606741573	-73.4142842461797	178.4669905383635	24.88339360687361		10.957746825792277	13.35676591544101	19.844607928800603	
GLU	-60	0	8	89	0.0898876404494382	-62.33359627347815	-179.45057909904557	-22.51845012031335		6.811986777189798	5.0262004064427845	14.160509110454957	
GLU	-60	0	15	89	0.16853932584269662	-47.042993950355	-43.651624850766076	-18.543157064326927		30.792085582168507	28.3696065898689	23.228019510908897	
GLU	-60	30	6	9	0.6666666666666666	-73.82133872664201	-168.12588824176171	7.071599256792826		10.889883330314213	10.265994546505805	7.785948233967282	
GLU	-60	90	6	11	0.5454545454545454	-7.769616250606442	-9.948072195596058	-7.5698217598437685		17.403876534897382	25.708652233487552	16.856095529517912	
GLU	-60	120	8	106	0.07547169811320754	-175.47751698405324	73.6391205037254	27.61375465346107		6.257281387535773	5.647760411258351	14.398874238679435	
GLU	-60	120	22	106	0.20754716981132076	-174.66167662803508	-179.10121964295317	32.26969049786372		7.804015482024163	8.966370572864857	17.195894467656146	
GLU	-60	120	21	106	0.19811320754716982	-172.01921249933972	-179.8998602922407	-25.870127341751523		6.231622210579017	7.411959901487192	17.539244874056987	
GLU	-60	120	11	106	0.10377358490566038	-72.31861976521309	-179.264248370856	29.592926719623534		16.064454243746646	13.649131456258342	13.32486631067804	
GLU	-60	120	14	106	0.1320754716981132	-68.86476210687378	179.9721374361894	-31.72368537511209		9.494062454682464	8.07201391057298	15.804958054287528	
GLU	-60	120	12	106	0.11320754716981132	-59.18464991103869	-61.361976783329936	-10.92712103604751		30.17543141841591	28.84677511549907	13.878218655675852	
GLU	-60	150	5	171	0.029239766081871343	68.64592013470582	178.46964647341045	46.78748781114497		3.909346930753079	18.490783587239633	30.12525963820426	
GLU	-60	150	13	171	0.07602339181286549	66.8074200750856	174.07886377906712	-60.71565573741328		8.001984379241781	9.158127685351783	21.046920359005618	
GLU	-60	150	19	171	0.1111111111111111	179.21612074528142	-177.17165360569183	31.680679519210052		6.246698246822835	9.268492246580802	19.53630593606195	
GLU	-60	150	19	171	0.1111111111111111	-171.898699472484	176.6040782030513	-21.519761277185218		13.82508780770068	8.566828567497232	16.573240888202026	
GLU	-60	150	9	171	0.05263157894736842	-56.26300470323358	84.89794789318923	38.92303429847285		20.46539235285	6.5320754874201175	22.777690714771854	
GLU	-60	150	23	171	0.13450292397660818	-64.80209142978688	178.13183944172323	27.66563236890459		9.079482236444372	8.073597542607853	17.937182698310906	
GLU	-60	150	29	171	0.1695906432748538	-67.61809205986177	-177.16746630046725	-41.514183708059356		8.586238108680162	9.054761722105669	20.013282164220318	
GLU	-60	150	5	171	0.029239766081871343	-66.99455339215741	-78.23248143036993	11.98130768477805		6.663228930609792	6.546525892508062	7.100158663821883	
GLU	-60	150	32	171	0.1871345029239766	-43.37946124498635	-39.1398327023112	-23.692495917432165		29.42016917490275	30.308320831205144	25.13492589261524	
GLU	0	0	1169	1170	0.9991452991452991	-7.847529970707309e-256	-7.841334203402642e-256	-5.0308329213247096e-256		2.503475780935794e-127	2.4747182038152277e-127	1.1970750006038982e-127	
GLU	60	30	8	33	0.24242424242424243	-57.217361694935676	176.51634760061	32.376387955645555		6.888401945311485	6.432274134948386	13.165582205437577	
GLU	60	30	11	33	0.3333333333333333	-59.8561628095445	-171.21691137519468	-37.59981615862182		8.652560882773125	4.97106542085725	21.563646803565316	
GLU	60	60	5	22	0.22727272727272727	-65.59497194449159	-171.39433341436086	29.020585940653593		12.378960183903022	8.118463145235417	12.68346151211807	
GLU	60	60	5	22	0.22727272727272727	-54.681755083457	-174.46121743746218	-38.235263102109485		4.127430723478977	7.562425366395023	19.39491154519599	
GLU	60	60	5	22	0.22727272727272727	-46.71463262649646	-71.11565313687437	-31.007543545394988		21.18385749715494	13.789050875092169	6.658889703124874	
GLN	-150	120	13	35	0.37142857142857144	-174.90558402072017	174.55122364747584	-38.61965056123176		6.856483955580157	11.082375544810093	17.98466280518727	
GLN	-150	150	10	57	0.17543859649122806	64.8931136355382	-177.5900071125212	65.44399267314806		8.051540273612561	10.621016332946152	17.545403417751217	
GLN	-150	150	10	57	0.17543859649122806	-169.0019630245334	176.98690378300395	69.14549899468626		6.051433930729711	7.253382659741477	20.030607034150165	
GLN	-150	150	9	57	0.15789473684210525	-166.36294838626807	-176.13705711321353	-35.44019996410963		6.549840923956432	10.423083823944689	16.816146471220744	
GLN	-150	150	8	57	0.14035087719298245	-68.60066425932534	-174.3983137117944	45.45702101294345		8.239351582329526	9.953705081523724	18.687021868281658	
GLN	-150	150	6	57	0.10526315789473684	-69.18074121654118	176.1827290713319	-69.69065185746243		8.694588821032227	5.878898893285318	19.936125759958454	
GLN	-120	-180	6	10	0.6	-56.31012361982819	-176.9976422223017	70.95129673880459		6.399360424531901	10.2128529412815	20.46124887118456	
GLN	-120	-30	5	26	0.19230769230769232	-60.777022450609415	-172.50304556851037	-31.797260117384877		9.122691458522857	13.396410717896869	20.397193217404045	
GLN	-120	-30	7	26	0.2692307692307692	-49.4133615292931	-49.12960090130304	-32.70755929362874		18.54714241471967	23.090637180715184	22.30571886141434	
GLN	-120	0	8	31	0.25806451612903225	-63.36858220249188	172.6722940895379	48.00136379280683		7.333758453142391	9.349802245246217	22.44837374562301	
GLN	-120	0	5	31	0.16129032258064516	-64.46252252565249	-172.1230096357962	-29.546254206975114		12.178597292563703	16.192303080302032	13.69164884701021	
GLN	-120	0	5	31	0.16129032258064516	-39.54129590097778	-43.14112528736608	-35.2172363905052		26.287485611879976	29.323767572653672	27.229565413009055	
GLN	-120	30	5	25	0.2	-63.53642815634631	-178.2176651721851	34.184376423269214		5.751359313687931	6.184661818464791	24.701967911929025	
GLN	-120	30	5	25	0.2	-62.53320339348522	-62.818268157412604	-57.29471785813401		4.966713810573981	2.4589143985956228	8.305367894430516	
GLN	-120	90	7	26	0.2692307692307692	-59.67276987272428	-172.88239431026608	-29.098819333073504		9.578558509888767	4.250441877759708	29.412202612944274	
GLN	-120	90	5	26	0.19230769230769232	-64.10871084965983	-66.86712965157663	-27.9723649267179		4.988577670245399	15.32778608586594	22.774424596592876	
GLN	-120	120	7	70	0.1	-176.4243357197614	63.58194337987489	47.57957617674405		6.220647927199197	5.635338222296439	14.073739375636034	
GLN	-120	120	5	70	0.07142857142857142	-174.05961919311875	173.66012227553455	64.25207110364931		3.9609664570991274	5.8503822981333125	29.562538995113766	
GLN	-120	120	6	70	0.08571428571428572	179.25213147329168	-179.42196155109988	-75.5424853096532		3.2185568450753763	5.703131600371672	21.132014865650003	
GLN	-120	120	13	70	0.18571428571428572	-63.0603512398034	-173.09799540625448	58.05106706935552		9.129140637949352	8.230218350430729	25.454269568318026	
GLN	-120	120	10	70	0.14285714285714285	-66.07710717854552	-179.158263971433	-39.32276014415182		4.534825252314365	6.38699645119422	18.63468913918442	
GLN	-120	120	11	70	0.15714285714285714	-58.48180630083455	-60.69484196159276	-32.56896157522989		21.583781404259355	20.017306595065	17.66700030538976	
GLN	-120	150	8	120	0.06666666666666667	56.63517931689861	-178.61048404327235	46.35163911568149		16.264596238473516	8.420930714929035	20.96153101221939	
GLN	-120	150	7	120	0.058333333333333334	62.93925705836439	-173.91943678118272	-75.16672319960212		4.751720498344233	6.338295630899745	24.477405872506075	
GLN	-120	150	5	120	0.041666666666666664	-57.985887489980406	77.16285137862508	25.676293243738296		7.611269953782482	4.823758588990731	10.471210974312148	
GLN	-120	150	20	120	0.16666666666666666	-67.22028054369534	177.84328514320993	46.06459516759048		8.772090141156216	11.553954608693942	27.01825899678794	
GLN	-120	150	7	120	0.058333333333333334	-66.17784379482745	171.30037992078596	157.0138153650608		6.595459395574737	14.994243163624306	16.899888110115356	
GLN	-120	150	33	120	0.275	-64.14969353237795	-178.64465009741744	-56.33149512017906		6.937977843644975	13.22157700160993	18.039974593900926	
GLN	-120	150	5	120	0.041666666666666664	-71.48829499212738	-58.19181609050568	75.04544881330203		5.165275522728126	9.21001423995998	22.63664885340309	
GLN	-120	150	6	120	0.05	-53.59919069400399	-67.2813780805222	167.9352631070871		8.224485121485564	5.637144995345728	13.188283864609943	
GLN	-120	150	15	120	0.125	-60.63082662306265	-64.30329280498745	-34.925343205877255		7.9494905144948325	17.293081755142097	19.298358407471493	
GLN	-90	-180	5	16	0.3125	-61.00725917381061	177.07882311167364	-69.85220715208824		5.82301782566164	3.6155931118536215	22.790324556313887	
GLN	-90	-180	6	16	0.375	-28.581091530781425	-27.202153715305542	-12.017457916013111		29.06193729837992	27.957250626809035	21.30618940668893	
GLN	-90	-30	5	102	0.049019607843137254	57.66007625029985	-174.160987583476	-30.942236034968374		16.363303681625176	6.179378752140072	44.91082215480224	
GLN	-90	-30	5	102	0.049019607843137254	-171.5932553312989	70.1117542119127	58.97223185757506		13.304580763897556	10.247080433447621	31.467698659187764	
GLN	-90	-30	8	102	0.0784313725490196	-174.48282690928093	174.54533151319822	-18.576388634439194		11.72845368548981	9.12975008724082	16.097594810995766	
GLN	-90	-30	16	102	0.1568627450980392	-63.62224839172613	179.08770855939355	39.22800034714541		4.087184276903987	7.075201458402154	21.511789872744945	
GLN	-90	-30	18	102	0.17647058823529413	-66.81720687042834	-178.63333916337962	-49.153952187618046		6.789585935276124	8.671747496583833	21.53287648132757	
GLN	-90	-30	7	102	0.06862745098039216	-57.42453767138773	-76.14530449856416	68.56578367233145		14.49113917945648	5.733337516021124	38.62354651255495	
GLN	-90	-30	18	102	0.17647058823529413	-61.65161601684536	-59.475132840143054	-47.873780475898954		7.3353075288094605	10.847548415210413	15.67838742629412	
GLN	-90	0	6	129	0.046511627906976744	52.682750306936306	177.8770157538426	43.43890076880296		20.65395123449335	7.740132307890903	11.501095561185892	
GLN	-90	0	11	129	0.08527131782945736	-72.84882952941582	69.01934062212078	56.029624747529944		7.690950067374427	4.103937547235522	8.238215809862911	
GLN	-90	0	25	129	0.1937984496124031	-62.82981551116568	177.3617073666097	46.11456240411892		5.931644052033682	9.087403895888578	13.206693574033945	
GLN	-90	0	5	129	0.03875968992248062	-62.261281704290255	166.71100876971988	-166.8054379384038		6.4805643787479985	10.918546841329295	29.920257207367435	
GLN	-90	0	18	129	0.13953488372093023	-66.2053565242674	175.15559380335625	-36.96603184796965		5.320404826264446	8.826855605195332	20.804314489894367	
GLN	-90	0	5	129	0.03875968992248062	-62.84867447821695	-59.42519258849718	130.35586211694587		9.125572619056948	4.942296205488753	9.490191829414012	
GLN	-90	0	32	129	0.24806201550387597	-59.45897406489752	-57.52286224399346	-44.31321605527598		14.923676571865803	14.230289580565188	16.599674230265542	
GLN	-90	30	5	10	0.5	-76.92722525868888	179.6511194112159	-18.701793336871884		19.28277080182256	9.444047374632106	18.851553982541322	
GLN	-90	120	9	89	0.10112359550561797	177.02283147423276	66.40291880859544	52.753522252215426		9.491231779965418	4.148740718150979	12.56527112951969	
GLN	-90	120	6	89	0.06741573033707865	-178.28192922937347	66.56472013729817	-96.71618831440632		8.709421709073865	12.4214463903023	26.217232873986827	
GLN	-90	120	15	89	0.16853932584269662	-179.6598198657582	-174.65342736761858	49.827045005380704		6.262845075908394	9.01096479245885	17.9121411913321	
GLN	-90	120	7	89	0.07865168539325842	-178.35217952825846	176.64145588374973	-177.23249868445075		4.220526043866413	7.591410135033803	12.233386831157578	
GLN	-90	120	8	89	0.0898876404494382	-177.0380407405421	-173.01736176135182	-44.169320287348675		5.73818774358051	8.288902969579155	19.080483942648684	
GLN	-90	120	5	89	0.056179775280898875	-69.04588473427106	175.82569749318614	29.65918034954994		13.783324489229692	11.498672072116864	22.289251454694977	
GLN	-90	120	12	89	0.1348314606741573	-68.09694881057509	176.5256916925322	-53.03045560914996		6.589840020886008	7.1812272579509395	39.69803919355584	
GLN	-90	120	12	89	0.1348314606741573	-65.18085076881628	-56.94587467490084	-33.03430284913899		15.849082682551302	15.190902179308475	19.93189309799045	
GLN	-90	150	6	95	0.06315789473684211	-158.39678948512423	-179.39204619683326	-23.328897363808384		11.734073178608147	11.462216046665278	7.464659632374929	
GLN	-90	150	21	95	0.22105263157894736	-67.47577341764529	-175.22774819365424	39.93588912620252		9.613397207623079	12.795186865136314	25.307487000465784	
GLN	-90	150	5	95	0.05263157894736842	-58.89257771028178	178.14293981941043	-155.12621978861867		12.211032702108678	8.367253491262927	13.207060463532578	
GLN	-90	150	18	95	0.18947368421052632	-61.00139970860026	-178.38266062873683	-61.29275609837006		6.173747455470405	11.97423356007817	13.894902420121637	
GLN	-90	150	5	95	0.05263157894736842	-65.73000035213107	-60.72492652783778	112.84684787298609		12.201122963258099	4.6883453962564525	6.90562002203726	
GLN	-90	150	16	95	0.16842105263157894	-49.99596253877663	-47.75958540307459	-23.782942779136103		19.18010008148917	21.84055496286779	19.74907051923643	
GLN	-60	-60	24	252	0.09523809523809523	-178.32285055167355	62.08081555879128	49.9747276294621		6.434569040571765	7.536019194517266	14.455530988993937	
GLN	-60	-60	6	252	0.023809523809523808	169.06663265873587	66.82942610969756	-169.88506265911028		11.075832360893262	9.410095700458314	23.011547687801574	
GLN	-60	-60	7	252	0.027777777777777776	-148.0211145320918	70.23718461043232	-81.93612402120387		24.296355382339925	13.39883646357268	33.85338612976295	
GLN	-60	-60	23	252	0.09126984126984126	-174.94200542143776	174.1219371295811	38.40681674413907		9.605207409821164	10.675218089837609	21.26474358605206	
GLN	-60	-60	11	252	0.04365079365079365	177.5193879712852	-176.10624556678044	173.756412597343		7.581959391752109	8.936478470945998	19.67733311912224	
GLN	-60	-60	23	252	0.09126984126984126	-177.38780315830917	177.62216699412983	-43.50558241061563		8.514554374756173	9.410789797368702	23.748694683286722	
GLN	-60	-60	7	252	0.027777777777777776	-171.12392257241245	-71.27159977737276	-35.91424627452195		16.421864347528484	29.26743247669726	25.526911640657374	
GLN	-60	-60	5	252	0.01984126984126984	-74.81791407090351	91.2956329642424	-47.746082115761524		9.97183319977597	7.81174382243717	18.706149125061874	
GLN	-60	-60	40	252	0.15873015873015872	-72.98730614137911	176.89848776116386	24.666513255395994		6.71633291843307	8.781412975785004	13.730820181999018	
GLN	-60	-60	11	252	0.04365079365079365	-75.20389383989705	-178.72081521865647	171.6791771772043		8.872974344900294	10.00827104101574	29.15699101616962	
GLN	-60	-60	49	252	0.19444444444444445	-70.3556824798101	177.09722377369437	-38.261712334874154		8.164987200598498	7.863668277203382	17.632294291507243	
GLN	-60	-60	9	252	0.03571428571428571	-65.47288803308925	-68.75069920758399	73.25172786543975		7.266027397216655	8.93057822065993	23.365592096117574	
GLN	-60	-60	22	252	0.0873015873015873	-45.89814905895434	-39.55378241892231	-33.854677454461836		29.302029549821594	24.592322189493554	26.408918964477728	
GLN	-60	-30	10	787	0.012706480304955527	73.29993507687652	-178.77769306786323	65.02880771593617		13.104922959882423	9.137102220818383	19.037311441774374	
GLN	-60	-30	6	787	0.007623888182973317	60.74346230811901	175.8252945711597	-177.33911974742975		11.567396247248597	12.915837119027861	13.644863778275756	
GLN	-60	-30	20	787	0.025412960609911054	64.51757572045835	178.79420138140085	-53.150034000064466		5.531715937331511	9.273602051160886	16.222793115749234	
GLN	-60	-30	98	787	0.12452350698856417	-174.54956112213702	62.21748346927197	46.63230604393958		6.432854294506159	7.505191207272813	16.96410455828346	
GLN	-60	-30	12	787	0.015247776365946633	-175.5727343465604	62.16836539501129	-131.96331239567036		8.842499044836705	3.455152002289915	10.223456576501244	
GLN	-60	-30	23	787	0.029224904701397714	-172.58147371473711	72.27883476776238	-63.324645144717806		9.806715728918041	7.636806957289423	32.188848376641474	
GLN	-60	-30	59	787	0.07496823379923762	-177.86055045899536	175.91767676384478	37.84177247033068		8.566533143821921	9.768455046194887	18.56619524873202	
GLN	-60	-30	17	787	0.021601016518424398	-176.74417626506948	-174.39222475036746	162.50027811254162		8.389990385683886	6.6734671749575485	24.98057694514009	
GLN	-60	-30	66	787	0.08386277001270648	-177.7213958825873	178.54144589764957	-42.53545269281365		8.28259794251625	11.033575107347607	25.658860510502503	
GLN	-60	-30	18	787	0.022871664548919948	-168.22725880700978	-85.72028296135663	-28.75761022128407		6.1118205088904585	8.565860294424231	12.21781899368535	
GLN	-60	-30	8	787	0.010165184243964422	-66.7778701732113	75.13772664790353	35.62061227593993		5.318545405100317	8.994511700450317	22.163518320530912	
GLN	-60	-30	17	787	0.021601016518424398	-65.77698164827267	90.7713460520372	-34.941000097359556		9.721366513634573	8.064592814906359	17.24800797045121	
GLN	-60	-30	105	787	0.13341804320203304	-69.78256624297228	178.26478261243	42.5162487598522		6.857656668892434	11.773506646792653	18.887034391043056	
GLN	-60	-30	38	787	0.048284625158831	-69.29806327105005	176.7851669140048	-178.4335615002737		7.544185493103536	8.24374289834605	19.069959820090993	
GLN	-60	-30	133	787	0.16899618805590852	-69.29089985169534	176.64020637668213	-43.15259084487794		6.654187721932874	7.123589732868316	18.914284594961384	
GLN	-60	-30	32	787	0.04066073697585769	-68.51610776540328	-66.24899448466637	91.98856298330224		5.699676175639056	11.3459272046669	29.72443785905808	
GLN	-60	-30	16	787	0.020330368487928845	-65.22524309570089	-58.51857713593943	134.21615425223743		6.997401365906004	6.740543550523173	12.752153263116465	
GLN	-60	-30	97	787	0.12325285895806862	-64.23807406059142	-57.348221676524446	-37.6669705779993		13.263495061222676	14.419133676347132	18.98281222127674	
GLN	-60	0	8	28	0.2857142857142857	-63.019889086441886	176.84376408931365	-33.38738292860546		7.259490972420684	6.6044775631403585	16.705690835588264	
GLN	-60	120	5	55	0.09090909090909091	169.70215867055444	63.35539374018602	44.33733364366957		17.91422722021086	2.1255661645496318	15.21697107132531	
GLN	-60	120	8	55	0.14545454545454545	-176.01726031392712	-175.81319346502144	34.78745894462862		6.490101503402613	3.8966450320122616	14.773078071683884	
GLN	-60	120	7	55	0.12727272727272726	179.66667696797003	171.1118284384623	-44.72114315341698		10.208151558915173	16.548932450020686	20.122785543745927	
GLN	-60	120	5	55	0.09090909090909091	-164.24780345741988	-79.45437932517686	-44.30609435748799		11.884434022196427	14.971154683522034	15.432726606115772	
GLN	-60	120	5	55	0.09090909090909091	-64.25031778467499	179.00980169682012	-50.402414189555905		8.12551326637926	8.57785576903972	14.888723719947315	
GLN	-60	120	10	55	0.18181818181818182	-68.55626968592394	-64.06341476814944	-30.306495556063393		7.499870079904349	7.002536749617976	13.544745654151146	
GLN	-60	150	5	54	0.09259259259259259	-178.60306293366884	65.18361734399618	41.640332615899034		14.322992531622198	9.111496742370468	13.081468980262152	
GLN	-60	150	6	54	0.1111111111111111	-64.63184857160607	-169.90036904406858	-56.863636129274646		2.425912488211161	10.93826000764542	12.701449841379887	
GLN	-60	150	7	54	0.12962962962962962	-41.160054117862245	-40.565261223947594	-9.762328007399656		29.420813853507553	30.97345361865633	18.95767721851926	
GLN	0	0	472	472	1.0	0.0	0.0	0.0		0.0	0.0	0.0	
GLN	60	30	7	21	0.3333333333333333	-68.82696679183785	-179.84326120650897	67.03789667558657		3.938735332066549	11.07709655448632	17.044682921962266	
GLN	60	30	8	21	0.38095238095238093	-66.83669608945735	-178.37141662316347	-57.1135892498651		6.22294993920673	13.195599949697144	24.0602661517803	
GLN	60	60	9	24	0.375	-62.80337170746009	-179.22554720625917	-48.7094949453644		6.65731523243861	16.700735132440585	24.436687145984493	
GLN	60	60	5	24	0.20833333333333334	-18.992046324878274	-16.932590433102124	-10.142716320866507		34.42972649504711	28.423846030754838	15.820860613774645	
MET	-150	-180	5	12	0.4166666666666667	53.1494697568484	176.71117196574806	-77.84251633556177		10.866736426735095	10.258023353404402	6.0411744826638625	
MET	-150	150	8	51	0.1568627450980392	56.83741373835528	-171.22903760483194	66.29479414813324		7.624998302660256	13.662548118560045	17.41550682813574	
MET	-150	150	7	51	0.13725490196078433	67.40968571319162	179.8793317256566	-65.47630962954646		9.186638733390176	8.38895136132577	9.903243310064402	
MET	-150	150	5	51	0.09803921568627451	-68.66007437820741	178.82721689683498	164.5994230323325		14.432340074774793	5.158279147459971	17.761189101981227	
MET	-150	150	7	51	0.13725490196078433	-69.77166522228073	-171.84569326943003	-80.73046928005652		6.998573227487488	6.140115815534234	11.68058331006204	
MET	-150	150	5	51	0.09803921568627451	-83.58914941721396	-1.5337472442659978	-1.4364149203385885		23.924179735104705	12.580062042262998	8.688079524937272	
MET	-120	120	9	73	0.1232876712328767	-174.97583844720802	171.18051595403492	66.75344464366812		4.260325255592628	19.71684506247229	9.355072944893983	
MET	-120	120	10	73	0.136986301369863	-170.0501610677979	-178.9241625172684	-72.48238477521363		8.835220922239309	7.698574410822993	17.45948402357159	
MET	-120	120	7	73	0.0958904109589041	-172.3168479428553	-0.322363612171918	-0.28203360722040327		8.220022442212628	6.583201787781823	6.897045872331552	
MET	-120	120	8	73	0.1095890410958904	-58.62028255743301	179.8123488364815	76.32547187485788		10.621131004477009	4.508886997516996	5.566687256712714	
MET	-120	120	11	73	0.1506849315068493	-60.374195835289235	178.98466706584068	-69.58564493191811		6.030898687173684	12.299937141961696	11.09775218115454	
MET	-120	120	8	73	0.1095890410958904	-58.20614031664601	-14.775314386447281	-10.860522458719082		8.068674833348265	29.60696849731023	21.187071553269877	
MET	-120	150	6	68	0.08823529411764706	60.53655664790536	-174.6094403246629	-63.29898187979216		7.23958665762383	6.500184442961582	13.022512802061895	
MET	-120	150	11	68	0.16176470588235295	-60.61516485136432	179.6639117382108	68.77573909434236		4.581180071285555	8.041461287838928	6.678993163875941	
MET	-120	150	6	68	0.08823529411764706	-63.90882968211324	-168.07660406672866	-145.22899070051204		7.744601569659653	21.52371459018777	12.612456263741658	
MET	-120	150	10	68	0.14705882352941177	-62.497762536109	-170.98788677189714	-71.14714552995154		8.91812799507455	13.131142865037594	7.080879887090696	
MET	-120	150	15	68	0.22058823529411764	-60.61020733557577	-58.21135747089016	-60.424167075241435		7.935342800344022	26.428993417928496	29.578030709350383	
MET	-90	-30	5	82	0.06097560975609756	-148.45063635273715	62.982274852064386	53.45980480047359		11.829453443782063	6.201615321398368	21.795832553888108	
MET	-90	-30	5	82	0.06097560975609756	-170.53610859132678	-169.58623426257603	72.25694757947508		10.578063146273038	2.505093349267736	9.099813584680934	
MET	-90	-30	6	82	0.07317073170731707	177.6685678879354	177.56777243389666	-75.87860608324137		15.425565164401764	9.209086106254938	16.836754880390504	
MET	-90	-30	9	82	0.10975609756097561	-65.02321074253994	176.98942630435798	67.76320548061008		6.400571938467042	7.955547102137412	7.632099196737787	
MET	-90	-30	9	82	0.10975609756097561	-64.66128172986701	-166.478117881346	-70.32814741042417		9.180135964702194	5.384688851021211	16.94717369999475	
MET	-90	-30	8	82	0.0975609756097561	-65.89055060829905	-63.49920310412778	95.31810295852831		4.098125627031123	3.838851275035272	6.533613692455731	
MET	-90	-30	22	82	0.2682926829268293	-65.81667918669372	-46.33997740251076	-55.132250055088655		7.995055198322628	26.60999893471158	30.042168934148513	
MET	-90	0	13	73	0.1780821917808219	-62.33947123273813	175.5373834178553	68.49046148417776		12.233766786427974	4.653886078905296	11.22564159056303	
MET	-90	0	6	73	0.0821917808219178	-67.9305728169022	-176.67174932004994	173.97173209903917		3.0244529692130886	4.573806748385377	12.93783810715502	
MET	-90	0	13	73	0.1780821917808219	-66.41641464329072	-176.95111667288495	-66.35979981308297		8.199490758362582	7.266653899871026	20.981371733212665	
MET	-90	0	26	73	0.3561643835616438	-65.1070626404053	-44.584538023457135	-50.54363804545004		5.540678354352454	27.576372427998603	31.291428575807597	
MET	-90	120	8	57	0.14035087719298245	177.89954822146805	63.192035289267025	78.05631380113608		4.198090824172558	5.212618964507322	7.599725951596817	
MET	-90	120	5	57	0.08771929824561403	179.5080735116739	-177.00185551843825	-77.94134879761414		6.678549250258203	3.037422364960574	15.690152744178551	
MET	-90	120	6	57	0.10526315789473684	-177.97088626958697	-0.7355554439749764	-0.7408912711659502		7.2618086413442935	8.273017166028435	8.026596463276098	
MET	-90	120	8	57	0.14035087719298245	-84.43765096895837	-177.60645715402606	70.67586026926077		11.255357873840492	6.787941185024743	9.929411371969637	
MET	-90	120	7	57	0.12280701754385964	-61.29620256233676	-167.43481008396668	-84.7013515018629		5.505657609173018	9.800189826297185	13.855510156758656	
MET	-90	120	12	57	0.21052631578947367	-60.1724349989547	-55.215490422720436	-65.50085310034203		6.911821881187045	18.564961587414977	22.67306411713107	
MET	-90	150	9	57	0.15789473684210525	-64.61027491096755	-171.9603024941559	58.390937693499986		7.060152558917486	15.141754618310763	9.096714388094052	
MET	-90	150	15	57	0.2631578947368421	-62.53834200896703	-56.178351816139404	-60.69101505587369		4.013237599009163	17.833005084881947	22.280207865801703	
MET	-60	-60	8	170	0.047058823529411764	-172.74093069893533	59.46452007818955	72.07606981575165		7.185438380576477	6.828359821366193	11.450485303512602	
MET	-60	-60	21	170	0.12352941176470589	-176.5044570090483	179.49158728155123	76.5696112539251		7.731153683062737	8.466312791235344	11.52671368556847	
MET	-60	-60	12	170	0.07058823529411765	-170.8742182035499	175.32792699385698	-65.87149348630204		10.858249391152837	7.087734733041926	10.992810233145494	
MET	-60	-60	16	170	0.09411764705882353	-179.4744711522862	-15.584555891262866	-14.784565008422824		9.805369698444453	34.73071290963441	31.038729777532517	
MET	-60	-60	27	170	0.1588235294117647	-69.50779913887214	173.51286923288032	65.9167353640643		4.659188841025585	6.924770554878088	7.508213906376936	
MET	-60	-60	24	170	0.1411764705882353	-75.4087800055721	-178.97662245964278	178.58788590429066		7.026611282401975	5.780798022921897	11.596512989201456	
MET	-60	-60	13	170	0.07647058823529412	-74.87343269470166	-166.85664720145846	-80.79740379318088		10.002692861223858	8.12162950454794	15.69947463801495	
MET	-60	-60	10	170	0.058823529411764705	-70.91575395518669	-63.14011382916786	98.32659258389896		3.9507970111171553	5.464645791944694	5.872487380063193	
MET	-60	-60	24	170	0.1411764705882353	-71.65417312322627	-21.11012256061667	-23.092013854109997		8.9698675946577	26.91078220350882	29.583281159742565	
MET	-60	-30	8	449	0.017817371937639197	67.92925007674678	177.2648432315431	76.34597989806947		8.84496133983271	2.7510215636524116	11.75394549208233	
MET	-60	-30	27	449	0.060133630289532294	-173.20903592266964	60.211646165625915	72.00632358964886		7.229476369875224	4.779916238307829	9.763151403332245	
MET	-60	-30	7	449	0.015590200445434299	-171.5768823057046	60.45368161761459	-161.52339383432565		4.567703225624713	5.487217526432721	15.06908250387524	
MET	-60	-30	25	449	0.0556792873051225	-179.4600695485921	-177.0561634751392	58.85599040083884		6.614613874117885	13.589303990131826	11.040410756535566	
MET	-60	-30	10	449	0.022271714922048998	-174.79336497740266	177.8679887488828	178.8237506716935		6.464638712602381	9.192049792344498	7.528636037226018	
MET	-60	-30	21	449	0.0467706013363029	-176.69719024188677	177.3918734602991	-64.44762714281747		9.364988318867892	9.46799447458108	9.089541331493537	
MET	-60	-30	24	449	0.053452115812917596	-174.45076485349415	-1.7736507191738464	-1.99576625296552		9.516577408930521	14.831908473584312	9.964055664759623	
MET	-60	-30	70	449	0.155902004454343	-69.56749720320502	176.60073004259274	68.8470630626374		5.365774975526198	7.543895517070266	8.276571078547624	
MET	-60	-30	35	449	0.0779510022271715	-70.6043452740377	-179.7991697092106	-177.4364948647881		5.930970776540867	6.5569344994223515	18.23230525974694	
MET	-60	-30	40	449	0.08908685968819599	-70.21955471627432	-171.96809862307077	-73.78554019658782		6.043495941142143	4.494124067807612	16.599024232035635	
MET	-60	-30	32	449	0.07126948775055679	-66.70072570352546	-59.86976804255736	97.69876602879478		4.9365943651527475	7.481501600308777	8.472783989634587	
MET	-60	-30	10	449	0.022271714922048998	-64.74116745002969	-58.84254241488704	162.52916299819123		17.538203324168283	9.49815368803944	19.555135747747887	
MET	-60	-30	129	449	0.2873051224944321	-69.07435242230483	-45.23510691997915	-51.18231974597158		8.364328846877847	24.921598760224434	28.78019558991451	
MET	-60	0	15	22	0.6818181818181818	-69.1164460749986	-48.84714631651854	-49.536508518994296		8.095632979910379	25.907919945126217	26.646979486465355	
MET	-60	120	6	26	0.23076923076923078	-175.89073148508692	-179.3000518662277	-74.7981938227783		5.937516091278252	8.047653579153824	6.455468189165473	
MET	-60	150	8	43	0.18604651162790697	-68.78405450071395	-168.41215532174846	-70.46895105234424		8.670079720384491	6.132754317662489	4.5079297014034	
MET	-60	150	10	43	0.23255813953488372	-60.05398676178822	-58.21997019823656	-68.48664997369647		12.407362140850118	13.20814592766921	21.641805008371293	
MET	0	0	327	327	1.0	0.0	0.0	0.0		0.0	0.0	0.0	
ASP	-150	-180	21	41	0.5121951219512195	57.29907765389558	33.97400675753992			6.152966575897309	11.519420267250814		
ASP	-150	-180	7	41	0.17073170731707318	77.07819248516815	-70.82210500875806			3.9981307327357087	14.90395129854706		
ASP	-150	-180	5	41	0.12195121951219512	-158.07312273531238	-13.901797632924989			1.6963971196083196	3.069118444161219		
ASP	-150	-150	9	13	0.6923076923076923	64.49810466376644	25.276093308330715			6.409567059896682	17.3770968908821		
ASP	-150	60	6	12	0.5	-164.93237666029583	20.737398780806224			3.8258683833489218	12.69010006500398		
ASP	-150	60	5	12	0.4166666666666667	-164.40718157459673	-7.933924254836645			3.232665480210945	7.061470012899259		
ASP	-150	90	17	34	0.5	-177.63429873687738	22.83944875427434			5.870752217877354	11.890479189562928		
ASP	-150	90	14	34	0.4117647058823529	-169.0317949700602	-13.223792852228081			4.2076061999859435	10.57670527633069		
ASP	-150	120	6	39	0.15384615384615385	-173.16083785249313	30.06961958251527			2.9955155612360196	16.829008665330896		
ASP	-150	120	33	39	0.8461538461538461	-174.09755183025126	-36.73432495739673			5.083801166711291	17.98092752503196		
ASP	-150	150	5	44	0.11363636363636363	58.50974409939388	66.77371699501435			7.632018605941053	6.140214963365108		
ASP	-150	150	15	44	0.3409090909090909	-176.3665226303782	39.21918353343623			7.9525210820680545	24.124266821918006		
ASP	-150	150	11	44	0.25	-161.94592828666256	-56.040573824544424			7.307478964231253	25.222491575720113		
ASP	-150	150	8	44	0.18181818181818182	-61.220390164679806	-45.055037598574344			22.60518217663879	23.09944828426981		
ASP	-120	-180	15	29	0.5172413793103449	60.732739472327246	21.657545163160933			4.271326639519695	12.012367020984748		
ASP	-120	-180	6	29	0.20689655172413793	63.265471083991706	-9.852596928507868			4.961119574843092	13.677590697521604		
ASP	-120	-30	10	16	0.625	-66.51854571766715	-40.3801695124925			9.356159103334264	20.30904884207521		
ASP	-120	0	10	57	0.17543859649122806	54.08984198845594	8.290356309093095			4.687603725503079	5.7644744745296865		
ASP	-120	0	9	57	0.15789473684210525	65.44729341900151	-22.335737623049308			4.6417375376660335	9.687618590115607		
ASP	-120	0	5	57	0.08771929824561403	-163.1541137340618	24.00796214186822			5.060278738349658	6.998563123216612		
ASP	-120	0	30	57	0.5263157894736842	-64.28548369146877	-41.60690674499983			12.339071985485234	14.105495202274149		
ASP	-120	30	7	43	0.16279069767441862	49.6002492639253	23.091016248620157			5.7266184709291705	7.737515032640071		
ASP	-120	30	18	43	0.4186046511627907	62.53603521726296	-23.713736642390064			5.794835159018756	12.719478884534054		
ASP	-120	30	6	43	0.13953488372093023	-158.39527197198413	41.17571397649399			8.723261436828823	25.640406022102567		
ASP	-120	30	11	43	0.2558139534883721	-72.15598391924478	-20.086497761529817			20.5483407915108	17.00050597856856		
ASP	-120	90	24	60	0.4	177.91158318578778	20.932652301209178			6.8975780172969445	11.369600793477895		
ASP	-120	90	28	60	0.4666666666666667	-173.9886870606923	-16.798629614013713			4.732940543066809	11.043530004715256		
ASP	-120	90	5	60	0.08333333333333333	-56.40446986823103	-49.667556814040246			13.409090571087997	24.81464472439386		
ASP	-120	120	30	116	0.25862068965517243	-171.97621393566223	28.7343267366597			7.951623259636605	25.565802418477624		
ASP	-120	120	52	116	0.4482758620689655	-172.00886744718886	-23.556248964746235			5.246734760085006	14.01072201261614		
ASP	-120	120	6	116	0.05172413793103448	-60.41650867944358	47.69050129577859			13.255622530914481	21.51629281277406		
ASP	-120	120	26	116	0.22413793103448276	-64.01894187162033	-41.477920088612265			8.667069951827756	21.650682152275852		
ASP	-120	150	13	53	0.24528301886792453	-173.37475511593416	55.0214973120665			9.796151576734804	19.2777828192457		
ASP	-120	150	7	53	0.1320754716981132	-157.3874965271094	-41.86486743924004			15.759181387976215	28.739361129638123		
ASP	-120	150	11	53	0.20754716981132076	-68.56831973785569	25.436095304887715			14.104754416968172	16.212814819020128		
ASP	-120	150	15	53	0.2830188679245283	-65.62389627270335	-30.71678093844629			10.906029909359283	17.601779917753827		
ASP	-90	-180	28	60	0.4666666666666667	64.25917197087874	19.757671771285032			5.152131672068684	6.559674880559436		
ASP	-90	-180	15	60	0.25	69.78878210517696	-14.632479664372642			8.486330290523304	10.656397406097751		
ASP	-90	-180	5	60	0.08333333333333333	-86.58870931318846	19.177071940637695			15.23464115454052	8.082322046096225		
ASP	-90	-180	7	60	0.11666666666666667	-72.03650672849925	-40.21913211973801			12.939734544302707	20.376759592232105		
ASP	-90	-60	5	24	0.20833333333333334	-73.11815717696439	47.49772577842054			11.684160611662106	24.78906748951042		
ASP	-90	-60	14	24	0.5833333333333334	-68.21116579576174	-36.0727499706387			6.409291035823488	16.309969130839992		
ASP	-90	-30	15	172	0.0872093023255814	57.41955730344991	-31.808764563696815			6.432558887934843	15.669039949909648		
ASP	-90	-30	10	172	0.05813953488372093	-166.8926734734636	58.18759197970077			6.525619440677063	10.788622010954223		
ASP	-90	-30	5	172	0.029069767441860465	-133.1915861279499	-70.86092899010892			12.853916937613654	11.377187745575512		
ASP	-90	-30	14	172	0.08139534883720931	-75.08644414709538	36.376583546543664			11.128288896776533	24.334043946781044		
ASP	-90	-30	124	172	0.7209302325581395	-65.70851616708573	-36.57439490553735			8.181260447893662	16.441176266997545		
ASP	-90	0	37	191	0.193717277486911	59.65619000288193	17.759450150035835			5.85864892668029	13.772476223022489		
ASP	-90	0	44	191	0.23036649214659685	62.25158203947766	-33.024190279872			6.2885997032795435	17.42789436389213		
ASP	-90	0	14	191	0.07329842931937172	-70.95391538561331	44.211919853009356			16.573907730622565	15.083988574781449		
ASP	-90	0	91	191	0.47643979057591623	-65.4013864067621	-29.081851598004686			8.204892400107374	12.453959228305811		
ASP	-90	30	10	52	0.19230769230769232	59.666160754653184	14.05607314181115			4.601102021734806	12.816045055567365		
ASP	-90	30	18	52	0.34615384615384615	63.68273724880219	-14.699749037633243			3.6157533830419473	8.980903517005904		
ASP	-90	30	20	52	0.38461538461538464	-61.98030258956592	-43.91955856036612			9.072211293299997	15.14066320460868		
ASP	-90	60	10	40	0.25	-175.32457759545542	17.905443134667433			5.360876875933958	7.461282720669665		
ASP	-90	60	8	40	0.2	-164.14290827385938	-12.731676812965029			5.463444100347303	6.290855845920704		
ASP	-90	60	17	40	0.425	-67.0823436689542	-30.983288016393537			16.444977507714075	12.293029627524353		
ASP	-90	90	43	113	0.3805309734513274	-177.26844216483687	17.647935617294078			5.377383048476754	11.114495740306431		
ASP	-90	90	52	113	0.46017699115044247	-174.1384277310996	-15.97605123412574			5.540587608515475	9.228366142263534		
ASP	-90	90	14	113	0.12389380530973451	-54.522162753961936	-11.43309073478486			30.12811378947484	18.797393064645135		
ASP	-90	120	39	173	0.2254335260115607	178.15380292608972	23.77665866202768			5.589107471758048	20.31037818428263		
ASP	-90	120	89	173	0.5144508670520231	-173.0908830001967	-21.97609588988842			6.135946620335122	15.160584422295074		
ASP	-90	120	37	173	0.2138728323699422	-66.0828476941965	-30.50562469040042			5.715860614018331	16.095043645760715		
ASP	-90	150	8	112	0.07142857142857142	59.51353428678832	-62.670459946028664			4.800180700414263	13.769413796955218		
ASP	-90	150	25	112	0.22321428571428573	-172.9356479056991	62.723986326943226			5.294984388033277	24.015261159718182		
ASP	-90	150	12	112	0.10714285714285714	-153.62720145473207	-30.749316969163605			10.594212773457585	27.635068904856674		
ASP	-90	150	8	112	0.07142857142857142	-75.8838642364064	8.839438289866692			7.844821323304104	6.7418912095872745		
ASP	-90	150	57	112	0.5089285714285714	-64.7412118315174	-34.06381801899993			9.569808696997946	13.88404014881429		
ASP	-60	-180	6	14	0.42857142857142855	76.29923350182484	10.53799014810409			7.762424449974615	8.59334228483323		
ASP	-60	-60	43	281	0.15302491103202848	-174.27380540919398	51.92580668013109			8.622324792155517	17.466969652804945		
ASP	-60	-60	25	281	0.08896797153024912	-164.33136436777272	-60.49640197020987			14.787195020791275	24.641996641846543		
ASP	-60	-60	42	281	0.1494661921708185	-73.06272233384635	25.447730174329507			13.441143157700926	19.37907110562148		
ASP	-60	-60	168	281	0.597864768683274	-69.71251596222787	-21.039789923665204			7.643033530003218	12.20327630592741		
ASP	-60	-30	16	856	0.018691588785046728	49.82294551194549	42.241049838415066			6.108304408391211	17.934547327860887		
ASP	-60	-30	42	856	0.04906542056074766	58.37665093625088	-41.174427663501			6.7325398018960625	16.807906378885594		
ASP	-60	-30	118	856	0.1378504672897196	-171.62453033828282	58.93696117737954			8.688858430415312	15.183565626870926		
ASP	-60	-30	26	856	0.030373831775700934	-162.98793896243325	-53.96540568580196			10.963748976660648	25.4654115085874		
ASP	-60	-30	115	856	0.13434579439252337	-75.5428574267303	19.016583553945683			8.074142307026955	15.535066888841941		
ASP	-60	-30	539	856	0.6296728971962616	-69.56957921906881	-21.68215644555872			7.072643851778198	11.772045958483236		
ASP	-60	0	19	79	0.24050632911392406	53.35921722436043	26.84980157843088			9.978485645303847	15.708867226740994		
ASP	-60	0	17	79	0.21518987341772153	61.074288673034694	-36.44253905386312			6.704806306723418	17.75737073991792		
ASP	-60	0	6	79	0.0759493670886076	-79.71455301175868	25.16055757675908			8.228299794062309	8.08244052674974		
ASP	-60	0	35	79	0.4430379746835443	-67.11228508312401	-23.56617570348434			7.560951207190662	13.612855258097143		
ASP	-60	90	10	24	0.4166666666666667	-173.66465349710396	15.453241475808207			6.444468772292145	8.967987259680816		
ASP	-60	90	10	24	0.4166666666666667	-162.92228736522284	-23.618177577013327			6.653569918109741	7.213216409827212		
ASP	-60	120	49	142	0.34507042253521125	-179.72796164332658	38.97393561878099			6.944121229765504	23.071162252907115		
ASP	-60	120	64	142	0.4507042253521127	-170.33713552408508	-39.47870570573266			5.656814866010174	22.01934663584809		
ASP	-60	120	7	142	0.04929577464788732	-67.74776721370662	37.6331962945921			11.041169346883782	19.45752572101286		
ASP	-60	120	20	142	0.14084507042253522	-66.03743699277076	-32.940277975446946			5.4631348081458935	12.220153835162257		
ASP	-60	150	5	154	0.032467532467532464	64.7502670379411	60.437362910852386			10.591340134483028	15.90668159727437		
ASP	-60	150	6	154	0.03896103896103896	62.88624177230157	-68.45669805600292			4.347958639113193	11.972477667611614		
ASP	-60	150	14	154	0.09090909090909091	-175.63859025254916	61.985973251065815			4.406658058743394	16.69611658733175		
ASP	-60	150	17	154	0.11038961038961038	-166.17964763638187	-63.59456158036646			9.336953415493255	22.722044590709856		
ASP	-60	150	32	154	0.2077922077922078	-74.7289915052694	15.666121933203014			8.100807259061718	14.951701016282838		
ASP	-60	150	80	154	0.5194805194805194	-69.86493329772867	-22.275537294716184			8.803181277206106	11.814771271185862		
ASP	-30	-60	7	15	0.4666666666666667	-62.95299742933959	50.15528188095458			5.653681968918873	29.45474334948488		
ASP	0	0	827	827	1.0	0.0	0.0			0.0	0.0		
ASP	60	30	20	53	0.37735849056603776	-160.76648852711403	30.821671995682713			5.390019810701325	9.637421528746076		
ASP	60	30	32	53	0.6037735849056604	-65.00441462483913	-37.306210165543646			8.792759552769459	17.296807138541975		
ASP	60	60	14	35	0.4	-166.27675507104126	25.83179912889098			8.335311923243491	8.143947640970936		
ASP	60	60	6	35	0.17142857142857143	-87.95365716300759	32.50368413883804			18.368719762526563	18.666793817874293		
ASP	60	60	12	35	0.34285714285714286	-55.90878682869205	-34.67984357986627			10.986013812865771	20.230249814716615		
ASP	90	0	5	8	0.625	-49.24816277512087	-18.147449483941536			16.413034730868418	16.97116744255887		
ASN	-150	-180	14	23	0.6086956521739131	59.740428420513624	48.54058946811021			5.293486170619489	18.934510485261228		
ASN	-150	-180	5	23	0.21739130434782608	-84.55981912862778	-71.54272032164005			20.676903451617388	21.06187514101485		
ASN	-150	0	7	12	0.5833333333333334	55.674927461255024	33.9162845276184			5.301610414592609	21.416246615822764		
ASN	-150	30	5	20	0.25	-164.75237716764147	26.107133564164542			2.197194924675959	9.646476437993291		
ASN	-150	30	8	20	0.4	-75.24606289495773	-65.95003670143528			6.5089920217002994	13.106477467388403		
ASN	-150	90	6	22	0.2727272727272727	177.6490590649591	8.494029182592302			2.9580226892994395	9.87731054334819		
ASN	-150	90	12	22	0.5454545454545454	-169.55024899806347	-28.289335536602714			5.072584507630004	13.314381992511978		
ASN	-150	120	8	22	0.36363636363636365	-173.74522908082156	45.924498321987514			13.543069390802005	30.033938486146557		
ASN	-150	120	6	22	0.2727272727272727	179.77742817298298	-27.610965370574714			6.822464539506979	20.598308696534772		
ASN	-150	150	14	42	0.3333333333333333	70.45358940115052	75.27233374873262			2.704416841375787	7.642205791280159		
ASN	-150	150	8	42	0.19047619047619047	-170.86913551124758	61.95548282347881			5.192080878915902	17.214156154572123		
ASN	-150	150	5	42	0.11904761904761904	-168.9034202277969	-95.60876110638702			17.011369545042573	22.587736872092822		
ASN	-150	150	7	42	0.16666666666666666	-69.16957040251688	-60.63617048119188			12.75923740633965	22.094514577428725		
ASN	-120	-180	5	16	0.3125	56.832261414482375	31.19314384258033			3.776515824410472	19.629689584968684		
ASN	-120	-180	7	16	0.4375	-64.97840915442647	-58.761619539211445			9.56686963823843	5.213770073570729		
ASN	-120	-150	8	10	0.8	-80.9642338946831	-72.86969213567046			4.249301506765871	7.601584998920305		
ASN	-120	-30	8	10	0.8	-63.05990194059472	-71.67858719109825			8.824124959562813	14.835333036676273		
ASN	-120	0	7	87	0.08045977011494253	53.194615584809995	19.01834880896061			7.141899564054629	9.19391499963171		
ASN	-120	0	12	87	0.13793103448275862	64.90187948014496	-24.906461279266626			6.330430142230303	12.219517614876878		
ASN	-120	0	9	87	0.10344827586206896	-63.811434822653545	67.36469369811711			9.230284463306289	33.335534392676735		
ASN	-120	0	5	87	0.05747126436781609	-53.932592884354435	127.43021546561516			3.794454404036473	2.167929621108759		
ASN	-120	0	48	87	0.5517241379310345	-66.19031573179804	-55.72182716861879			9.273423399488463	14.800372166776764		
ASN	-120	30	11	53	0.20754716981132076	66.75352395154022	-29.291967253836876			3.9502164134224396	10.82185259936581		
ASN	-120	30	5	53	0.09433962264150944	-67.86424285861183	85.99970460765537			9.692695936084181	17.853458139789605		
ASN	-120	30	27	53	0.5094339622641509	-65.0267034640001	-59.313885122659066			7.2953977036973585	16.607124599547408		
ASN	-120	60	9	20	0.45	-60.02253074016979	-58.40649399974949			7.721327563521898	20.35904059294388		
ASN	-120	90	11	45	0.24444444444444444	-173.08434647928306	23.45015567830299			6.837415633132645	17.156845741824416		
ASN	-120	90	20	45	0.4444444444444444	-171.2167055068894	-17.118558512625675			5.819368018288009	7.583333018051061		
ASN	-120	90	8	45	0.17777777777777778	-64.55843885875841	-40.91518328098272			23.45655327465003	24.011526533105194		
ASN	-120	120	10	73	0.136986301369863	174.03030189851498	38.44884663291045			7.371086682209109	17.10872057732297		
ASN	-120	120	5	73	0.0684931506849315	178.90595895847625	-163.3788207969777			11.249620521765255	27.17987665281244		
ASN	-120	120	27	73	0.3698630136986301	-171.23177956654374	-33.35233532072067			5.335933188405771	18.22692356065984		
ASN	-120	120	9	73	0.1232876712328767	-66.9255196044244	78.69179689837337			6.221104342395227	22.22444334163079		
ASN	-120	120	17	73	0.2328767123287671	-63.038414649437264	-49.32567627181401			10.09223959391496	20.85012906727335		
ASN	-120	150	5	48	0.10416666666666667	61.53316838379281	78.4890008424343			6.57920577985171	12.725514954427911		
ASN	-120	150	5	48	0.10416666666666667	-167.36995204407097	44.454424727861024			2.124222222853661	22.45861323625751		
ASN	-120	150	5	48	0.10416666666666667	-61.846883202682996	69.17901931265796			9.698200600518383	23.220742852612243		
ASN	-120	150	6	48	0.125	-72.46516474890214	138.79499304891692			3.968050419220587	12.06606277965878		
ASN	-120	150	23	48	0.4791666666666667	-65.34190589352052	-44.78819067286474			9.509275440332114	17.72351170398857		
ASN	-90	-180	24	49	0.4897959183673469	63.23620216330402	33.69554491304461			5.1613693492329045	13.85331543788704		
ASN	-90	-180	8	49	0.16326530612244897	70.44999534050389	-24.48921154203071			5.6002935473157915	16.577607082912746		
ASN	-90	-180	5	49	0.10204081632653061	-71.62601355689341	-36.68115698468707			8.774027951734142	8.122026640138234		
ASN	-90	-60	5	17	0.29411764705882354	-168.46394310376178	38.70058022194704			5.695715706629952	23.51459932548215		
ASN	-90	-60	10	17	0.5882352941176471	-71.15149304225818	-30.128305134026043			8.774243269452386	10.667563832102552		
ASN	-90	-30	6	98	0.061224489795918366	-177.78530082218032	42.23891161690544			13.848971572947338	18.785537825819993		
ASN	-90	-30	10	98	0.10204081632653061	-63.41197692059373	78.19684453351414			12.027334201631461	30.72320688924969		
ASN	-90	-30	10	98	0.10204081632653061	-68.4513945975968	138.6756040444504			4.467199277412672	12.57866982964169		
ASN	-90	-30	66	98	0.673469387755102	-70.25079481979233	-41.92038629999243			8.501511696847489	19.20988511014195		
ASN	-90	0	18	212	0.08490566037735849	59.02249595579808	20.99090107461818			7.880101765866477	13.954068954068298		
ASN	-90	0	29	212	0.13679245283018868	69.12091982642201	-28.071116945341604			6.058919606789994	12.442994414042435		
ASN	-90	0	8	212	0.03773584905660377	-169.7580231677695	40.661728728634486			8.484394129148159	11.789229671524495		
ASN	-90	0	25	212	0.1179245283018868	-72.5398118818751	55.50450704460252			11.458544096236588	34.40081965262699		
ASN	-90	0	17	212	0.08018867924528301	-62.84679248601484	142.04174822776065			3.604298821886205	10.37473129475324		
ASN	-90	0	112	212	0.5283018867924528	-68.2162451542828	-46.06085503378188			8.100702979365133	19.283654816973804		
ASN	-90	30	9	47	0.19148936170212766	67.78687781612476	-32.18998737339739			5.834565057580208	9.632825124082474		
ASN	-90	30	22	47	0.46808510638297873	-62.05917350848676	-40.00440635200346			9.308307415761778	19.632403179063022		
ASN	-90	60	10	31	0.3225806451612903	-167.94434530216887	27.966998858462524			6.802260747972527	11.82357451580155		
ASN	-90	60	8	31	0.25806451612903225	-52.71791523695853	-58.307332623798345			14.216167564317457	27.374580811177594		
ASN	-90	90	20	57	0.3508771929824561	-176.0566235053272	16.343220112775185			10.284669263993369	14.099143133852536		
ASN	-90	90	6	57	0.10526315789473684	-172.70367127078126	171.77942657237065			5.681521410256595	10.145806564228943		
ASN	-90	90	17	57	0.2982456140350877	-172.530421173954	-19.381825797894592			3.2298553618213988	14.076459870598471		
ASN	-90	90	10	57	0.17543859649122806	-54.51435322546629	-31.48228986918314			24.420486842555363	13.529070112145469		
ASN	-90	120	29	130	0.2230769230769231	178.0364717699768	25.742020062412948			5.659970404214671	17.468038718848042		
ASN	-90	120	6	130	0.046153846153846156	179.061060049648	-172.54154532514772			5.999744684252284	19.50570986430706		
ASN	-90	120	54	130	0.4153846153846154	-174.15738890246374	-33.11547794552797			5.0130645495894	17.998879403678504		
ASN	-90	120	7	130	0.05384615384615385	-77.12268812612972	56.72159536523909			12.419225280443394	41.05367483904412		
ASN	-90	120	8	130	0.06153846153846154	-73.90867651151171	149.2685015883329			7.257555185414473	31.180587867112898		
ASN	-90	120	22	130	0.16923076923076924	-63.94845173292708	-49.29925385112274			7.526593007273061	10.273040133698913		
ASN	-90	150	5	71	0.07042253521126761	64.48057467626433	52.60947708446232			9.800409529892926	11.866652864909778		
ASN	-90	150	6	71	0.08450704225352113	-167.3592596959438	49.76544402495			14.204712298181516	12.947808695586305		
ASN	-90	150	5	71	0.07042253521126761	-171.68009495164202	-73.09972309624962			19.326898022617485	16.495284409132577		
ASN	-90	150	8	71	0.11267605633802817	-67.99100475492085	53.50518280658788			9.514854487181912	33.36335527615943		
ASN	-90	150	5	71	0.07042253521126761	-71.38272345907492	156.32022944082772			11.990939358343555	17.970349216429174		
ASN	-90	150	37	71	0.5211267605633803	-66.27305070215218	-39.058642552507095			9.700660636378661	16.409371763896715		
ASN	-60	-180	6	8	0.75	64.54572817928536	49.58071634415067			2.2218529495107355	23.752099283918007		
ASN	-60	-60	28	169	0.16568047337278108	-170.30961486965458	43.43001466511021			8.118507886467984	13.606819637804143		
ASN	-60	-60	7	169	0.04142011834319527	-174.14368083519253	-155.2111121086012			3.482683590796626	36.5623301077602		
ASN	-60	-60	24	169	0.14201183431952663	-173.31101765048047	-80.03965161423605			9.575368314669426	16.751349537896996		
ASN	-60	-60	25	169	0.14792899408284024	-78.17329777705025	29.212818486094083			9.011164429996617	25.021822608567696		
ASN	-60	-60	14	169	0.08284023668639054	-72.62724963911023	155.92008326519962			4.382340538096639	11.216282411931711		
ASN	-60	-60	70	169	0.41420118343195267	-71.32233918852589	-21.790083434002845			8.692010664653953	11.128053970088091		
ASN	-60	-30	17	587	0.028960817717206135	72.22475685024482	71.49861664651404			9.510729071267606	21.998239351218547		
ASN	-60	-30	18	587	0.030664395229982964	63.39299012556674	-43.24879622193291			7.147946547142881	12.111058810220337		
ASN	-60	-30	66	587	0.11243611584327087	-165.65032916233164	55.69454622221577			11.192514688497662	18.0783314905683		
ASN	-60	-30	9	587	0.015332197614991482	-167.24854824042956	-153.1632766239162			7.765312966510214	29.09769151100527		
ASN	-60	-30	36	587	0.06132879045996593	-172.4143780901868	-87.5933650931306			11.141559516275343	16.69755555326484		
ASN	-60	-30	62	587	0.10562180579216354	-74.20314608773286	38.88204117061777			11.53294525694247	31.276136295371334		
ASN	-60	-30	49	587	0.08347529812606473	-72.61098939577474	157.54322918996866			7.110437906352808	16.61567730862903		
ASN	-60	-30	330	587	0.5621805792163543	-72.13849743286993	-26.218917198087723			7.4605128878858125	13.540427700901283		
ASN	-60	0	9	40	0.225	61.81639066817833	22.651557144270537			5.807049322719315	12.202706743830577		
ASN	-60	0	6	40	0.15	64.16110810970763	-28.430045783736862			2.000370874536052	24.525283209209352		
ASN	-60	0	15	40	0.375	-71.55131118381985	-26.15817893564621			11.731761733008117	17.21092660893349		
ASN	-60	120	17	74	0.22972972972972974	-174.65228457100082	23.01193616000087			7.361909224967968	14.909353318285218		
ASN	-60	120	32	74	0.43243243243243246	-172.5253139122245	-53.05893513036344			5.189961086941653	15.022211915582695		
ASN	-60	120	7	74	0.0945945945945946	-55.48655535725003	67.10401102590455			9.371027733724308	18.391981544602366		
ASN	-60	120	13	74	0.17567567567567569	-64.73225047906544	-19.891426714163146			18.903452986485693	11.747690721496156		
ASN	-60	150	5	73	0.0684931506849315	76.20914415156604	83.45083960187955			6.939378012254492	10.34650831123911		
ASN	-60	150	10	73	0.136986301369863	-176.0846339411186	-64.44683960454492			8.0676491058744	12.547874851289485		
ASN	-60	150	8	73	0.1095890410958904	-64.19501585700267	38.04540284028169			18.390049423084527	19.992751002440762		
ASN	-60	150	6	73	0.0821917808219178	-76.41042716367488	-178.10355800064087			6.339604376235268	12.04509805739614		
ASN	-60	150	36	73	0.4931506849315068	-65.96241861864112	-32.806541837710284			6.957839291151793	18.309899961377464		
ASN	-30	-60	5	11	0.45454545454545453	-77.08182656271622	-6.129456109581597			43.223090967218035	14.942853038012487		
ASN	0	0	569	570	0.9982456140350877	0.0	0.0			0.0	0.0		
ASN	60	0	10	16	0.625	-66.61060145528663	-18.691212986432628			12.745583993715634	15.401395178889567		
ASN	60	30	28	120	0.23333333333333334	-157.89031859712156	40.03000746783245			6.721832323575926	9.47872552694259		
ASN	60	30	7	120	0.058333333333333334	-144.38153477517906	-51.952794230380654			6.1216488849704165	31.387730102451997		
ASN	60	30	17	120	0.14166666666666666	-73.37269607694445	87.00360485087505			16.036808205834504	33.441276685367875		
ASN	60	30	11	120	0.09166666666666666	-59.6665845466905	144.5453297250615			9.1233180818226	11.82711163136582		
ASN	60	30	53	120	0.44166666666666665	-61.93520509066361	-39.426334480823414			10.169677453022016	18.884750532685075		
ASN	60	60	21	61	0.3442622950819672	-165.66911228721784	31.119878565939526			5.71776709024258	11.196707477585665		
ASN	60	60	7	61	0.11475409836065574	-63.87853559955398	91.44699681591119			10.99948717770854	19.022930699816836		
ASN	60	60	23	61	0.3770491803278688	-63.097778507117305	-45.78603284375217			10.594574272466856	17.435044224621045		
HIS	-150	-180	8	19	0.42105263157894735	60.1943105601731	88.93121820162177			7.536285942960066	12.630383620333257		
HIS	-150	-180	6	19	0.3157894736842105	66.09639462832672	-67.91945410826393			4.497846165586036	13.79649773089026		
HIS	-150	120	6	31	0.1935483870967742	-179.77910926282433	69.13306350863223			5.4955710192479135	19.075638459358586		
HIS	-150	120	9	31	0.2903225806451613	-171.22132942824857	-81.79127371170712			6.019493711840972	16.200559311269817		
HIS	-150	120	8	31	0.25806451612903225	-57.665372169103165	-76.80096136030144			8.252306456735852	10.974433204658554		
HIS	-150	150	8	49	0.16326530612244897	65.27239827028944	78.23022678349837			7.889250739981681	7.31798407691218		
HIS	-150	150	9	49	0.1836734693877551	61.866901875372136	-82.9467555760263			5.689640869385065	4.138263579814673		
HIS	-150	150	11	49	0.22448979591836735	-167.7960681599393	-95.40617489364799			4.8225777653958275	7.645654862762659		
HIS	-150	150	7	49	0.14285714285714285	-63.91732913793604	81.30842849076075			5.69451350806854	10.30602649175774		
HIS	-150	150	9	49	0.1836734693877551	-55.38915578394109	-75.95051785874017			9.553406559345772	10.57007291211102		
HIS	-120	-180	5	18	0.2777777777777778	63.35147524283461	-88.08399687095168			2.6181347659528003	6.687183209727673		
HIS	-120	-180	7	18	0.3888888888888889	-61.35641713137291	-61.25535675257401			13.139036175440962	13.30908614549032		
HIS	-120	-60	6	6	1.0	-63.67290558635148	-65.09197268630545			10.383607184629895	14.148921032336974		
HIS	-120	-30	16	23	0.6956521739130435	-57.79826450588549	-70.66351183065748			2.579039682488065	10.013853954466835		
HIS	-120	0	11	53	0.20754716981132076	-61.50158041314751	81.69987632865617			7.130260376788507	12.942265072029048		
HIS	-120	0	6	53	0.11320754716981132	-68.98529998893522	150.94519954089012			5.241573459508512	20.770203539950096		
HIS	-120	0	34	53	0.6415094339622641	-58.324690338121215	-73.3402294484098			7.448660393745944	11.989050412568805		
HIS	-120	30	9	36	0.25	-70.67492928998035	83.6271580701059			6.096007662488587	9.785753044239005		
HIS	-120	30	5	36	0.1388888888888889	-64.09698874953878	155.01000697611425			7.446279694308452	20.061600091602		
HIS	-120	30	20	36	0.5555555555555556	-59.620772226523286	-72.76024465800256			7.465337580903693	11.075685901859195		
HIS	-120	60	7	14	0.5	-62.23007465825281	86.40790259502131			7.196886736161731	11.277441685745664		
HIS	-120	90	6	15	0.4	-56.98784364946392	-68.4303643678576			2.4939471259037838	4.9358790220719095		
HIS	-120	120	10	75	0.13333333333333333	-177.56288523831608	67.45686734593663			7.850137709380321	21.763336834501043		
HIS	-120	120	7	75	0.09333333333333334	178.88126282345036	-163.99933903746899			4.055702907346828	15.240743455405314		
HIS	-120	120	10	75	0.13333333333333333	-172.36125359187733	-82.4971750357927			8.432642798929695	14.926924420638915		
HIS	-120	120	11	75	0.14666666666666667	-65.26602233644894	83.5431385907969			5.160520269335588	9.1010484699616		
HIS	-120	120	7	75	0.09333333333333334	-68.16648827544849	163.1277096224171			6.184230180396793	8.54675413697283		
HIS	-120	120	30	75	0.4	-55.88413377119835	-84.74767449249994			7.541807281662472	12.147771015250722		
HIS	-120	150	6	67	0.08955223880597014	-168.1542297144938	-80.53321536470686			7.642851415848889	8.381575392542059		
HIS	-120	150	16	67	0.23880597014925373	-66.03533312542199	80.25716240354161			6.1949375045895465	14.14289975338307		
HIS	-120	150	6	67	0.08955223880597014	-67.58586969359587	-167.0597605359185			8.475688184908687	17.4461249658092		
HIS	-120	150	32	67	0.47761194029850745	-56.02712963162822	-82.7194692468638			8.226397253970637	14.661737039768669		
HIS	-90	-180	5	14	0.35714285714285715	-64.24018970789247	17.675784408504217			2.156862247269758	16.82076111562742		
HIS	-90	-180	5	14	0.35714285714285715	-57.225482877557724	-69.00916297754104			15.724795554110479	33.508686035957595		
HIS	-90	-60	5	12	0.4166666666666667	-60.84115687291964	-64.00898247045329			15.787926416972677	7.15555969880674		
HIS	-90	-30	8	46	0.17391304347826086	-166.33991576448005	69.69289479285366			10.489596269806876	8.899859864445629		
HIS	-90	-30	12	46	0.2608695652173913	-71.1191166413365	80.70265661775557			3.8082638177707175	10.32184783175248		
HIS	-90	-30	9	46	0.1956521739130435	-67.480643612564	154.23093786524817			4.604746499978516	19.815735986681222		
HIS	-90	-30	12	46	0.2608695652173913	-66.18579689335773	-86.92030760115584			6.923964091747929	15.683082993234521		
HIS	-90	0	12	82	0.14634146341463414	61.24959047119152	-71.32236702716352			5.923137743648267	11.003560693989586		
HIS	-90	0	15	82	0.18292682926829268	-66.559117588747	84.50352875613886			4.534960623591011	12.38760474367726		
HIS	-90	0	17	82	0.2073170731707317	-63.886659008088024	170.6967009801853			4.9044853648769005	28.856177694449787		
HIS	-90	0	34	82	0.4146341463414634	-61.093805197678066	-69.59958875128093			6.061801621825474	11.549387577338766		
HIS	-90	30	7	13	0.5384615384615384	-62.051331257659236	-74.1493809522541			7.20310348772662	24.99151919270555		
HIS	-90	120	11	57	0.19298245614035087	-178.56221186809245	59.3193150811606			5.6724451150805795	22.910141382569563		
HIS	-90	120	6	57	0.10526315789473684	-177.92121743368287	-161.97068378228474			3.623802162469268	14.214243620989809		
HIS	-90	120	13	57	0.22807017543859648	-175.36688469864612	-87.9416595379795			11.408490922770069	20.896720736197057		
HIS	-90	120	8	57	0.14035087719298245	-68.60393184979101	170.2047147146715			7.314763508086684	14.26762539056691		
HIS	-90	120	16	57	0.2807017543859649	-60.066084475992554	-80.59068033174125			6.923664660617449	10.930568925364733		
HIS	-90	150	12	61	0.19672131147540983	-168.71766334700487	-87.79103119030405			5.941432410520803	6.891975175917236		
HIS	-90	150	12	61	0.19672131147540983	-62.76387917320218	83.65845875072414			9.39640439877535	10.22534458039332		
HIS	-90	150	23	61	0.3770491803278688	-60.29291221290169	-73.50995469329462			9.258911466910627	9.226553122945639		
HIS	-60	-60	41	123	0.3333333333333333	175.61834693988027	72.68435199186915			6.352988447964169	9.848796845531206		
HIS	-60	-60	14	123	0.11382113821138211	-173.93665009689548	-158.71103788541842			7.699478216721883	20.311027869427022		
HIS	-60	-60	27	123	0.21951219512195122	-178.97064955112697	-91.47400764102618			6.649891735980979	10.558871144989427		
HIS	-60	-60	10	123	0.08130081300813008	-81.5252246069445	86.63004056841754			8.154247387676222	8.241396241282331		
HIS	-60	-60	13	123	0.10569105691056911	-73.86346079303732	166.93497545230687			6.15696172364281	12.841447975137237		
HIS	-60	-60	17	123	0.13821138211382114	-71.04388371980828	-52.62926643063343			9.433478735322735	16.76578027314147		
HIS	-60	-30	14	345	0.04057971014492753	61.68623536532079	90.91284416412093			8.92822666250997	7.961083065025581		
HIS	-60	-30	7	345	0.020289855072463767	63.56683202585606	-129.50683614211187			1.1678358030270644	6.977074935328124		
HIS	-60	-30	37	345	0.1072463768115942	70.41064568497526	-80.23650697604712			8.97703689258228	8.26335627520629		
HIS	-60	-30	64	345	0.1855072463768116	179.53014818571623	68.07950064823368			8.077685439536106	8.86383025464042		
HIS	-60	-30	7	345	0.020289855072463767	-175.90964146266342	-158.7532407391556			3.098796032291601	18.632857162410136		
HIS	-60	-30	46	345	0.13333333333333333	-175.518966638006	-93.28116210923685			8.054420176208236	10.763085826919358		
HIS	-60	-30	39	345	0.11304347826086956	-71.66802698114985	95.99975082912948			7.8679957985185265	14.089685936915535		
HIS	-60	-30	46	345	0.13333333333333333	-70.89178321041852	170.98685955077508			6.164372942613271	16.267110609703767		
HIS	-60	-30	85	345	0.2463768115942029	-72.26632274122075	-62.03102167692658			7.733999486634474	13.03237267457815		
HIS	-60	0	5	25	0.2	-69.01989120844523	92.00344726084519			2.623820076147739	7.840679134745116		
HIS	-60	0	5	25	0.2	-75.49252348271813	138.47377187904507			15.763838596785241	13.991551251402178		
HIS	-60	0	7	25	0.28	-69.66727095202663	-56.97178685725815			8.704220858262898	23.64191815195831		
HIS	-60	120	5	26	0.19230769230769232	-176.52058549490062	68.04854672061413			3.5900079532641445	17.232499161667043		
HIS	-60	120	15	26	0.5769230769230769	-171.60803696838417	-68.51855044876153			7.6870061034160075	12.627186310198761		
HIS	-60	150	10	70	0.14285714285714285	60.74013456140048	-70.38017641900596			5.542455219710059	6.596794492049962		
HIS	-60	150	5	70	0.07142857142857142	-166.29743919628274	88.00077962579105			12.134137836296432	5.675943654984779		
HIS	-60	150	25	70	0.35714285714285715	-170.61870280010137	-81.90413593725876			4.582198437849917	6.189573656359284		
HIS	-60	150	10	70	0.14285714285714285	-73.21725089552812	162.91710548834652			5.59602809212602	25.088558370200953		
HIS	-60	150	16	70	0.22857142857142856	-71.46596129381427	-67.03854380060416			8.990718941157843	13.138450082614694		
HIS	0	0	336	337	0.9970326409495549	0.0	0.0			0.0	0.0		
HIS	60	30	7	19	0.3684210526315789	-68.28035865441711	162.4168221389779			4.166726480392433	31.954375030823385		
HIS	60	30	8	19	0.42105263157894735	-55.53503767877661	-70.97763376688384			7.252203968592124	10.395074604925862		
HIS	60	60	7	18	0.3888888888888889	-59.74848823097561	106.67848338938163			4.926930597686717	5.5543437723199816		
HIS	60	60	6	18	0.3333333333333333	-64.7489058788074	-80.07704446237692			9.616454696296735	10.619081522136458		
LEU	-150	-180	10	18	0.5555555555555556	51.2168664530999	74.93368152432808			4.9979917757580035	8.912848510053308		
LEU	-150	120	42	60	0.7	-179.2229675076325	64.61848483692641			6.521305151453301	5.114208248890173		
LEU	-150	120	10	60	0.16666666666666666	-173.83098944518446	151.09979549266592			5.793269128609227	8.338073722237894		
LEU	-150	150	12	83	0.14457831325301204	57.79554205838483	75.59976143087034			12.979618683616605	9.560447266035634		
LEU	-150	150	11	83	0.13253012048192772	70.8816986631777	158.78823426913235			6.194494285735626	13.534660459661767		
LEU	-150	150	16	83	0.1927710843373494	179.3105483188314	67.05713017759895			10.900590400882875	8.747363791763116		
LEU	-150	150	5	83	0.060240963855421686	175.66284937070884	149.007024687476			6.338009662892752	3.4929273019130367		
LEU	-150	150	7	83	0.08433734939759036	-65.8191917633782	83.94990830371962			8.995599274136548	15.008613947596098		
LEU	-150	150	32	83	0.3855421686746988	-64.55026873377449	171.28866806505502			6.957750649715577	5.173069991220163		
LEU	-120	-180	21	25	0.84	-61.053750052414394	175.65483227196285			6.3659860446187935	8.419208132180952		
LEU	-120	-60	6	12	0.5	-57.98168211327921	172.9762642999869			7.601212444832502	4.81872421818435		
LEU	-120	-30	26	35	0.7428571428571429	-61.37919013645791	172.3663320711496			5.954157633170166	7.003718414619703		
LEU	-120	0	78	83	0.9397590361445783	-60.94950571970743	172.86899114604782			7.650960374979752	6.365368139305116		
LEU	-120	30	48	52	0.9230769230769231	-63.655622042824476	172.1343335928724			6.298561839925343	6.618873437409506		
LEU	-120	60	13	14	0.9285714285714286	-61.93824474642935	172.89862758193718			5.330779945202744	6.621835728029512		
LEU	-120	90	20	53	0.37735849056603776	-177.68721997158184	62.74364276614944			8.718561013556604	6.618246395224154		
LEU	-120	90	10	53	0.18867924528301888	-161.30598154670676	173.82792278981816			10.85133786407565	13.209708340619112		
LEU	-120	90	22	53	0.41509433962264153	-59.33802096456784	177.10926868824228			6.057499276933457	5.709074712713988		
LEU	-120	120	178	342	0.52046783625731	178.45191038687997	62.68940220368367			5.873836340591468	5.380660279570594		
LEU	-120	120	23	342	0.06725146198830409	-167.3256506026083	159.12655527339538			8.014881045990904	14.410002940232314		
LEU	-120	120	22	342	0.06432748538011696	-86.78585242413526	57.42996565529401			9.101230462902269	11.215341102504249		
LEU	-120	120	111	342	0.32456140350877194	-60.52532460593972	174.69863787900948			6.847440611869273	7.138138558120795		
LEU	-120	120	7	342	0.02046783625730994	-42.97860705272228	-29.559188029993592			33.1494859663889	24.266133892912627		
LEU	-120	150	20	309	0.06472491909385113	179.43673751353316	70.43618961149349			7.54320439357782	7.401211314517067		
LEU	-120	150	24	309	0.07766990291262135	-89.79414408782294	61.92811312214743			12.780245233828897	18.827058518212475		
LEU	-120	150	251	309	0.8122977346278317	-60.17759212078963	174.72583688693936			6.126710183034867	6.605878279074588		
LEU	-120	150	9	309	0.02912621359223301	-49.596643018607125	-36.749412295954336			24.548528291484885	18.458337403503666		
LEU	-90	-180	26	29	0.896551724137931	-57.35160599205792	177.79355301609806			6.095098490738196	8.118073528761013		
LEU	-90	-60	11	49	0.22448979591836735	-177.25428011757037	63.7172016003147			6.732239569493617	7.004092585291609		
LEU	-90	-60	5	49	0.10204081632653061	-102.1807557923464	65.0535452336146			15.65974168047768	20.23755758709097		
LEU	-90	-60	26	49	0.5306122448979592	-66.38843943269607	174.06393579434882			10.165758054940367	8.6166296434519		
LEU	-90	-30	34	326	0.10429447852760736	-173.96175213429552	60.390036713364445			15.119448367839702	9.031752739895463		
LEU	-90	-30	6	326	0.018404907975460124	-165.86256195920527	147.29935118420235			21.038924408333873	13.899637778379581		
LEU	-90	-30	17	326	0.05214723926380368	-96.32109314683944	49.73306187559304			12.616953825098467	18.498172966368813		
LEU	-90	-30	257	326	0.7883435582822086	-65.78146845769189	175.7495647525721			6.802885251119327	6.906865517820201		
LEU	-90	-30	8	326	0.024539877300613498	-85.57363275612357	-62.66422622343287			13.65091612031918	18.611562557330036		
LEU	-90	0	7	278	0.025179856115107913	-158.6468852358721	55.690422126591876			13.924604976787343	6.27095405698627		
LEU	-90	0	32	278	0.11510791366906475	-90.95621661196765	43.936415073666566			10.019751494921042	18.855472060574538		
LEU	-90	0	225	278	0.8093525179856115	-63.56383214946173	175.77482296967588			6.266239028484501	6.438870867750887		
LEU	-90	0	9	278	0.03237410071942446	-62.59050444205796	-23.79446242567395			28.378552595887776	18.76890776303934		
LEU	-90	30	25	28	0.8928571428571429	-62.67077659050888	175.17401869647227			3.912922603107879	5.569490795895138		
LEU	-90	60	22	26	0.8461538461538461	-59.54203403053765	178.35458456287893			5.38928591914997	5.736256917835916		
LEU	-90	90	19	64	0.296875	-175.64311077248422	63.28346330769341			6.8024418819548425	8.83471207105414		
LEU	-90	90	8	64	0.125	-83.18707662585932	42.42960573090151			4.208300592720108	15.137907213202121		
LEU	-90	90	31	64	0.484375	-59.55044987823205	175.9842465967142			6.228718704044715	7.395623955138237		
LEU	-90	120	138	332	0.41566265060240964	-179.83488991845198	63.123619961942865			7.146271454781207	4.869930668028304		
LEU	-90	120	13	332	0.0391566265060241	-163.43325641133396	163.86512007174898			13.255580789699037	19.06906713860926		
LEU	-90	120	24	332	0.07228915662650602	-83.60439624062167	60.81360314038481			10.566932650973055	21.256114187883856		
LEU	-90	120	143	332	0.4307228915662651	-62.002053724290036	178.91813689616635			8.288754765127079	6.930475556653433		
LEU	-90	120	11	332	0.03313253012048193	-41.50661791886517	-33.609798806897736			34.76192245854606	31.301859735216897		
LEU	-90	150	22	355	0.061971830985915494	-174.87603662578084	64.83253555601235			12.376722154932056	6.013109646063657		
LEU	-90	150	43	355	0.12112676056338029	-86.10592960304226	60.177461757977895			11.163965072627969	12.493826987325122		
LEU	-90	150	274	355	0.7718309859154929	-60.27514406739186	177.01494741953627			5.13729139551388	6.678500544471421		
LEU	-90	150	10	355	0.028169014084507043	-67.51600778724277	-38.92072353146446			29.9703556339668	23.545535603132574		
LEU	-60	-60	354	829	0.4270205066344994	179.86079795618062	59.86847340844577			6.879212782939381	6.13886538276735		
LEU	-60	-60	70	829	0.08443908323281062	-154.32186167743524	-171.6525548134187			12.259017029714995	26.26972142998327		
LEU	-60	-60	10	829	0.012062726176115802	-150.90075396589387	-86.2190954866071			20.14129827997518	15.544131457913508		
LEU	-60	-60	37	829	0.04463208685162847	-95.2813926683258	39.80895599933002			8.145074177453841	16.640636511209532		
LEU	-60	-60	338	829	0.4077201447527141	-72.03131119722272	174.39250730132375			7.550328340197	7.502895417613813		
LEU	-60	-60	20	829	0.024125452352231604	-89.24300319420844	-39.694212567150146			22.031798039364677	25.492065173630476		
LEU	-60	-30	10	2083	0.004800768122899664	67.28837923198779	84.02738039389844			11.275984999947362	11.78599075261353		
LEU	-60	-30	545	2083	0.2616418626980317	-177.7184747778086	59.5714294000555			7.660479841626884	6.92919695673099		
LEU	-60	-30	75	2083	0.03600576092174748	-158.33667587618146	172.79312386052842			16.21404411585178	21.62330384676933		
LEU	-60	-30	23	2083	0.011041766682669226	-161.68547858099868	-75.65630244953992			17.106284975594477	10.063808320150647		
LEU	-60	-30	104	2083	0.04992798847815651	-95.20367513186414	46.15676725082511			7.531946821691566	14.731743455308624		
LEU	-60	-30	1277	2083	0.6130580892942871	-68.97357922539346	174.65033176771587			5.958819088282285	6.780113062497543		
LEU	-60	-30	44	2083	0.02112337974075852	-33.624830163283534	-16.527367196094836			40.34857482582951	21.263510743229865		
LEU	-60	0	8	96	0.08333333333333333	-88.5160548775388	48.036856089456236			7.800135726936902	8.733809700048898		
LEU	-60	0	81	96	0.84375	-67.34111706563233	174.21260763724445			5.915840044518789	6.836557538103812		
LEU	-60	120	99	186	0.532258064516129	-174.05389757591738	65.00548825756572			8.524983701736064	5.360750034219898		
LEU	-60	120	11	186	0.05913978494623656	-168.0621178793698	162.55799583758582			16.368946059714027	17.76639351778219		
LEU	-60	120	6	186	0.03225806451612903	-88.94555766187038	47.750604739947796			4.1584105756826775	21.028605303998084		
LEU	-60	120	65	186	0.34946236559139787	-66.56033137987227	175.8180276263269			9.930247109867953	6.22460577796548		
LEU	-60	150	29	213	0.13615023474178403	-174.4288306874162	65.56704941479882			9.76743267109608	7.109732565101309		
LEU	-60	150	19	213	0.0892018779342723	-87.51853435029773	46.56360809776353			7.13427709752647	17.170446916096704		
LEU	-60	150	154	213	0.7230046948356808	-65.09724456386705	174.796356151529			6.336606316835745	6.554069841611467		
LEU	-60	150	7	213	0.03286384976525822	-23.48996758959243	-5.442661835180421			36.42048662085471	8.323917915995557		
LEU	-30	-60	9	18	0.5	-172.93541472677867	50.86144999641538			10.240650929176068	8.086266995455968		
LEU	0	0	1502	1502	1.0	0.0	0.0			0.0	0.0		
LEU	60	30	23	26	0.8846153846153846	-53.58989157137409	-179.4695523594068			7.1864917116436535	5.73594207525916		
ILE	-150	-180	11	15	0.7333333333333333	64.08800059945001	170.84561124526914			5.644648882485703	9.604049526299843		
ILE	-150	120	13	48	0.2708333333333333	-176.28823251965443	169.51933624855647			4.677283249151741	5.5233783636372715		
ILE	-150	120	28	48	0.5833333333333334	-61.74908515646956	173.53395583222144			7.720236835688923	8.334311859289212		
ILE	-150	150	23	80	0.2875	59.75936110762279	171.32847359750053			5.73215408754211	7.659533233979282		
ILE	-150	150	31	80	0.3875	-172.76993215980207	166.09850921984324			6.836468663527917	8.80189701420669		
ILE	-150	150	13	80	0.1625	-64.73766628779816	177.62596728959687			13.70694418803815	7.865137596412094		
ILE	-120	-180	31	39	0.7948717948717948	64.06880293967474	170.90136715916066			6.817280955931302	6.052336257007083		
ILE	-120	-60	13	19	0.6842105263157895	-63.37119910523052	172.08911325430773			4.028967235484704	7.168672417712659		
ILE	-120	-60	6	19	0.3157894736842105	-57.947390282731256	-57.12077603126424			10.797190318518206	8.975263118556636		
ILE	-120	-30	10	24	0.4166666666666667	60.49441930911808	175.8003543475576			6.001769187893416	10.881054715671407		
ILE	-120	-30	6	24	0.25	-62.97064852318106	160.60412766993724			6.346176743005364	9.872333668140536		
ILE	-120	0	35	43	0.813953488372093	62.36355860717215	169.51288315805294			4.220138869626354	7.259751396899029		
ILE	-120	30	21	24	0.875	58.90170158570343	172.5174833499403			7.274140709340599	6.4138385740380075		
ILE	-120	90	26	38	0.6842105263157895	-58.601521141620246	176.39999963662277			6.077380031818179	6.397183638867991		
ILE	-120	90	8	38	0.21052631578947367	-47.63556306514393	-62.48004583414581			18.07062822213371	19.02059948283099		
ILE	-120	120	9	553	0.0162748643761302	50.338425479485515	177.18649738587055			5.926198436798376	8.243193260024801		
ILE	-120	120	18	553	0.0325497287522604	-178.89695672992855	164.92966042799958			5.0923858476986705	6.150104392272379		
ILE	-120	120	27	553	0.048824593128390596	-60.46337323093914	95.62140603574093			7.9335555831963385	12.259201453296507		
ILE	-120	120	407	553	0.7359855334538878	-59.56709999952307	173.54910866664324			4.795141152161573	7.202875671856428		
ILE	-120	120	85	553	0.15370705244122965	-55.037874269633555	-62.775249571182236			7.098112878967756	7.7605373108239775		
ILE	-120	150	7	257	0.027237354085603113	75.6256087543133	102.8513765143279			8.401550640630683	10.684408359817114		
ILE	-120	150	108	257	0.42023346303501946	59.63657526281567	171.96716503427095			6.069349634754205	6.958491825256233		
ILE	-120	150	24	257	0.0933852140077821	-172.9854561066235	168.41774340544615			5.156926008688987	5.040751376603265		
ILE	-120	150	9	257	0.03501945525291829	-65.84543785204433	79.91501841177568			16.11509520124882	11.177089324130865		
ILE	-120	150	69	257	0.26848249027237353	-60.535096407495665	173.6611329035003			6.619118095082206	7.517920004662619		
ILE	-120	150	37	257	0.14396887159533073	-53.46078924235728	-62.10711738900106			8.6051070822275	8.63363182719209		
ILE	-90	-180	6	6	1.0	62.09131763942534	174.46284361550263			5.393483493190778	9.624440305426877		
ILE	-90	-60	6	76	0.07894736842105263	-80.24228464915636	70.24003605849657			8.7839747302905	12.408674522475753		
ILE	-90	-60	44	76	0.5789473684210527	-64.68952799194405	173.96088834038468			5.050560694624297	6.030538780844517		
ILE	-90	-60	23	76	0.3026315789473684	-59.93599039999963	-57.886668240072396			7.085924813215965	4.655468163114408		
ILE	-90	-30	20	138	0.14492753623188406	64.24201475159933	172.63230969613397			6.768477768347762	8.220352271321099		
ILE	-90	-30	7	138	0.050724637681159424	-167.48362184525482	60.52971724173005			8.144879576106865	9.47513435834933		
ILE	-90	-30	8	138	0.057971014492753624	-172.18385978975965	163.77054983225105			10.421234314053395	4.702951202609804		
ILE	-90	-30	6	138	0.043478260869565216	-82.76098229289879	75.67044849672833			11.41621613244656	16.9153103499918		
ILE	-90	-30	61	138	0.4420289855072464	-67.34702975367072	173.19570247034238			7.624401750915876	10.068710567917206		
ILE	-90	-30	30	138	0.21739130434782608	-59.78970674470561	-57.67927855681621			10.411425050045846	9.878092681816035		
ILE	-90	0	6	53	0.11320754716981132	58.46993783776181	99.10360612102507			6.781639727090474	1.1599111464923448		
ILE	-90	0	40	53	0.7547169811320755	64.61163010331818	170.57298266451843			4.3539716595896	8.896802712188984		
ILE	-90	30	6	8	0.75	62.549621585526175	168.37376235848342			2.8706927133866937	4.381141780764047		
ILE	-90	90	25	41	0.6097560975609756	-56.722011377613164	178.79424582014613			5.702521998336577	5.150328992159487		
ILE	-90	90	13	41	0.3170731707317073	-50.92356113892679	-55.42954693386904			3.1774902048635147	4.996035551772139		
ILE	-90	120	23	374	0.06149732620320856	-66.80180314062672	82.16663145176985			6.705573158319894	11.414411007358241		
ILE	-90	120	249	374	0.6657754010695187	-60.4642527769412	171.89897509495233			4.848590791095106	7.467027002617312		
ILE	-90	120	96	374	0.25668449197860965	-53.95349570597609	-59.084449500881966			6.3149830131785905	7.8073718456685		
ILE	-90	150	18	86	0.20930232558139536	67.55852120346422	165.77022141367974			7.044954627168082	7.167701604217846		
ILE	-90	150	5	86	0.05813953488372093	-164.42650239464894	173.39347040320158			5.994885428778297	5.573971738974586		
ILE	-90	150	36	86	0.4186046511627907	-61.47108450873937	171.84118348194048			3.915744230427013	5.9776995800515795		
ILE	-90	150	22	86	0.2558139534883721	-56.991338221589054	-59.317577434208474			7.837967666446264	11.57619488413416		
ILE	-60	-60	443	545	0.8128440366972477	-67.0713684660606	171.0018864570139			4.773015023284823	6.5111873584289475		
ILE	-60	-60	94	545	0.1724770642201835	-60.900029650260976	-63.06453953380592			6.058799872079937	9.054992522368249		
ILE	-60	-30	10	964	0.01037344398340249	61.242369060129136	93.80149119973392			14.92640320404477	6.809443043466573		
ILE	-60	-30	43	964	0.044605809128630707	64.68581610498767	176.0887187331856			6.881622639227123	7.6232140159822555		
ILE	-60	-30	75	964	0.07780082987551867	-165.5612559363647	66.49092705153616			7.976414434795135	5.610021445346153		
ILE	-60	-30	59	964	0.061203319502074686	-167.50569619747634	168.50454826200334			5.265531410527255	7.191608532467419		
ILE	-60	-30	22	964	0.022821576763485476	-72.35335815366929	74.66143867673985			13.897216706512825	19.025935306619257		
ILE	-60	-30	590	964	0.6120331950207469	-67.08807961412167	171.77765409159838			5.011135226988284	6.729980201171054		
ILE	-60	-30	163	964	0.1690871369294606	-61.45770137720647	-59.355542775401425			7.221032341977268	8.428314922162402		
ILE	-60	0	15	22	0.6818181818181818	64.39092383585579	166.06081520323485			4.183881743622471	8.12743253650332		
ILE	-60	120	7	110	0.06363636363636363	-79.28739047081157	83.46976876654705			7.504970804641765	9.913185188605043		
ILE	-60	120	75	110	0.6818181818181818	-62.981805880696854	171.38911375402773			5.2937058951544005	7.684695086859516		
ILE	-60	120	25	110	0.22727272727272727	-57.83504488668849	-59.01503643535134			6.678386800848588	5.808277781591092		
ILE	-60	150	14	74	0.1891891891891892	60.730074825181774	173.40607645065364			2.802302025225323	9.124219267030204		
ILE	-60	150	6	74	0.08108108108108109	-165.29928700303162	67.61038696745227			4.902159490215141	9.213413611808157		
ILE	-60	150	13	74	0.17567567567567569	-166.5254922908774	170.3982626037058			4.69730201163632	4.742973097763856		
ILE	-60	150	22	74	0.2972972972972973	-63.55635114159055	172.3438986546638			5.974130156110591	9.254851659895499		
ILE	-60	150	14	74	0.1891891891891892	-47.45030070828676	-48.57232765678002			25.00514646573362	26.552670996105817		
ILE	-30	-60	8	13	0.6153846153846154	-62.965145552650476	178.83467998734983			4.893093713085163	4.8201691531155895		
ILE	0	0	968	968	1.0	0.0	0.0			0.0	0.0		
PHE	-180	-180	6	10	0.6	64.57394989060128	-85.4644984255115			3.7316542508514696	9.751798063845543		
PHE	-180	150	6	14	0.42857142857142855	61.124530325903464	82.67973104943205			6.145454475326669	2.039961592363116		
PHE	-180	150	5	14	0.35714285714285715	63.10593614208048	-81.89854263512598			6.297462548356791	3.5073238528203645		
PHE	-150	-180	7	45	0.15555555555555556	58.22218227490481	84.48239917543525			6.020701341434523	7.994732955271747		
PHE	-150	-180	33	45	0.7333333333333333	64.21022243685202	-83.75317786210601			5.299434411746775	4.060129832840882		
PHE	-150	90	8	14	0.5714285714285714	-179.652352326219	61.36255057984062			6.426930682338076	11.35935164618772		
PHE	-150	120	28	44	0.6363636363636364	-177.02492748928896	71.63575784919173			5.539193977354059	9.137592583082313		
PHE	-150	120	5	44	0.11363636363636363	-168.94143159104348	-78.2740192118361			7.318837624160028	4.2751539373953875		
PHE	-150	120	7	44	0.1590909090909091	-58.23493849632902	-74.56338578511728			7.194166763132178	6.495134172599376		
PHE	-150	150	45	146	0.3082191780821918	58.812337364839316	84.38625963924338			6.757142012125052	3.4032549494756643		
PHE	-150	150	59	146	0.4041095890410959	64.97380601216283	-84.01042911035161			5.477341157234684	4.158356940242086		
PHE	-150	150	8	146	0.0547945205479452	-162.1870748175207	67.514780538776			9.259407622604334	5.97526962245623		
PHE	-150	150	15	146	0.10273972602739725	-59.68743311665492	82.99331576766554			6.18209060758191	4.134067591516082		
PHE	-150	150	18	146	0.1232876712328767	-61.466678787718465	-78.76669967246862			6.5048475001143204	9.0746783913593		
PHE	-120	-180	5	24	0.20833333333333334	56.27153716509546	85.51401097473429			2.5423099743647897	3.1264358295157324		
PHE	-120	-180	9	24	0.375	-60.530258198688145	81.71850098126492			5.843302986668934	5.41441240181149		
PHE	-120	-180	8	24	0.3333333333333333	-52.73933452946185	-77.66330563843069			11.449480943925977	8.90476460962041		
PHE	-120	-30	6	37	0.16216216216216217	-65.24187848878904	81.71061738185608			9.33961057336583	7.130612251232748		
PHE	-120	-30	23	37	0.6216216216216216	-58.109138677296066	-67.6971061400713			5.826312494475274	7.5977128738792725		
PHE	-120	0	11	61	0.18032786885245902	-70.08338727889324	83.79563622417422			7.00008688206973	3.162582183705364		
PHE	-120	0	48	61	0.7868852459016393	-60.756168129546374	-74.26789587516451			6.343646618694824	8.809778575447787		
PHE	-120	30	6	30	0.2	-65.15885211457497	79.59008358260309			2.033792256259151	3.5575048130319042		
PHE	-120	30	20	30	0.6666666666666666	-56.32186075855161	-71.43900307926488			7.1688628138161485	10.477162374193101		
PHE	-120	60	14	19	0.7368421052631579	-55.630544274485274	-74.93150344659726			5.338403687891875	6.747073904298852		
PHE	-120	90	7	35	0.2	-170.46932742510418	53.315429236521695			8.273032020262827	13.866161943146892		
PHE	-120	90	8	35	0.22857142857142856	-68.72308945387782	85.091296860186			8.258185503866597	1.9457900135037198		
PHE	-120	90	17	35	0.4857142857142857	-58.31154934500065	-75.99703456584008			8.598870284143784	13.033573842653674		
PHE	-120	120	28	124	0.22580645161290322	179.08491317302747	71.18359502452894			5.226468622416212	11.348967354866833		
PHE	-120	120	7	124	0.056451612903225805	-157.32239555055364	-68.14015510761045			7.020377192927801	3.6013436450150547		
PHE	-120	120	40	124	0.3225806451612903	-68.1264980809194	79.90943413683662			7.009255468693634	6.716769848419486		
PHE	-120	120	48	124	0.3870967741935484	-62.98726776620885	-78.20434717310523			7.506112063196286	7.266883750745327		
PHE	-120	150	6	176	0.03409090909090909	68.38706342075517	85.10594661135336			4.708632565639764	2.8218675661382155		
PHE	-120	150	8	176	0.045454545454545456	64.54251075189269	-85.46055327596079			4.9508488572787535	5.168975854814177		
PHE	-120	150	5	176	0.028409090909090908	178.76182829074202	68.17566789753488			6.288805638686528	3.777728648103081		
PHE	-120	150	62	176	0.3522727272727273	-64.66521011009773	81.98139910952102			6.590519985796659	4.898199840516484		
PHE	-120	150	95	176	0.5397727272727273	-62.91657494910187	-78.32061448405977			6.617250461605932	9.19656178788804		
PHE	-90	-180	9	25	0.36	-66.4799503957557	65.93366540202214			5.994337886355119	12.785390216023954		
PHE	-90	-180	13	25	0.52	-65.19322410822099	-83.19820708788079			4.967544009647462	8.184398811902211		
PHE	-90	-60	12	21	0.5714285714285714	179.96900510161115	70.81632377343352			12.291232740466384	9.456964544973028		
PHE	-90	-60	6	21	0.2857142857142857	-60.92304072450397	-52.41098770342245			5.763679481992784	23.043807927120067		
PHE	-90	-30	16	105	0.1523809523809524	-171.07900944307903	74.64546281034673			7.339266272491711	6.006615530209283		
PHE	-90	-30	19	105	0.18095238095238095	-75.28041558908431	75.91700280963269			5.468418854566946	11.226564778023969		
PHE	-90	-30	64	105	0.6095238095238096	-66.34080311413983	-71.8330503531011			7.713498614989495	11.280054960021982		
PHE	-90	0	35	138	0.2536231884057971	-72.51783314355282	76.09645397640467			7.566023998505795	12.96073172791592		
PHE	-90	0	92	138	0.6666666666666666	-65.23311588196394	-71.53180896100466			7.370050593606229	13.545074595064795		
PHE	-90	60	6	8	0.75	-64.37107400213921	-61.02476361449352			10.460617498403517	23.51531927683949		
PHE	-90	90	5	26	0.19230769230769232	-169.82210318871043	-84.2368125347426			5.098520358417305	5.60010516491692		
PHE	-90	90	6	26	0.23076923076923078	-64.71291631881975	80.72973578086858			5.636381859172286	3.7760487013863124		
PHE	-90	90	12	26	0.46153846153846156	-59.027344337371844	-72.69197872509368			12.193884474086962	10.190499155183097		
PHE	-90	120	46	148	0.3108108108108108	-179.52392727845924	70.20534292517388			7.5236205934329945	11.319236266728728		
PHE	-90	120	12	148	0.08108108108108109	-171.10894330087973	-77.5059749870976			3.971227175984187	12.583557709545419		
PHE	-90	120	31	148	0.20945945945945946	-69.05239432273635	79.22612816964488			5.001610753287318	7.124532634068082		
PHE	-90	120	59	148	0.39864864864864863	-67.60100969473896	-69.65437792998456			7.25732050347227	15.992993369897148		
PHE	-90	150	12	122	0.09836065573770492	178.07524525375334	80.66655016004894			16.163485397075217	5.895658099330436		
PHE	-90	150	40	122	0.32786885245901637	-76.27873268578469	77.23958331432657			5.691851010779769	9.343005774197255		
PHE	-90	150	66	122	0.5409836065573771	-68.94407392059503	-67.31528548942654			7.535435044632495	17.150805586209604		
PHE	-60	-60	248	358	0.6927374301675978	178.20867081233493	72.04541926822174			7.496626223619457	9.441576706767469		
PHE	-60	-60	53	358	0.14804469273743018	-176.58542425100543	-82.85091024077765			6.540027731047772	5.146574259365701		
PHE	-60	-60	13	358	0.036312849162011177	-89.03561132914129	74.73514711837504			6.690377168752044	12.93467657804411		
PHE	-60	-60	44	358	0.12290502793296089	-72.70225117556674	-53.836659690061104			9.91353477837079	18.76877428237175		
PHE	-60	-30	21	531	0.03954802259887006	73.1648896572053	83.30778670063088			12.363729415960474	3.7252151777903935		
PHE	-60	-30	16	531	0.030131826741996232	68.29378925505017	-81.00781444340217			8.335629780695346	3.9092504202999896		
PHE	-60	-30	211	531	0.3973634651600753	179.3929076985924	70.7913706774323			6.816379467818151	9.876726562175795		
PHE	-60	-30	24	531	0.04519774011299435	-177.1612214082936	-84.22117796390691			7.75700199941738	3.69858723608221		
PHE	-60	-30	65	531	0.1224105461393597	-81.64370907810824	65.51181767999688			6.320703656046774	23.35474395694106		
PHE	-60	-30	194	531	0.3653483992467043	-70.43283706737812	-56.728822103394094			8.320541699407558	21.10297575353756		
PHE	-60	0	6	30	0.2	57.497115908421954	79.9744484337163			5.928770139073294	3.8119011433399868		
PHE	-60	0	5	30	0.16666666666666666	65.55286405497476	-81.49174137121368			10.327357718477268	6.818211957646222		
PHE	-60	0	9	30	0.3	-72.84112949461787	79.88699096177925			4.826969959166424	12.398034615175634		
PHE	-60	0	9	30	0.3	-67.64129527390574	-71.44716246491282			5.3994519709341064	20.36059396278609		
PHE	-60	120	41	66	0.6212121212121212	179.41973838779987	74.37623307390568			6.5854027383893445	7.6254470661669815		
PHE	-60	120	17	66	0.25757575757575757	-69.30454047803224	-54.85685938205611			11.441528425187988	14.915437108669122		
PHE	-60	150	21	79	0.26582278481012656	-177.03249302771437	70.86164771957985			7.366148824310193	9.151048646128302		
PHE	-60	150	5	79	0.06329113924050633	-156.1780268581071	-81.19636166727607			9.197583089212815	14.262028546988846		
PHE	-60	150	13	79	0.16455696202531644	-76.65317109926288	64.98187054740734			8.763558568410618	22.103183788517196		
PHE	-60	150	35	79	0.4430379746835443	-67.85528680264888	-63.41020565746099			7.111442215466664	17.224613395524372		
PHE	-30	-60	10	15	0.6666666666666666	178.82747431757653	71.17864549273973			6.624990855156189	13.287175258638651		
PHE	0	0	655	655	1.0	0.0	0.0			0.0	0.0		
PHE	60	30	10	25	0.4	-66.87827450465166	82.88708206946647			9.78334532534024	12.549757096156137		
PHE	60	30	15	25	0.6	-56.67511341362252	-72.1715341961983			7.401713271949481	10.782789893520707		
PHE	60	60	13	16	0.8125	-56.049187581296856	-77.77342979419656			8.555404878078471	7.024909015636819		
PHE	90	0	5	5	1.0	-56.54221160228637	-57.940991261962964			11.705986483562876	21.651170513564303		
PRO	-90	-180	57	61	0.9344262295081968	33.33996419102744	-36.48942824045604			3.6859838944442864	5.21482551996458		
PRO	-90	-30	25	32	0.78125	28.281899788547502	-35.14652396924518			5.78586161279789	7.959562337966697		
PRO	-90	0	82	90	0.9111111111111111	34.32593165359652	-36.83822074512813			3.6071285653429253	4.771201857424462		
PRO	-90	0	6	90	0.06666666666666667	-13.102423482816755	30.804671646909785			7.201052110912465	5.010795663663318		
PRO	-90	30	11	13	0.8461538461538461	36.01473539384226	-39.17663726798986			3.450434296987942	3.4079273383745545		
PRO	-90	60	18	22	0.8181818181818182	30.633032463659337	-33.90106539941809			2.1035166976975423	5.042471334357685		
PRO	-90	90	12	15	0.8	30.44668683664028	-34.19468578157256			4.0441379385205884	4.620482861365891		
PRO	-90	120	5	39	0.1282051282051282	6.4449612064503246	12.26812099778692			3.752505081106822	3.312100341708622		
PRO	-90	120	26	39	0.6666666666666666	31.49794810820372	-35.78808179172011			2.8947665539366336	4.800079823224942		
PRO	-90	120	8	39	0.20512820512820512	-12.783849992072545	32.043949188218356			6.143692230755495	5.449071859449659		
PRO	-90	150	12	161	0.07453416149068323	7.914750189164213	9.127371565948112			2.8647567380531047	3.2104812530720266		
PRO	-90	150	127	161	0.7888198757763976	31.426539808554327	-35.03871098486055			3.0347715812695655	5.2924233958114755		
PRO	-90	150	21	161	0.13043478260869565	-14.060559035647842	32.33402626880855			6.426823803083256	6.455429050781658		
PRO	-60	-180	50	78	0.6410256410256411	28.25673332720587	-35.26955695425025			3.4856867685398507	3.8078306567698483		
PRO	-60	-180	25	78	0.32051282051282054	-23.076193922922794	35.39031189667315			4.516527820702522	4.779165194884654		
PRO	-60	-60	12	100	0.12	25.043798740397982	-37.40724324396007			4.284646772503748	4.890720103679647		
PRO	-60	-60	88	100	0.88	-29.085495677396096	38.597456706347465			3.960102693925842	4.643830475273864		
PRO	-60	-30	255	778	0.3277634961439589	23.38423425857733	-34.61243093333628			4.726161368456629	4.417276245806222		
PRO	-60	-30	519	778	0.6670951156812339	-26.821033405516815	37.269928679626766			4.096762242523002	4.367639283176976		
PRO	-60	0	74	112	0.6607142857142857	27.027501396227766	-36.10873434612592			4.289845900006295	4.528964821688559		
PRO	-60	0	37	112	0.33035714285714285	-22.81671315378966	37.16065868894005			5.924188376613816	5.545406363395833		
PRO	-60	30	6	6	1.0	-25.44171004457011	40.763085352704095			4.749568285768098	3.9296081239722205		
PRO	-60	60	6	11	0.5454545454545454	28.77994858192204	-36.13064497569895			1.7689897956686667	2.277024979329963		
PRO	-60	60	5	11	0.45454545454545453	-19.151389727855875	33.7432061463965			3.3965444423133415	2.9308315803492144		
PRO	-60	120	70	229	0.3056768558951965	22.469252122879634	-32.69059681246001			4.899662287889881	5.020848160708405		
PRO	-60	120	156	229	0.6812227074235808	-26.393666397950938	37.33692402668806			4.254680287529768	4.5201835936062205		
PRO	-60	150	373	937	0.39807897545357523	25.594478726743194	-34.82136596936365			4.416580729323953	4.6159169241249955		
PRO	-60	150	560	937	0.5976520811099253	-23.867165227784184	35.34368219529542			4.782854115644063	4.647884137402795		
PRO	-30	-60	21	23	0.9130434782608695	-32.7911212083009	34.871273309748005			2.72253838850588	8.510528916383501		
PRO	-30	-30	18	22	0.8181818181818182	-33.09757578107692	39.11728116478339			2.3378801799341153	5.719298290233673		
PRO	-30	120	12	15	0.8	-32.24754651683088	39.51044597500657			1.723957942458251	4.517794324688834		
PRO	-30	150	11	11	1.0	-33.46197099973279	38.8140017054025			2.101505699698925	4.82228413161424		
PRO	0	0	669	669	1.0	0.0	0.0			0.0	0.0		
TRP	-150	-180	5	11	0.45454545454545453	62.02096535135052	90.37346279845734			1.50586106235629	3.9646092825275896		
TRP	-150	-180	5	11	0.45454545454545453	56.22986574498108	-91.10271215113399			5.171000212384906	15.22185594887465		
TRP	-150	120	6	8	0.75	170.8513697447477	-91.91066067773994			8.76129381906632	4.540111289183334		
TRP	-150	150	10	25	0.4	53.6336463375114	-88.44660465098427			8.834557799079693	5.966482019661345		
TRP	-150	150	7	25	0.28	175.9299908253761	87.02581631460362			3.159756254407101	1.8277361069869522		
TRP	-120	-180	5	6	0.8333333333333334	-61.82413475855149	76.05451758604065			7.339251174087913	21.101124931774827		
TRP	-120	-30	5	15	0.3333333333333333	-57.535766465112786	105.51418804721723			7.416916550899716	4.061864642057495		
TRP	-120	0	5	8	0.625	-55.4363510313101	-68.00128762328849			5.104370097824408	27.22499933391203		
TRP	-120	120	7	35	0.2	-169.37615297937012	-67.58106823287257			2.3532188842571653	25.361214947378677		
TRP	-120	120	15	35	0.42857142857142855	-69.6133956703879	90.67766169066026			6.2568041641494405	11.872059989032465		
TRP	-120	120	7	35	0.2	-75.2751879466008	-88.19240882470544			7.545359615667941	4.4050198457925145		
TRP	-120	150	28	43	0.6511627906976745	-67.29360017644072	81.69166817021274			6.827560292640721	15.231088194507453		
TRP	-120	150	9	43	0.20930232558139536	-63.28358584660862	-82.34284401780741			7.735332919961889	16.685977216622227		
TRP	-90	-30	25	31	0.8064516129032258	-70.66049738218814	96.58513977739301			6.517973213507662	17.668468164938528		
TRP	-90	0	17	32	0.53125	-66.75752278103977	100.13372584430036			7.635526566674403	8.3281089574383		
TRP	-90	0	7	32	0.21875	-70.04519589066355	-23.017575645637166			5.231520516516098	20.078665057642205		
TRP	-90	120	8	24	0.3333333333333333	-172.31070797284457	-72.62896128481961			6.271026558431877	35.54884225993947		
TRP	-90	120	12	24	0.5	-73.86028957112416	93.8778045029946			10.014760518368023	11.30086232581856		
TRP	-90	150	28	41	0.6829268292682927	-66.26842561177325	92.54418123019404			6.258534183821203	10.294277836176049		
TRP	-60	-60	50	109	0.45871559633027525	178.94441998071161	83.2753530615501			6.612870936651899	5.64383252248839		
TRP	-60	-60	7	109	0.06422018348623854	179.7005820790665	-132.11833265207588			4.011300365650797	8.430576440775454		
TRP	-60	-60	28	109	0.25688073394495414	-178.27951215805513	-96.52347404827128			7.9903918260971	12.30281004825412		
TRP	-60	-60	9	109	0.08256880733944955	-87.03452747403044	109.8031599867452			9.873232628936288	5.014616178038177		
TRP	-60	-60	11	109	0.10091743119266056	-65.48981362894213	-12.920921681575239			8.982854549057855	7.001121716541582		
TRP	-60	-30	32	209	0.15311004784688995	64.2504182317155	-93.454653115238			6.973078106544927	6.527667676522226		
TRP	-60	-30	44	209	0.21052631578947367	177.34059540852243	82.30564930662547			6.450683813260005	7.737366930521711		
TRP	-60	-30	31	209	0.14832535885167464	178.9949841580982	-99.27819350165319			6.910466519742521	10.312853336812184		
TRP	-60	-30	57	209	0.2727272727272727	-75.54474821808094	102.81716435409764			6.767190833842739	14.215471862888728		
TRP	-60	-30	11	209	0.05263157894736842	-66.29191938167865	128.8592437194835			14.771339924067428	13.335654266166436		
TRP	-60	-30	26	209	0.12440191387559808	-70.51508574404589	-18.16858417891622			10.505422201837863	16.66564675467096		
TRP	-60	120	9	20	0.45	-174.879376527484	73.76536444341616			3.1330888126579928	16.610283515777752		
TRP	-60	150	5	28	0.17857142857142858	-175.4855923790898	87.83580146477931			5.309413782248639	4.970417720106958		
TRP	-60	150	8	28	0.2857142857142857	-168.6373711864388	-101.8868987479043			7.9744151518246005	8.544271989618275		
TRP	-60	150	11	28	0.39285714285714285	-63.628916443297136	92.84037215722647			7.862494411119123	17.423379735936955		
TRP	0	0	162	162	1.0	0.0	0.0			0.0	0.0		
TYR	-180	150	5	13	0.38461538461538464	58.32746930436294	87.62828634795125			10.47844327176383	3.947472268681737		
TYR	-180	150	7	13	0.5384615384615384	61.379956404699186	-86.68893085852332			7.440077969513598	2.0951270958557093		
TYR	-150	-180	16	37	0.43243243243243246	56.322506206199265	81.97338352096922			7.862259140143716	4.347175914900577		
TYR	-150	-180	21	37	0.5675675675675675	69.22479922278855	-78.08061647174324			7.103359503168437	4.419861662635688		
TYR	-150	120	19	28	0.6785714285714286	177.53028451232277	69.77691971044435			7.480719132615704	10.859653429913164		
TYR	-150	150	36	113	0.3185840707964602	61.86895901460693	80.75212829584522			5.817096459451414	4.7710895375437685		
TYR	-150	150	33	113	0.2920353982300885	68.06201346172878	-83.27622607826571			5.228351259668238	4.353440467725716		
TYR	-150	150	12	113	0.10619469026548672	-170.02998311605262	75.4186790116351			11.046488472384777	7.169663017673336		
TYR	-150	150	13	113	0.11504424778761062	-61.2841443720699	82.57497241443325			4.702263834015562	3.516762408058373		
TYR	-150	150	18	113	0.1592920353982301	-62.46367177386601	-71.79225509916766			13.23851820727676	10.894218205838827		
TYR	-120	-180	5	13	0.38461538461538464	-62.140110712153664	80.36841264420526			5.7785934290246805	5.313962038633011		
TYR	-120	-180	6	13	0.46153846153846156	-54.72429285455243	-73.76094468737358			5.438694165955191	9.392121086718593		
TYR	-120	-30	5	25	0.2	-63.5829800586045	83.24150488890508			7.617511468463733	2.648159126643173		
TYR	-120	-30	19	25	0.76	-58.64128428852363	-71.60034308002281			4.703043882773886	8.629802114550138		
TYR	-120	0	6	50	0.12	-59.850649188872154	81.50639546359267			8.135980523689478	6.371103776496539		
TYR	-120	0	38	50	0.76	-62.972002694195695	-72.16545636166477			7.012259156913104	10.388634529346733		
TYR	-120	30	10	38	0.2631578947368421	-62.80578807934971	85.42618379980699			8.889711030509032	3.223301264491272		
TYR	-120	30	26	38	0.6842105263157895	-57.48061849032286	-73.34337938906984			5.987452430557284	5.767198926845724		
TYR	-120	60	18	21	0.8571428571428571	-53.136098192250145	-71.77171198181502			7.371572333713864	11.491469374277864		
TYR	-120	90	11	19	0.5789473684210527	-53.236020380354546	-68.69869383269824			6.543583322847617	10.602549040822819		
TYR	-120	120	39	111	0.35135135135135137	174.70697998648313	67.2612181884772			6.488059308141691	13.423512246599934		
TYR	-120	120	8	111	0.07207207207207207	-175.90852191608772	-79.0547257813124			12.322652431650845	13.58295715058424		
TYR	-120	120	30	111	0.2702702702702703	-62.61709399216577	78.81541473297652			5.9589739441626	5.897202126831652		
TYR	-120	120	34	111	0.3063063063063063	-61.533916442340775	-73.93227104182165			6.887585621123953	13.696145695624205		
TYR	-120	150	7	183	0.03825136612021858	62.70349365316558	78.9620703506463			1.8064146597985424	5.186741803020317		
TYR	-120	150	8	183	0.04371584699453552	59.746571653318654	-83.20668382529738			5.2600212949982685	2.0568993920748815		
TYR	-120	150	6	183	0.03278688524590164	176.60604277523436	77.2426090860009			3.6888057060681367	8.107009532219813		
TYR	-120	150	69	183	0.3770491803278688	-65.9086588326135	80.37099728440194			7.44543624067221	6.387391432563748		
TYR	-120	150	90	183	0.4918032786885246	-62.04784107091119	-79.04689443460605			6.68654512229449	7.356565401515326		
TYR	-90	-180	8	16	0.5	-57.55948076138731	-68.09838806757409			12.05224785536082	21.031663044402432		
TYR	-90	-60	8	17	0.47058823529411764	171.26793555603612	70.2092791057082			4.930566118382153	6.285827247023909		
TYR	-90	-30	5	87	0.05747126436781609	60.40374710311116	77.87433404706864			5.312224962511954	3.3748219467522067		
TYR	-90	-30	9	87	0.10344827586206896	-175.52750639556996	77.4749206247454			8.261397661316341	7.72458236661406		
TYR	-90	-30	14	87	0.16091954022988506	-68.47847616820286	80.40906490668233			5.590157880065316	7.161409206917554		
TYR	-90	-30	57	87	0.6551724137931034	-63.60625424892709	-62.06742279244042			9.568083966840156	17.140158061090066		
TYR	-90	0	10	97	0.10309278350515463	58.46528103884703	79.07651139067877			8.74167579098849	3.289556340149297		
TYR	-90	0	18	97	0.18556701030927836	-71.83129784504993	82.7984931474146			6.865147452109702	6.499229653701523		
TYR	-90	0	67	97	0.6907216494845361	-65.36965593566377	-71.85325950597223			6.301509260839532	12.15739389555108		
TYR	-90	30	13	18	0.7222222222222222	-62.05089685821697	-68.85078530248029			7.714705725049334	9.147858136275852		
TYR	-90	90	5	11	0.45454545454545453	-62.814596216703535	-71.37734045884619			3.885614908883565	6.354977238159455		
TYR	-90	120	29	96	0.3020833333333333	178.66492645161975	70.02536257297258			6.304738223775198	11.143860952940111		
TYR	-90	120	9	96	0.09375	-174.39323759052976	-81.36693578151255			8.278694109914623	5.965992173440169		
TYR	-90	120	17	96	0.17708333333333334	-66.31202120112381	79.96991488406685			7.15042477724979	9.52905770559499		
TYR	-90	120	41	96	0.4270833333333333	-67.52777021981613	-77.38463916625345			8.013553056242257	6.985332867379773		
TYR	-90	150	5	92	0.05434782608695652	63.33498471491549	82.01105234494304			3.360668687800281	6.148660773329498		
TYR	-90	150	8	92	0.08695652173913043	-178.58597330318835	70.27329786068472			8.978062832295432	6.477857166982491		
TYR	-90	150	22	92	0.2391304347826087	-67.2558459491994	81.47420984803975			7.722200489475594	4.972386647925805		
TYR	-90	150	53	92	0.5760869565217391	-67.33777859669206	-74.76391425966146			7.079751219866449	9.850185820419417		
TYR	-60	-60	229	368	0.6222826086956522	176.940568508441	76.56551708240993			6.418344596116816	7.943448561701259		
TYR	-60	-60	70	368	0.19021739130434784	-176.01113135759758	-83.20788821320922			6.247516197678985	5.206672973282574		
TYR	-60	-60	9	368	0.024456521739130436	-78.82769989009562	76.58190725495155			7.3458995047368525	10.944792963539841		
TYR	-60	-60	60	368	0.16304347826086957	-74.34629471118234	-43.694869256578784			11.771368511682402	18.0043716717642		
TYR	-60	-30	17	506	0.03359683794466403	68.29586574633876	83.07150653050387			8.350322233070793	7.081755220693784		
TYR	-60	-30	13	506	0.025691699604743084	75.07499196515211	-81.38316687248023			6.011252383018283	3.7191337495433983		
TYR	-60	-30	213	506	0.4209486166007905	-178.9988536799736	74.12434587551996			7.017514103853203	9.77050831920663		
TYR	-60	-30	41	506	0.08102766798418973	-175.62735984893064	-84.88357571829073			8.449280965725029	5.063364911563063		
TYR	-60	-30	37	506	0.07312252964426877	-83.94352682573765	49.2310484856917			8.060779882368845	28.401887338783503		
TYR	-60	-30	185	506	0.36561264822134387	-71.84220308057536	-55.01789771678021			9.166452186008213	19.457251952089596		
TYR	-60	0	8	24	0.3333333333333333	62.55232285313467	77.10584943764998			4.9180639975191855	6.955431741845721		
TYR	-60	0	14	24	0.5833333333333334	-65.71439772383121	-33.407681429967425			23.08517120776679	29.035275975188448		
TYR	-60	30	6	8	0.75	-174.1287485697392	59.926189808257305			9.587840724083279	4.504657823163573		
TYR	-60	120	31	45	0.6888888888888889	-177.94603041837775	71.10698946451542			5.8974020946597046	9.131550291594008		
TYR	-60	120	5	45	0.1111111111111111	-168.13849079709902	-82.32813413227521			2.665395997567151	2.4398991429414423		
TYR	-60	120	7	45	0.15555555555555556	-77.84767527328576	-68.42982191810037			4.285712051814259	5.974941611761148		
TYR	-60	150	23	61	0.3770491803278688	179.99119746117432	77.7815677901742			6.597485036627965	6.776174317212402		
TYR	-60	150	10	61	0.16393442622950818	-81.26884928107212	54.398469091728195			4.385061637965501	20.669158486530325		
TYR	-60	150	25	61	0.4098360655737705	-68.18747637128888	-69.47314878044965			11.786689219553466	10.50931727609695		
TYR	-30	-60	8	15	0.5333333333333333	-178.2377316316725	75.35295633761349			6.610522331654588	9.228874446352687		
TYR	-30	-60	5	15	0.3333333333333333	-168.89494655312464	-76.5621010453859			3.6465751973333194	14.240618438930982		
TYR	0	0	508	508	1.0	0.0	0.0			0.0	0.0		
TYR	60	0	7	10	0.7	-55.04636776978793	-59.52556229808821			7.668069563157719	6.844183516789264		
TYR	60	30	5	19	0.2631578947368421	-69.99711177268561	75.83642268957136			8.873998177983648	19.032303190160313		
TYR	60	30	13	19	0.6842105263157895	-57.33415922224342	-71.54523288639504			10.613374155911234	5.736073139854086		
TYR	60	60	7	9	0.7777777777777778	-61.24769000077221	-57.51711625544674			10.190989174387616	6.306468510926594		
CYS	-180	-180	13	13	1.0	64.83343168359612				5.450582785517903			
CYS	-180	150	6	8	0.75	75.91047753319101				7.614286494038939			
CYS	-150	-180	15	16	0.9375	62.40600166260924				3.642535468802559			
CYS	-150	90	8	8	1.0	-172.72710134754254				2.7879522960612513			
CYS	-150	120	17	18	0.9444444444444444	-177.0579877175998				7.607447403533304			
CYS	-150	150	30	45	0.6666666666666666	61.969610241821705				6.1698453590657385			
CYS	-150	150	12	45	0.26666666666666666	-176.511900841519				4.858453912234146			
CYS	-120	-180	7	9	0.7777777777777778	-56.06387620147355				6.529681201658442			
CYS	-120	0	7	15	0.4666666666666667	73.02963924432791				4.973337365558789			
CYS	-120	0	7	15	0.4666666666666667	-62.61249070717245				4.745142710034509			
CYS	-120	30	5	14	0.35714285714285715	61.69396917942414				12.003261114046811			
CYS	-120	30	9	14	0.6428571428571429	-63.78700422801396				6.992595674923499			
CYS	-120	90	5	6	0.8333333333333334	-173.05158210017404				5.049562242459604			
CYS	-120	120	30	51	0.5882352941176471	-177.14504789277618				6.538440882820142			
CYS	-120	120	20	51	0.39215686274509803	-61.289779184064116				5.995199746912949			
CYS	-120	150	8	58	0.13793103448275862	63.74660305349936				13.557327194151867			
CYS	-120	150	12	58	0.20689655172413793	-178.63909124158954				6.53361080948195			
CYS	-120	150	38	58	0.6551724137931034	-58.98434126963202				7.996663006248802			
CYS	-90	-180	8	8	1.0	64.84016597239902				10.34459781885781			
CYS	-90	-60	8	9	0.8888888888888888	-39.41011153822741				26.630004509693944			
CYS	-90	-30	6	35	0.17142857142857143	-171.34934481241518				3.73587766894741			
CYS	-90	-30	25	35	0.7142857142857143	-67.17288648714262				9.288374830548422			
CYS	-90	0	12	30	0.4	64.32132532986898				7.353840315805638			
CYS	-90	0	18	30	0.6	-64.38291090417539				3.85930323360032			
CYS	-90	120	34	50	0.68	-177.6426559952176				5.612766013076669			
CYS	-90	120	16	50	0.32	-60.43889756908456				5.029723148932016			
CYS	-90	150	5	33	0.15151515151515152	62.01516370548599				2.5963587970851276			
CYS	-90	150	24	33	0.7272727272727273	-65.77086746364328				10.705991507444276			
CYS	-60	-60	27	87	0.3103448275862069	-176.53436539309368				7.6674815057218675			
CYS	-60	-60	60	87	0.6896551724137931	-72.11410917033399				6.6391936499722295			
CYS	-60	-30	16	196	0.08163265306122448	64.20207592401076				5.043096475760627			
CYS	-60	-30	26	196	0.1326530612244898	-175.83051932234844				9.849097054587908			
CYS	-60	-30	154	196	0.7857142857142857	-71.48439784411516				5.826235758397455			
CYS	-60	0	5	17	0.29411764705882354	71.49447425642629				3.0681702981774825			
CYS	-60	0	12	17	0.7058823529411765	-60.552244077871				9.693883351913842			
CYS	-60	120	23	30	0.7666666666666667	-175.16535485533643				6.328633833393746			
CYS	-60	120	7	30	0.23333333333333334	-59.450335537507804				8.869391178591385			
CYS	-60	150	13	39	0.3333333333333333	72.25122799418324				7.729488532791015			
CYS	-60	150	13	39	0.3333333333333333	-177.01479754702993				5.1464219651519985			
CYS	-60	150	13	39	0.3333333333333333	-62.794686816791774				14.518110570551237			
CYS	0	0	202	202	1.0	0.0				0.0			
CYS	60	30	5	5	1.0	-58.92364342097319				17.550195477529545			
CYS	60	60	5	5	1.0	-59.67535538956254				6.964298142220936			
SER	-180	-180	11	13	0.8461538461538461	70.71002178116944				12.70742303788201			
SER	-180	150	9	15	0.6	60.58496899415858				11.691636496519264			
SER	-180	150	6	15	0.4	-176.48389031034807				7.109325164642336			
SER	-150	-180	79	91	0.8681318681318682	65.73563534325005				6.950751886478095			
SER	-150	-180	7	91	0.07692307692307693	179.17754444103252				6.048435728279053			
SER	-150	-180	5	91	0.054945054945054944	-56.4373861007312				10.35215348094352			
SER	-150	-150	6	7	0.8571428571428571	-179.11736890372075				6.153406284858616			
SER	-150	90	8	11	0.7272727272727273	-174.204113242283				8.200347323388046			
SER	-150	120	5	51	0.09803921568627451	61.918419374257354				7.296821891147065			
SER	-150	120	40	51	0.7843137254901961	-178.4696524963148				6.532495258015314			
SER	-150	120	6	51	0.11764705882352941	-49.543598550982416				27.26316810063617			
SER	-150	150	114	206	0.5533980582524272	65.9212866744815				7.192341453417522			
SER	-150	150	70	206	0.33980582524271846	176.39756119275995				8.793180340438898			
SER	-150	150	22	206	0.10679611650485436	-60.71476064558644				12.709683300100638			
SER	-120	-180	25	55	0.45454545454545453	65.09233401519795				6.827103038347009			
SER	-120	-180	8	55	0.14545454545454545	-175.7718703012375				8.100687106302363			
SER	-120	-180	22	55	0.4	-59.858779833639375				14.778728312416872			
SER	-120	-60	5	9	0.5555555555555556	-179.7517941445952				12.895444071063185			
SER	-120	-30	6	16	0.375	52.5148407676933				11.18355494510697			
SER	-120	-30	8	16	0.5	-60.0842548361205				3.6456268679239203			
SER	-120	0	30	46	0.6521739130434783	61.92536326720434				6.960410602947199			
SER	-120	0	13	46	0.2826086956521739	-59.86038530134908				10.187484529007357			
SER	-120	30	10	23	0.43478260869565216	61.565229999785004				3.7888880548451374			
SER	-120	30	12	23	0.5217391304347826	-59.92126245737928				9.209065202675072			
SER	-120	90	10	21	0.47619047619047616	174.57717394725287				5.278450349513659			
SER	-120	90	8	21	0.38095238095238093	-51.2325446594647				6.286585412234629			
SER	-120	120	12	81	0.14814814814814814	60.389005668136264				6.691491085334644			
SER	-120	120	40	81	0.49382716049382713	176.68564171181526				7.4600339474891655			
SER	-120	120	29	81	0.35802469135802467	-61.83223775247983				8.85975210797911			
SER	-120	150	47	141	0.3333333333333333	60.90828152702986				7.885026854458016			
SER	-120	150	41	141	0.2907801418439716	173.57929100056984				7.629372565304094			
SER	-120	150	53	141	0.375886524822695	-60.77290782029616				7.437757149157152			
SER	-90	-180	44	59	0.7457627118644068	65.79870599185028				7.973713433633853			
SER	-90	-180	5	59	0.0847457627118644	-177.1088588463038				10.831164947049713			
SER	-90	-180	10	59	0.1694915254237288	-60.034517714944336				8.698700639629545			
SER	-90	-60	5	19	0.2631578947368421	55.42589732839864				2.077044748070853			
SER	-90	-60	7	19	0.3684210526315789	174.50437475570666				10.115571773907783			
SER	-90	-60	7	19	0.3684210526315789	-69.6885682926515				7.290228218067256			
SER	-90	-30	65	123	0.5284552845528455	64.30729850250384				7.496113600351218			
SER	-90	-30	12	123	0.0975609756097561	174.13466830588908				11.540854092355842			
SER	-90	-30	46	123	0.37398373983739835	-61.527593903807194				7.328583994250175			
SER	-90	0	139	206	0.6747572815533981	65.01620736811365				8.887885790088836			
SER	-90	0	65	206	0.3155339805825243	-61.902711051908994				9.13169513269426			
SER	-90	30	11	21	0.5238095238095238	65.17163203515328				7.19012384340182			
SER	-90	30	9	21	0.42857142857142855	-63.6346692984632				17.41138552897722			
SER	-90	90	11	17	0.6470588235294118	179.72263661762042				11.015017843480383			
SER	-90	90	6	17	0.35294117647058826	-54.37543463813495				5.08306353444541			
SER	-90	120	10	93	0.10752688172043011	46.26532610573832				7.813142402670346			
SER	-90	120	52	93	0.5591397849462365	176.10147252252986				8.765895315059836			
SER	-90	120	31	93	0.3333333333333333	-61.729422037616125				7.089604013838876			
SER	-90	150	87	176	0.4943181818181818	66.61319224592033				6.697920377834038			
SER	-90	150	50	176	0.2840909090909091	172.56626697073682				7.658022900325732			
SER	-90	150	39	176	0.2215909090909091	-62.857711659984346				6.773120109913871			
SER	-60	-180	23	37	0.6216216216216216	63.60246193735292				7.996403834294381			
SER	-60	-180	5	37	0.13513513513513514	168.30504102053536				10.356977509802102			
SER	-60	-180	9	37	0.24324324324324326	-41.984782886692024				20.88724868589037			
SER	-60	-60	35	278	0.12589928057553956	62.55404347158103				11.440536862483356			
SER	-60	-60	111	278	0.39928057553956836	179.54407752621879				8.910465897184592			
SER	-60	-60	132	278	0.4748201438848921	-60.85837481386546				12.283416081580775			
SER	-60	-30	417	932	0.44742489270386265	65.32726763611143				9.17124474500064			
SER	-60	-30	163	932	0.17489270386266095	177.31785990007265				9.538096730189134			
SER	-60	-30	352	932	0.3776824034334764	-65.52374605312619				7.400324307817826			
SER	-60	0	70	93	0.7526881720430108	65.7743297384482				7.6052035384579355			
SER	-60	0	7	93	0.07526881720430108	163.19502354082115				12.391211307792641			
SER	-60	0	16	93	0.17204301075268819	-65.07164107139808				12.475771545302168			
SER	-60	120	10	64	0.15625	71.98982250186477				8.258989249023069			
SER	-60	120	47	64	0.734375	175.42751792640277				6.524042303709858			
SER	-60	120	7	64	0.109375	-61.43478884516925				4.072995405913841			
SER	-60	150	123	275	0.44727272727272727	67.60141732558904				7.323040398602198			
SER	-60	150	95	275	0.34545454545454546	175.47374628233555				7.368343302380411			
SER	-60	150	57	275	0.20727272727272728	-64.89778971772093				6.801388960551475			
SER	-30	-60	8	15	0.5333333333333333	-71.72802257618206				12.941499371098567			
SER	-30	-30	8	14	0.5714285714285714	177.34695551502014				22.97834888442539			
SER	0	0	766	767	0.9986962190352021	0.0				0.0			
SER	60	-150	7	8	0.875	175.53646409641237				7.829503187230829			
SER	60	0	5	8	0.625	-56.527190675800334				2.7756805857007643			
SER	60	30	5	34	0.14705882352941177	-157.81574638658037				10.120097963095736			
SER	60	30	27	34	0.7941176470588235	-59.415284991385434				6.002672905773457			
SER	60	60	11	15	0.7333333333333333	-50.628866475723136				18.264465012241587			
THR	-180	150	9	11	0.8181818181818182	175.66933087562433				8.184827229931992			
THR	-150	-180	26	65	0.4	65.56869491337142				8.517341527435644			
THR	-150	-180	38	65	0.5846153846153846	-170.28039856997805				4.465683115470403			
THR	-150	0	6	9	0.6666666666666666	61.347124371193125				8.481193137186851			
THR	-150	120	5	31	0.16129032258064516	170.63633501340738				6.377705677555678			
THR	-150	120	24	31	0.7741935483870968	-59.62698970753933				7.316200599737699			
THR	-150	150	57	154	0.37012987012987014	59.79195046982128				7.135882897108078			
THR	-150	150	67	154	0.43506493506493504	-177.82656998540622				6.692998163457915			
THR	-150	150	30	154	0.19480519480519481	-55.446543544353794				11.448260146800804			
THR	-120	-180	77	85	0.9058823529411765	64.75248122166151				7.352306511766641			
THR	-120	-180	6	85	0.07058823529411765	-164.95760300452				8.420900192629064			
THR	-120	-90	6	7	0.8571428571428571	57.92537894057193				7.134610942913507			
THR	-120	-60	7	13	0.5384615384615384	62.55558439034194				13.48080620673607			
THR	-120	-60	5	13	0.38461538461538464	-58.402017652153965				3.4081960778420393			
THR	-120	-30	46	56	0.8214285714285714	60.71219507734537				5.179885835515783			
THR	-120	-30	5	56	0.08928571428571429	-166.7547775078599				18.28580523400535			
THR	-120	-30	5	56	0.08928571428571429	-88.79352527444965				17.41295077502025			
THR	-120	0	86	93	0.9247311827956989	60.53982985112292				4.672295487455838			
THR	-120	30	37	41	0.9024390243902439	56.08150245782942				6.159491382610575			
THR	-120	60	7	8	0.875	58.06297928633127				2.7462508698486805			
THR	-120	90	8	20	0.4	56.33762138532393				3.5450725502887317			
THR	-120	90	12	20	0.6	-56.00170833735066				9.943717952692468			
THR	-120	120	21	161	0.13043478260869565	63.760522109072284				10.780250414997665			
THR	-120	120	8	161	0.049689440993788817	177.99102272120976				5.255712718215849			
THR	-120	120	132	161	0.8198757763975155	-58.83894418930092				5.437745077388539			
THR	-120	150	157	244	0.6434426229508197	61.804752020249495				6.3227610314746165			
THR	-120	150	30	244	0.12295081967213115	-179.15191418957207				8.875812541502146			
THR	-120	150	57	244	0.2336065573770492	-58.07395616085304				9.949822128841948			
THR	-90	-180	80	91	0.8791208791208791	63.59778817427994				5.4395653090894305			
THR	-90	-180	6	91	0.06593406593406594	178.36907106048702				9.642766374924474			
THR	-90	-180	5	91	0.054945054945054944	-42.45426268665487				24.942406654051045			
THR	-90	-60	6	19	0.3157894736842105	51.07129612341763				11.082975897828861			
THR	-90	-60	13	19	0.6842105263157895	-57.85359128922883				8.886478629443022			
THR	-90	-30	87	141	0.6170212765957447	61.133736430654665				6.923829757490653			
THR	-90	-30	12	141	0.0851063829787234	-174.6672140612292				15.34407903587651			
THR	-90	-30	42	141	0.2978723404255319	-57.937935045874056				8.448953258151905			
THR	-90	0	147	161	0.9130434782608695	60.27063094616151				5.879560107851103			
THR	-90	0	10	161	0.062111801242236024	-40.51483855980846				25.470043285453276			
THR	-90	30	15	17	0.8823529411764706	57.471251065748554				6.905962948129511			
THR	-90	60	9	13	0.6923076923076923	66.13870536384415				11.496768016929925			
THR	-90	90	10	14	0.7142857142857143	-53.97166413251285				4.407979420476358			
THR	-90	120	13	137	0.0948905109489051	57.03498328520112				7.8011738040500305			
THR	-90	120	124	137	0.9051094890510949	-60.14287524934281				6.386999994778826			
THR	-90	150	105	148	0.7094594594594594	61.93154998939954				6.973811306973273			
THR	-90	150	13	148	0.08783783783783784	-174.65827284489984				9.415850552998052			
THR	-90	150	30	148	0.20270270270270271	-55.941145129694725				10.399865188547526			
THR	-60	-180	22	25	0.88	65.30947967692411				5.896873152408818			
THR	-60	-60	38	300	0.12666666666666668	54.794562234643294				13.656584967676027			
THR	-60	-60	261	300	0.87	-60.48916132232232				6.3493862610485365			
THR	-60	-30	192	625	0.3072	60.52424679160358				7.773931247069076			
THR	-60	-30	21	625	0.0336	-175.86501371974705				8.889047843787747			
THR	-60	-30	412	625	0.6592	-59.51332650651409				7.351195843975411			
THR	-60	0	32	36	0.8888888888888888	63.90447327713215				6.570244308498838			
THR	-60	120	5	72	0.06944444444444445	60.70434109647577				15.82999674852118			
THR	-60	120	65	72	0.9027777777777778	-56.700021478139554				6.292384405477497			
THR	-60	150	68	120	0.5666666666666667	64.95970809090507				6.638477592102195			
THR	-60	150	12	120	0.1	177.5984825706923				9.621183176440812			
THR	-60	150	40	120	0.3333333333333333	-58.27735004587848				10.748304246598657			
THR	-30	-60	13	16	0.8125	-56.78022818029663				3.93907022131646			
THR	0	0	693	693	1.0	0.0				0.0			
VAL	-150	-180	21	22	0.9545454545454546	-63.69533697773064				4.935185052897011			
VAL	-150	90	7	7	1.0	178.6523209549654				3.592558344612145			
VAL	-150	120	10	59	0.1694915254237288	56.22335185111118				4.141143729171742			
VAL	-150	120	42	59	0.711864406779661	177.9651339817248				5.786609595662977			
VAL	-150	120	7	59	0.11864406779661017	-45.090214303788				29.76746896900233			
VAL	-150	150	37	167	0.2215568862275449	62.272119258687695				6.380372982755296			
VAL	-150	150	46	167	0.2754491017964072	177.3811015725353				8.764257892004704			
VAL	-150	150	84	167	0.5029940119760479	-62.61437236824941				6.03101553013796			
VAL	-120	-180	37	45	0.8222222222222222	-61.674353277293676				6.112418614280097			
VAL	-120	-60	13	15	0.8666666666666667	173.9596440504981				6.007942396274431			
VAL	-120	-30	6	43	0.13953488372093023	65.60639939807199				11.392104409697902			
VAL	-120	-30	18	43	0.4186046511627907	171.1868372434876				16.39059294304606			
VAL	-120	-30	19	43	0.4418604651162791	-62.15926296863466				9.727515048394721			
VAL	-120	0	7	55	0.12727272727272726	80.60686161390471				6.109594360189549			
VAL	-120	0	44	55	0.8	-61.403244392915866				6.150190081908981			
VAL	-120	30	19	26	0.7307692307692307	-61.580534962647235				5.585446730868501			
VAL	-120	90	46	49	0.9387755102040817	-179.40180028437993				4.315603740726346			
VAL	-120	120	30	632	0.04746835443037975	48.56959143206488				11.034557678347017			
VAL	-120	120	582	632	0.9208860759493671	178.11457326628354				5.157342478979211			
VAL	-120	120	20	632	0.03164556962025317	-60.29259352032861				16.800333441153008			
VAL	-120	150	44	391	0.11253196930946291	61.15776595447031				6.285161280518847			
VAL	-120	150	167	391	0.42710997442455245	178.41799882424382				7.175011779440742			
VAL	-120	150	180	391	0.46035805626598464	-60.05449517089246				6.1088390245558655			
VAL	-90	-180	6	7	0.8571428571428571	-67.35304291332699				8.36453097963355			
VAL	-90	-60	57	62	0.9193548387096774	175.79221258834468				4.651895571736284			
VAL	-90	-30	20	150	0.13333333333333333	71.00153668367668				10.2058735914524			
VAL	-90	-30	88	150	0.5866666666666667	175.49053613055435				6.026909602334744			
VAL	-90	-30	42	150	0.28	-55.87277015060207				11.688564958395073			
VAL	-90	0	10	60	0.16666666666666666	76.22229270474467				8.451573413788886			
VAL	-90	0	5	60	0.08333333333333333	173.7795166664351				17.94981600307986			
VAL	-90	0	45	60	0.75	-58.51825089349747				7.681167778400215			
VAL	-90	30	6	6	1.0	-59.97701108312266				2.4861216910943553			
VAL	-90	90	5	39	0.1282051282051282	36.893190394978774				8.05920136567065			
VAL	-90	90	33	39	0.8461538461538461	179.05253029239276				4.723967164736217			
VAL	-90	120	15	410	0.036585365853658534	48.288427322963415				12.580832253661066			
VAL	-90	120	387	410	0.9439024390243902	177.57560350033592				4.424370943377894			
VAL	-90	120	8	410	0.01951219512195122	-23.958589431412456				29.9855522628799			
VAL	-90	150	9	128	0.0703125	61.5260571936361				11.46639948930174			
VAL	-90	150	90	128	0.703125	177.9979948672328				6.486113952500889			
VAL	-90	150	29	128	0.2265625	-58.26730087245747				8.196361275628263			
VAL	-60	-60	8	512	0.015625	52.06968640592931				13.48500904608382			
VAL	-60	-60	499	512	0.974609375	172.3494851275463				4.904964476264223			
VAL	-60	-60	5	512	0.009765625	-54.646642506797534				34.411414008403106			
VAL	-60	-30	115	945	0.12169312169312169	63.62774671087708				9.737908691961154			
VAL	-60	-30	718	945	0.7597883597883598	173.1545332980393				6.057747045311485			
VAL	-60	-30	112	945	0.11851851851851852	-58.24463773979649				10.792465212925196			
VAL	-60	0	7	23	0.30434782608695654	81.94423717672278				1.0448083541586555			
VAL	-60	0	13	23	0.5652173913043478	-60.042357004730974				2.236206556297104			
VAL	-60	120	9	121	0.0743801652892562	59.248572293967534				12.877261252520746			
VAL	-60	120	107	121	0.8842975206611571	175.74428283323869				4.72363775348852			
VAL	-60	120	5	121	0.04132231404958678	-71.77281040143608				4.7661126337232105			
VAL	-60	150	16	91	0.17582417582417584	64.20053064623804				7.448960828905646			
VAL	-60	150	48	91	0.5274725274725275	174.57045512640897				6.363100899662003			
VAL	-60	150	27	91	0.2967032967032967	-63.25865915903123				7.160189670538888			
VAL	-30	-60	8	9	0.8888888888888888	172.24933090655645				5.992802967225048			
VAL	-30	-30	7	8	0.875	-179.81909356373788				4.711700901946994			
VAL	0	0	1103	1103	1.0	0.0				0.0			
