AA,PHI,PSI,_COUNT,COUNT,PROB,B_CHI1,B_CHI2,B_CHI3,B_CHI4,B_CHI1Sig,B_CHI2Sig,B_CHI3Sig,B_CHI4Sig
ARG,-150,-180,8,47,0.1702127659574468,60.48530143654824,-174.51078082957767,173.20425129536906,90.87128023662332,4.668941011712231,11.150347649980091,10.419247350324873,8.0438454272729
ARG,-150,120,6,60,0.1,178.62307502792976,166.1891213584422,173.79998705821987,82.90740274846418,8.47034977837595,8.188061721052886,14.316273577956808,11.420672704421696
ARG,-150,120,7,60,0.11666666666666667,-177.6456902659337,-173.79881373685728,175.93286705835487,-175.54961537670184,7.303816995589304,7.279648109161766,5.892535122571965,8.99851150905422
ARG,-150,120,5,60,0.08333333333333333,-171.75195169405498,171.00171219270067,-72.27947421052984,162.22714856070863,10.285728120813184,15.847995702881272,16.33636045578523,20.158861979021662
ARG,-150,120,5,60,0.08333333333333333,-61.567714168766216,-170.63151202275952,178.63724847352702,176.7676870698788,4.754426309274762,3.804348730158104,10.97357641891885,3.5162833033703187
ARG,-150,150,5,209,0.023923444976076555,58.85455143767493,-174.52074321779583,57.64046935853763,90.67891087694991,7.816983042108524,10.717357374217345,9.120318051474161,5.8710423596464825
ARG,-150,150,5,209,0.023923444976076555,61.082574329100964,-166.1555340788874,67.30484619086776,-110.24830046766355,7.541587179289321,10.004096783214008,9.194730275536198,6.544003095153213
ARG,-150,150,19,209,0.09090909090909091,66.89911597897465,-177.30053230176028,178.65279266663075,81.5583637103833,4.351519426019706,10.927233039464385,5.948971426858244,4.690260907317671
ARG,-150,150,21,209,0.10047846889952153,64.71825401833158,179.3410770534621,176.70460230210605,-175.48833699360745,8.599466515284679,11.568994698194608,10.343415969916684,11.768583438266246
ARG,-150,150,8,209,0.03827751196172249,65.45373049254438,-161.8889720725044,-175.75190797029236,-78.53162379350887,4.858974143427385,4.044396425845718,4.000954913091243,9.25486471910616
ARG,-150,150,6,209,0.028708133971291867,-166.81411297957146,175.24536670045742,68.06886982383308,-173.08418997664037,11.623436436715513,6.508823027386808,8.869080905812302,12.169713204790808
ARG,-150,150,10,209,0.04784688995215311,-173.59286488802698,172.53480792037095,-179.94726933462968,-173.76389977312797,9.094079444128866,11.762533082596535,9.26684345126093,10.361068167234754
ARG,-150,150,6,209,0.028708133971291867,-177.34878439319024,178.72971912319917,-69.2929571242554,158.36565699909733,7.065187918869517,9.183786476397401,10.158159597615072,15.0338178805257
ARG,-150,150,5,209,0.023923444976076555,-79.54340680256125,-170.25649381402818,58.59367592415464,85.67115886442011,8.974599182555416,20.27327223860707,14.080031921332353,13.702037478198195
ARG,-150,150,10,209,0.04784688995215311,-53.5630476385634,176.32359642133287,68.95277757928419,175.0396332775019,15.53055804205922,20.521125072546393,9.69153464912434,16.183688059634513
ARG,-150,150,10,209,0.04784688995215311,-71.54342265884009,-174.55378655711849,175.0154093603791,78.26519841004351,11.443869752786176,9.77589929559025,8.726557961470364,10.340190364473182
ARG,-150,150,7,209,0.03349282296650718,-62.84930922814578,-173.9824453589381,-177.38947066592786,177.50394748181094,6.214102674896194,11.74308948386137,10.655206642870382,17.195901999317744
ARG,-150,150,8,209,0.03827751196172249,-76.56708240418996,172.58430131415867,176.4985154259286,-79.31449202122216,6.523213398105841,7.284449115742825,6.5701785207541175,4.500495366799069
ARG,-150,150,7,209,0.03349282296650718,-73.46119069509125,-179.3377244803145,-70.9755519555615,-165.0018337009186,12.288462347669483,9.298829003004142,10.485422060525794,15.26757601003664
ARG,-150,150,6,209,0.028708133971291867,-61.98974131532697,-177.24852033975677,-58.582993508934315,-87.30604929470152,2.696490471895244,12.310775044931734,13.50810587370377,15.953764772776049
ARG,-150,150,16,209,0.07655502392344497,-67.36154065436357,-71.17155241572517,-174.8991955094253,-82.25270239187468,4.977130348889975,4.598255971390178,2.218006282706101,5.57611229764012
ARG,-150,150,9,209,0.0430622009569378,-22.95009589056437,-10.166750961680721,-9.40145059546827,-10.178356144224017,30.79468167401806,27.6484961334124,22.628757837773076,28.00916084522011
ARG,-120,-180,5,32,0.15625,-50.66569203145391,-177.92815080357798,-78.70712400218989,159.98795837189633,8.042074570526989,13.452556829050748,3.4284937341278754,9.06552335916257
ARG,-120,-30,5,32,0.15625,-50.13639268641637,-43.71504067356811,-39.59957572509786,-20.042238456165837,30.77014261583009,29.38613933813728,27.549853803354708,39.13010455004187
ARG,-120,0,7,69,0.10144927536231885,-63.49644606651551,175.70731194390174,57.95574234892437,87.33214684221916,3.68911756084118,5.526109760629483,6.280992955651467,6.131879776487138
ARG,-120,0,5,69,0.07246376811594203,-68.08987732340125,177.46357211979577,72.0328630061744,-170.84532141129853,6.678832693928936,18.39246862253134,13.703680414506955,8.201025540357671
ARG,-120,0,5,69,0.07246376811594203,-63.10818192829892,179.50555513879456,179.72878518605762,79.82640500959387,5.228875711738383,6.52862703521876,11.350092034203055,9.65519379223899
ARG,-120,0,10,69,0.14492753623188406,-62.683451471078776,176.736086471391,170.96284431218336,168.7186592524568,4.948919277376992,9.683213619158678,6.589178664661846,8.645717924701401
ARG,-120,0,5,69,0.07246376811594203,-56.40540692102644,178.76794310188524,171.95675465682706,-86.24930374233779,4.301581888390684,12.73147470982721,31.597363051522436,10.910489551753706
ARG,-120,0,6,69,0.08695652173913043,-63.222751106437045,-174.400633975243,-64.68678287207814,147.2939441416191,5.662034046527704,10.724238427662028,6.1042618794518315,25.610310604758173
ARG,-120,0,5,69,0.07246376811594203,-61.03445135260466,-168.55354705931785,-61.60351608213899,-90.33056715990594,5.832962303552307,19.12176232083157,16.522164541851737,17.627185117720245
ARG,-120,30,8,41,0.1951219512195122,-50.34628523987873,-167.13147928666933,-177.49017811308198,-175.18157286834983,7.288191664025073,9.330884357396817,6.393670185005234,11.898961890493162
ARG,-120,30,6,41,0.14634146341463414,-70.99886084373337,176.32682619747138,171.46723648519216,-90.32398151538438,11.542548155765175,10.4712399998259,13.31445964103986,13.437716708825766
ARG,-120,60,6,19,0.3157894736842105,-65.83413878707853,-61.53608736762001,-57.25395923939011,-83.70606245978301,3.0468016415267605,7.231750385006175,8.26139503175427,6.980111040888499
ARG,-120,90,5,32,0.15625,178.69696252642223,175.04391568391807,-91.11467271372649,173.8259104017763,4.189488478130722,4.428813431592758,8.307878585464783,4.289635170752302
ARG,-120,120,11,186,0.05913978494623656,-176.461595283257,170.8922008925327,65.26822557879743,86.59962712621386,7.841853311300868,11.258014060119327,12.024655384857855,10.070562554313593
ARG,-120,120,10,186,0.053763440860215055,179.4706957030262,171.1031795135159,67.82651166497368,-145.60231023477056,3.505782481578377,9.204644002133993,9.735344100479038,21.17962006470681
ARG,-120,120,6,186,0.03225806451612903,-171.43654090436416,177.12765451738667,81.44028736265336,-104.63153942094796,2.821027654229013,7.438636473186381,12.18943573502038,4.7949613855192155
ARG,-120,120,5,186,0.026881720430107527,175.5320589580535,-171.85042742975614,-173.0554441229831,93.04365543193576,7.492955427264729,6.438315705120603,12.109752591368979,9.82619723570958
ARG,-120,120,13,186,0.06989247311827956,179.61794799282384,-173.08502461621927,-174.46729686964142,168.14092954240644,7.9970462646105425,12.453866301663727,7.673160335155692,18.76571703417477
ARG,-120,120,5,186,0.026881720430107527,179.41126634432408,172.2624474764539,175.19644644793027,-94.0644634156395,5.105632758944316,10.092143522946012,7.659788237993151,12.26140632217656
ARG,-120,120,11,186,0.05913978494623656,178.71398607479472,-177.14768317164095,-77.95606131462759,106.47861637833365,6.285171363382218,8.411133785171062,15.199547085028387,6.255738323126722
ARG,-120,120,16,186,0.08602150537634409,-179.0026693814238,170.9297127831373,-67.23365747448334,177.3013488109195,8.824372791686297,9.953108675933004,14.875271904472799,19.336843588712814
ARG,-120,120,14,186,0.07526881720430108,-174.8889805073053,-179.04387491233905,-65.90304163547503,-83.56064759753974,5.372342832333217,8.42201698613696,8.219112450885904,7.977027736510731
ARG,-120,120,11,186,0.05913978494623656,-64.16051374275095,-177.59702004743474,66.26560476826181,-170.57558414749113,7.747417378361127,11.840161421336589,7.018595557832695,12.509113024823455
ARG,-120,120,5,186,0.026881720430107527,-64.86036648323409,-179.0735952407675,174.29010522880046,83.08643804257777,6.68630503627356,13.901690296904787,16.46372154412105,7.742624970613427
ARG,-120,120,16,186,0.08602150537634409,-67.3825823205798,179.26203271376227,-179.10610198507788,169.8669453534922,8.859552254669246,11.36464394949001,15.92158173986604,21.27064548475827
ARG,-120,120,10,186,0.053763440860215055,-69.92838460737865,177.6211001552275,-175.58716405617875,-88.96365547335319,7.542848649202127,10.646745802757918,8.416996023955349,8.939843473042444
ARG,-120,120,6,186,0.03225806451612903,-62.56111773407533,-163.81378226375523,-57.599334254951515,169.12964725346453,10.93980611998877,5.981345497381931,11.12920409006255,13.469709430952664
ARG,-120,120,6,186,0.03225806451612903,-63.52172633320272,-66.61800537570255,176.69420267575552,173.79826844239483,8.286718308043818,3.965752134235694,5.818002852784252,14.889828407516104
ARG,-120,120,11,186,0.05913978494623656,-40.65481542397631,-54.7383344208908,-46.95480788785744,-73.524183207726,25.526927697459143,29.68526434227133,30.110130894438257,37.87230537376474
ARG,-120,150,5,199,0.02512562814070352,176.6485923815859,179.74435491120985,61.14209991795185,92.37202015672905,10.361293890602669,7.493162892600157,11.790642942671646,5.534797268430882
ARG,-120,150,7,199,0.035175879396984924,-166.4031132162238,172.9546610351047,58.329607383930295,-174.39524079607833,7.634858098372893,13.284817086377533,7.479554970923835,17.34100694296486
ARG,-120,150,5,199,0.02512562814070352,-172.72885430528086,-167.46675141141122,-166.14236473463853,-173.40889359098372,7.598312311525948,9.892843864996191,10.031808722136724,10.096848702151572
ARG,-120,150,5,199,0.02512562814070352,-179.6768314401076,-170.4839281436251,-59.78033161621467,-87.96787731175678,6.1059160763413995,10.74252994840864,8.135026240708324,10.46041090288434
ARG,-120,150,6,199,0.03015075376884422,-67.80334944209257,178.02259315404135,60.09004162535709,76.29863539832006,5.577137713863828,5.912039789621646,2.631460407241823,8.573539533843615
ARG,-120,150,9,199,0.04522613065326633,-61.19434666993705,177.76157780172642,64.75327425813258,-176.55483673184855,16.239588628597247,8.764252665131965,10.997125413660424,12.792435753233956
ARG,-120,150,12,199,0.06030150753768844,-69.47593482953721,-177.4180774895914,169.63882037350535,83.24141124269109,10.591890891046296,18.092000547960442,14.390115559540783,10.747468117215961
ARG,-120,150,18,199,0.09045226130653267,-63.708141369697636,178.87627101121285,179.7123256988766,-166.2939313113573,6.85117784245675,9.716464487380172,12.381844247095076,22.42063149924068
ARG,-120,150,25,199,0.12562814070351758,-66.30117400770085,175.0425951929621,-177.87991836309678,-86.13486702219095,6.054325521616593,10.725472366029758,10.197393947075431,11.281055978052526
ARG,-120,150,12,199,0.06030150753768844,-68.10104970832509,-167.39284253839534,-68.15681475577763,176.60736653517836,14.17814615509605,28.14830018001575,13.470945606831501,23.315457395334665
ARG,-120,150,8,199,0.04020100502512563,-64.16580725932188,176.77619104110434,-57.874494537890556,-83.09732591758873,4.58828551845411,4.196507864148467,16.055010253823102,19.442213689889044
ARG,-120,150,5,199,0.02512562814070352,-58.398191343591684,-74.36734525219335,-177.60865593929418,80.82136090826113,10.840764233398197,8.34587910424921,15.108194778087968,10.254941846960511
ARG,-120,150,13,199,0.06532663316582915,-61.86831998830812,-69.02737287149186,178.71441181755952,-88.54763043077958,6.161182467933457,5.278282578616394,3.720647120479708,7.8594448871725575
ARG,-120,150,5,199,0.02512562814070352,-58.54173194622616,-75.61143117150642,-68.84614434693357,166.7301597020927,2.7933135505130706,8.774586729148059,12.645881196411457,9.52965463168259
ARG,-120,150,13,199,0.06532663316582915,-6.852563128510342,-7.661842276210377,-3.0324158383107167,-3.4087828194233514,17.68575941406245,23.84522873335688,16.377677191817927,15.789461970587848
ARG,-90,-180,6,33,0.18181818181818182,-0.7048106765244703,0.0,0.0,0.0,6.461765166849023,0.0,0.0,0.0
ARG,-90,-60,6,45,0.13333333333333333,-62.57003726090414,168.21562414950628,-177.8348702554838,167.34941191980474,4.593458418630807,2.2865246932805916,1.003357452460629,15.563150590070737
ARG,-90,-30,5,219,0.0228310502283105,62.285560394915,-167.8913102003195,58.702322720709056,-165.298568331643,10.488491887876908,9.207295901809397,10.473210880998002,10.065422060698895
ARG,-90,-30,10,219,0.045662100456621,178.36392215550848,65.60124399523687,-173.24975824247596,83.80647579312793,10.23621102769424,4.853823284998456,9.87113156311473,7.676656266664408
ARG,-90,-30,8,219,0.0365296803652968,-173.0510856309524,166.1416253998114,159.35582715816867,80.97409659099074,10.161359135741632,14.538276530246025,13.222644082470966,9.776975090164477
ARG,-90,-30,7,219,0.0319634703196347,-175.03016113677972,176.55131926887088,179.6078022958098,-83.6596564696533,9.707247718016882,10.961190751399519,9.884588301747897,8.94081000174923
ARG,-90,-30,8,219,0.0365296803652968,-168.4284686901131,174.9312751200592,-56.679728175536226,174.29653929274488,13.190235218278925,9.5843630078092,13.347905485559192,14.633764739001585
ARG,-90,-30,5,219,0.0228310502283105,-171.29290365588335,169.62550522620532,-61.17365628123842,-95.91559837299083,3.9418668156342656,3.3401574030546257,5.582916821981221,9.209118506100383
ARG,-90,-30,9,219,0.0410958904109589,-66.9186334148696,175.17159168088284,70.97988597782569,81.49904865035003,10.694174088364218,8.083357373795286,11.95426256208465,7.196323786934189
ARG,-90,-30,17,219,0.0776255707762557,-69.10240269299636,-177.7438200053633,66.01663792277505,-175.69792171278385,8.794393543892369,16.19939261433458,10.116734669678777,15.09710490325248
ARG,-90,-30,5,219,0.0228310502283105,-57.620860935972686,-167.74407631654486,57.31029653503522,-105.01277922822307,2.494073133850291,5.615153671078366,5.27116304127349,1.2466898518145066
ARG,-90,-30,10,219,0.045662100456621,-74.95638531274771,-176.65566462243132,-170.5479179725721,78.7553336183102,4.265724770983184,13.175207543079997,10.376263483298807,14.393349398679879
ARG,-90,-30,19,219,0.0867579908675799,-65.44782610150119,-179.2275212225577,-176.28115840419542,-177.51088736663928,7.00955762789632,7.9976237541702035,11.547173028022373,14.181536928334376
ARG,-90,-30,9,219,0.0410958904109589,-70.17185965971002,-178.12731340439657,-176.87223266529656,-89.66077223435698,6.703798638837218,15.64155044989175,18.110541116718473,7.032884061411265
ARG,-90,-30,13,219,0.0593607305936073,-70.5765745660569,-175.12762461239222,-60.17365231366864,169.17797303229645,11.981724542259846,20.081476711166427,16.041977024781225,11.475154356596494
ARG,-90,-30,11,219,0.0502283105022831,-70.48055960906645,-167.35948841472654,-64.40533491885441,-85.82683676785393,9.06406306035812,9.164443939940163,11.754795576555523,5.872746769708458
ARG,-90,-30,11,219,0.0502283105022831,-62.418378910245266,-66.49925966185374,-172.37602383276746,-177.97690135638874,8.309542443121412,11.149564643286949,14.994368345328798,17.321555128549818
ARG,-90,-30,7,219,0.0319634703196347,-57.03085225840577,-58.46873141118353,-66.74845258914681,172.91551382380655,7.009665582162582,11.872196681241912,8.260787631073992,6.143714083333901
ARG,-90,-30,13,219,0.0593607305936073,-15.667795284219364,-23.145892794720698,-15.319177120666708,-16.68364809185315,24.784897221078744,29.300411520435084,28.29887866733218,36.42711351028837
ARG,-90,0,11,181,0.06077348066298342,-62.9215622360418,178.6059667532153,65.44181095454877,83.84288543210394,10.327298923631487,9.903732535051306,11.40597782002733,13.320868903658688
ARG,-90,0,17,181,0.09392265193370165,-65.27653132105144,178.544343312087,60.91965203962567,-173.55492973419342,5.307382846799677,16.205029308702763,11.145792750445887,18.653089261733722
ARG,-90,0,16,181,0.08839779005524862,-68.49742480890092,169.2275939987722,172.0975474830697,88.6743179616057,5.820416445485372,16.644791025598177,10.947315048123087,11.604411567135488
ARG,-90,0,31,181,0.1712707182320442,-63.0304318670643,178.30583900522882,177.41940085728044,179.15628383639947,5.473493581157077,10.89680456536379,12.742858502788232,16.602951260611135
ARG,-90,0,12,181,0.06629834254143646,-67.70578947107009,174.1732542810536,173.88261570347095,-88.84344238239093,4.609271063886188,7.3768195134129995,10.066810319952573,11.43798333875089
ARG,-90,0,5,181,0.027624309392265192,-64.26220343303287,-171.93401777623257,-77.47046237232631,101.38593373453647,4.97442300011108,4.228218055345092,12.737813505818421,5.563099687279077
ARG,-90,0,9,181,0.049723756906077346,-59.04788734356616,-175.64345963331962,-71.50853455389905,167.26012636536117,7.749088617758955,27.6729905875715,19.83547190029648,12.96411431882971
ARG,-90,0,10,181,0.055248618784530384,-61.02390450275433,-167.22227383862034,-60.263803940169566,-95.59042568370195,9.613520022222165,15.176458976510748,10.87053730356909,12.09375126336841
ARG,-90,0,5,181,0.027624309392265192,-58.14551305151863,-63.36260543364774,173.4411940210272,98.1175941879407,5.610635196990173,8.115507543522293,8.846894711903605,8.108831501217965
ARG,-90,0,11,181,0.06077348066298342,-62.991371940620205,-69.32211972735726,-179.14311849204054,-179.74072298743891,10.738351275796553,7.790084036546236,9.062174098614221,6.049731030768967
ARG,-90,0,7,181,0.03867403314917127,-56.47730156799981,-64.97672267394528,-57.62411741359046,154.38956793878492,6.04165918192619,16.474274908009622,8.58240650798855,12.490616198762497
ARG,-90,0,11,181,0.06077348066298342,-22.612951044120113,-27.78492266108679,-23.57253744564101,-30.885407349206414,28.555799361722176,36.909836522409776,29.967949754017777,41.34404166828882
ARG,-90,60,5,22,0.22727272727272727,-65.48641762559006,176.09594983320838,64.49078357600087,-178.83010748849384,4.942360311600298,6.470606310522764,4.463200998341745,8.827923019854685
ARG,-90,90,6,29,0.20689655172413793,-65.26016261261134,-159.895125632637,-71.52191000737227,-73.04406494955504,10.831950276799848,12.586333321671253,17.59481066597112,23.856770464230465
ARG,-90,90,5,29,0.1724137931034483,-1.926076259066118,-18.467355909898693,-16.29611502700016,-20.309880720252274,8.405224544290165,35.72501976278597,28.24956686116052,42.52407216217931
ARG,-90,120,8,160,0.05,-178.72441667009124,165.84471783360857,59.16353263847188,81.33773182411495,4.792916603999892,6.965989932403966,5.094382197828692,12.061718842312656
ARG,-90,120,9,160,0.05625,-176.4918816543256,160.6729963654274,66.1088865934107,-177.25028466287023,11.36969342306648,16.68992545478023,7.889966897661889,28.351692256872216
ARG,-90,120,11,160,0.06875,-174.27756754702628,179.91031503677766,175.45988111363326,179.923429045669,10.001718858889587,7.461574559948038,12.865688648002573,9.815685188175857
ARG,-90,120,8,160,0.05,-172.9904487724766,-170.02524146719688,-175.86236798428453,-88.63594579685441,8.038572367708149,12.55582720413765,10.355534960312262,5.725836323887914
ARG,-90,120,13,160,0.08125,-174.89445138988515,171.88738395822412,-62.55488279346486,160.9468604213551,8.454649194735241,9.223743346048972,13.745819336010978,15.293536305388308
ARG,-90,120,6,160,0.0375,-66.9486370381461,175.7253720422388,63.008222553336715,84.81579111968311,13.450612804313877,6.184440182603892,10.13596924254326,10.632141112670656
ARG,-90,120,8,160,0.05,-63.703185559286794,168.93575422763712,62.407651449616985,-160.2491669780759,9.52352365536583,10.667748014148211,6.679168660384194,16.820539118166817
ARG,-90,120,12,160,0.075,-62.38115406451914,-179.6448836373862,174.97246061847522,173.71525680063692,7.574444199388752,15.316013296246796,11.427801226825652,20.02118602388147
ARG,-90,120,12,160,0.075,-61.13687062077437,174.83449497086994,-66.1044519156299,174.0621298859253,4.70053199019318,10.41372597566759,9.254955704369943,11.960072134143855
ARG,-90,120,9,160,0.05625,-68.27152662201793,-174.80182653314594,-62.286807976156595,-87.83173934264565,10.805212219526132,4.008680676702656,19.852269186858493,20.78811349392688
ARG,-90,120,13,160,0.08125,-15.74169348003425,-7.737245983695274,-5.428511068615519,-7.597517078976059,30.70781887501004,24.79717932955976,16.22256483067959,23.044169039531035
ARG,-90,150,5,185,0.02702702702702703,-177.275021032274,176.50429786989315,-175.62112988685902,177.33694872136797,3.9356003114900693,9.41714295131457,15.575571570353068,21.492169391394395
ARG,-90,150,7,185,0.03783783783783784,175.9740124739337,178.5369989512142,-72.51967480071457,153.0974527564152,12.218853458946992,10.975968266094677,9.472789377917538,19.87057297748172
ARG,-90,150,7,185,0.03783783783783784,-167.59695473696166,-173.54968584998036,-73.31474267514461,-81.86657991668157,10.300658826413171,19.985996379535262,16.549481941811074,12.247457090385758
ARG,-90,150,8,185,0.043243243243243246,-60.05238560302689,-177.62307255331075,65.92451182687725,-171.15881048072586,3.779916758660951,8.06924184448967,7.737425587683542,13.610774185729134
ARG,-90,150,13,185,0.07027027027027027,-64.6227227444805,-177.45239613079062,-179.50385795658872,87.79985253298965,7.550511992664104,7.087824474332934,9.950333256827525,8.615452239491303
ARG,-90,150,24,185,0.12972972972972974,-67.35594445966314,-177.25115623934988,-174.38651043701316,177.8999357004248,9.019708384097349,7.338955291690492,9.162553742158446,11.655456784888429
ARG,-90,150,12,185,0.06486486486486487,-66.68003538183243,174.36966324990263,178.68715674337062,-75.10992951377622,5.334585777232912,15.752074923300347,11.724289844759882,12.053046461404213
ARG,-90,150,19,185,0.10270270270270271,-67.68019470741497,175.19091323852737,-64.59721758847137,-177.1829271419072,7.9507856525708425,8.094589922385813,7.013312448892737,10.887625151135095
ARG,-90,150,7,185,0.03783783783783784,-74.88735874957622,-176.97490475467205,-66.92267385724395,-56.35308274636004,3.271086309384917,6.350624573145892,23.988259317658663,43.476064145236336
ARG,-90,150,11,185,0.05945945945945946,-59.459694202148654,-69.07659145478719,177.2487342652739,-175.49766830687378,6.967077271678319,9.973953134749184,5.181182811566624,13.605443241774056
ARG,-90,150,12,185,0.06486486486486487,-9.274223225270235,-3.629298911978415,-3.8285261490599987,-3.6783679983482256,22.22577991396956,18.591371806187375,17.000134541837493,17.174161957936814
ARG,-60,-60,7,578,0.012110726643598616,173.5614284870186,67.34535307765631,58.57896689135725,-177.44228067513635,8.828204762090998,17.647456677423584,7.6504323219612305,5.593506585160249
ARG,-60,-60,12,578,0.020761245674740483,175.47680800495908,71.63799208027908,-179.5910963789041,-179.58435975875383,7.149529746032709,9.345697513127941,16.598582703791244,8.798856955874621
ARG,-60,-60,9,578,0.015570934256055362,-178.3948219769475,63.42574781604368,-179.61336756368493,-72.08615803764322,7.323546833365276,6.198535264540936,18.89054340461614,6.787437836419168
ARG,-60,-60,5,578,0.00865051903114187,-171.14137638702005,68.35089329484835,-100.2754363500032,168.45807825567934,7.536746807138401,6.563980441135446,16.610103704624844,4.0641754013663185
ARG,-60,-60,46,578,0.07958477508650519,-177.35902892633496,-178.67664518880812,65.0672020936358,79.1464785857265,8.759055329495709,12.372206775700661,9.13397952276283,8.29348028241113
ARG,-60,-60,37,578,0.06401384083044982,-177.2641632925687,-178.1588468407102,66.62270683164705,-159.92499385966843,8.740196853881455,11.85756975570232,8.370052511008998,18.47415369636581
ARG,-60,-60,23,578,0.039792387543252594,-174.0152637530567,179.58666074801425,69.75296860008825,-108.15638442603165,7.11948100264181,12.255059953017613,14.476322034399672,4.849226367221828
ARG,-60,-60,30,578,0.05190311418685121,176.74725017984284,-178.35812656788366,174.2871137184347,81.15828948221524,10.829184730432667,16.10376795188783,12.106170936826723,9.537700038028294
ARG,-60,-60,28,578,0.04844290657439446,178.27379595796734,-179.47996480551816,175.0992203884632,-177.27301060826184,9.397802750775188,7.51380099778097,9.731932967039912,13.418646553046662
ARG,-60,-60,25,578,0.04325259515570934,-175.33977279227372,177.01616195095298,174.51156589453905,-80.77090000249737,6.0823624835296,14.088514314132537,12.359322743719485,7.378701755919388
ARG,-60,-60,25,578,0.04325259515570934,-174.56610880138018,174.68800393094227,-59.082931301522144,111.00953435688734,14.103646958901361,8.118200579240655,12.20799113148033,4.122270194213735
ARG,-60,-60,25,578,0.04325259515570934,-179.21410192375433,175.6832420599036,-68.80988674986462,167.09606294654196,7.665960374148053,14.197831018781683,11.931183035403942,17.31584578237997
ARG,-60,-60,27,578,0.04671280276816609,-177.95706480095652,-179.16349866414765,-60.68887637098846,-82.89319774234114,11.09280826748818,9.682740618555217,14.638141275671487,13.1712486955902
ARG,-60,-60,7,578,0.012110726643598616,-148.28607439748467,-77.03976955682145,-176.9089536110278,-169.1191774090426,23.774685136911614,15.113126854959622,31.92011167872003,15.71344018933129
ARG,-60,-60,6,578,0.010380622837370242,-156.78063063264912,-85.66830538041464,-69.6881336636353,160.12141124985573,10.88031453620563,7.501423366732927,16.78729853514138,18.971829243752502
ARG,-60,-60,12,578,0.020761245674740483,-75.11632158791447,175.1375697814985,70.14021404688982,79.31778581305703,8.18212093988572,10.88386139890874,11.975203726424981,4.852144379632896
ARG,-60,-60,27,578,0.04671280276816609,-66.90366076483484,-175.74879670705064,62.92044092958153,-166.53595539398108,8.145346463541319,10.598653323347397,10.265976733672835,12.881954224523948
ARG,-60,-60,24,578,0.04152249134948097,-71.26603623759418,-167.2518801802594,-171.2631612864175,91.480314691541,8.661860823461064,11.125644772560312,13.300588068107734,8.101762566366553
ARG,-60,-60,39,578,0.06747404844290658,-68.28612961876891,178.91918535408865,-179.59933106397318,177.61919494391387,5.668510884547506,11.00385994287502,10.47109812738995,11.054306659961929
ARG,-60,-60,18,578,0.031141868512110725,-73.8221110367169,-179.74191040909938,176.29084056080865,-82.46016751643938,6.351034864616225,10.083028573140489,14.042154825576699,9.278629256506427
ARG,-60,-60,8,578,0.01384083044982699,-81.78740696246447,-168.00927654641143,-97.43107362604863,110.32498271412294,2.249448577086782,4.852754533914795,8.838795333832776,5.791526105855586
ARG,-60,-60,20,578,0.03460207612456748,-85.14832372954457,-177.18455643768755,-89.47310752264593,154.20901140367033,13.894363306106365,12.626071545215348,11.745833492094883,22.80920569487362
ARG,-60,-60,29,578,0.050173010380622836,-77.61498298642952,-166.81799634571826,-62.44511913202127,-84.45024081361518,12.226367304707786,6.646970252653453,10.823172961010622,9.627986896685519
ARG,-60,-60,13,578,0.02249134948096886,-69.83692808807874,-69.79083773417005,172.46158099962474,-174.86982283649834,15.039552739980337,9.98089708674593,9.106557495235402,7.956682999464807
ARG,-60,-60,6,578,0.010380622837370242,-68.63719928900865,-70.48287727717818,171.7225550469906,-93.44652333020086,2.035917658703298,4.623167644962353,18.470962495458174,5.811180858870177
ARG,-60,-60,33,578,0.05709342560553633,-4.962492347377229,-4.004215106272458,-3.905304538263128,-3.3421317432939035,16.319175753007595,14.994981432587917,15.33868031282462,17.26737831546116
ARG,-60,-30,5,1390,0.0035971223021582736,65.27175108443517,177.50591761212465,68.21627963925137,81.14500806961965,16.79082808656715,11.297006160973696,19.123128038802882,6.946562819481127
ARG,-60,-30,11,1390,0.007913669064748202,72.38415763779821,176.3418215156529,57.36863941154143,-177.16995371297642,14.831995856025355,15.394530049792563,15.365738601244013,7.322065280458098
ARG,-60,-30,15,1390,0.01079136690647482,75.50646954562603,-177.726046668715,-175.95147282907345,87.59171824758835,9.296646052736204,4.296366430535303,5.678745721913463,8.170009369424838
ARG,-60,-30,16,1390,0.011510791366906475,60.72866396634311,-178.13307556378575,175.83828238710566,179.9375219647814,7.332272526263773,3.8941447274938077,11.831876558152233,15.113410434365111
ARG,-60,-30,13,1390,0.00935251798561151,64.73450203265101,175.89683448984778,179.85728999998287,-81.62766041834581,3.476300442976927,8.569217338371367,7.8778922998681935,4.499082023276718
ARG,-60,-30,10,1390,0.007194244604316547,56.494955647998474,177.48144023556344,-56.33643684064058,169.77748319852296,12.665395835959668,8.939288148719047,7.93033314519397,14.181364876278748
ARG,-60,-30,8,1390,0.0057553956834532375,67.80898552909656,-176.94668862427324,-51.59525267678535,-77.20087433562674,5.3002429244216325,13.020441382377646,17.621161744262867,20.357781122047104
ARG,-60,-30,13,1390,0.00935251798561151,-175.66251324645216,64.94923616113226,72.79058856048563,82.91218482007902,7.715763866399468,8.768627877358998,20.21006308574462,5.525747343112815
ARG,-60,-30,15,1390,0.01079136690647482,-175.92840001587817,80.29200648903316,65.32825869776192,-176.91319154735052,15.986848029513391,17.608751810712253,12.66161729614555,16.306273382681688
ARG,-60,-30,18,1390,0.012949640287769784,-175.88233683981707,66.1404050362941,177.19267516107763,95.05612586502103,8.310308361655007,8.473860814558202,11.626808711208344,13.550098588227481
ARG,-60,-30,37,1390,0.026618705035971222,-178.88577311951914,61.61173720489641,175.75133958533118,176.57088704912258,4.88288270990441,6.6951570044799595,8.338691109923039,13.123101023274387
ARG,-60,-30,11,1390,0.007913669064748202,179.326810832745,66.27188354053514,-170.85435990561317,-84.04715450458296,7.7668916718943395,7.923544612805268,6.377955895540818,16.6378350075131
ARG,-60,-30,7,1390,0.005035971223021582,-179.55522775449924,72.36500587703557,-86.36426357333022,169.0089127850837,3.610492073588101,6.436396711392034,11.126424817874742,11.470613662112582
ARG,-60,-30,56,1390,0.04028776978417266,-177.724983102682,178.57216514689202,67.05657434931167,81.4874537238831,9.721066623290646,13.615374468008921,10.413736977121523,11.534515381087633
ARG,-60,-30,58,1390,0.041726618705035974,-173.74858150483288,-175.73545445689246,64.0629687488627,-158.97199645251956,12.224395427360813,16.160453061009754,10.566682386782324,18.959773401797396
ARG,-60,-30,26,1390,0.01870503597122302,-170.56145145932143,168.73579796547716,67.58786561757232,-103.06292718944114,9.870642199804871,18.342926552747695,15.75441721511508,11.278392969194389
ARG,-60,-30,32,1390,0.02302158273381295,-177.2856454994431,178.71616645118158,176.87306465406704,86.31356653613308,9.51002961407109,11.868422164341679,14.159121991061792,8.848692158289518
ARG,-60,-30,71,1390,0.05107913669064748,-176.50374923710658,175.72488862544577,178.11861096607552,-178.77651092772572,8.689994284503618,12.155216751060875,11.41408638412082,14.070820353906631
ARG,-60,-30,49,1390,0.03525179856115108,-179.5558170910648,-179.7597676120047,175.27792642351,-84.88972899558692,9.094310411256824,10.405496228350156,15.677137221250348,10.56194394188495
ARG,-60,-30,23,1390,0.016546762589928057,-175.9564113694656,177.80888862027064,-63.84837693137872,105.09550970787078,11.105406523301554,9.469478618305267,10.97519204682096,6.547284806447623
ARG,-60,-30,54,1390,0.03884892086330935,-176.09177402752795,-178.33056425305247,-65.40295525472787,173.7934672308102,11.837021447886208,14.120570499196345,9.485861893234913,18.652823210042474
ARG,-60,-30,38,1390,0.027338129496402876,-176.56180266783383,178.09636971126162,-58.648828103279186,-82.29071819652997,9.937482417434822,9.51678377401217,16.88816313087273,11.53266287109581
ARG,-60,-30,6,1390,0.004316546762589928,-159.55237008267065,-92.9800941254728,178.67821593258267,179.357717557869,18.406061217661076,18.298340855048778,6.036832738190365,6.450154800130398
ARG,-60,-30,7,1390,0.005035971223021582,-153.92967290103627,-96.32240261077168,-55.27333505503546,175.43175159239254,15.303620794805578,12.223318636490522,12.997618563767801,7.22837199736031
ARG,-60,-30,8,1390,0.0057553956834532375,-171.04169603290816,-85.88639070364208,-52.30250704158385,-73.32963094877017,4.841121395888221,25.240527108010912,21.014841095788306,22.24960739568883
ARG,-60,-30,46,1390,0.033093525179856115,-70.82062419305942,174.06732586480777,64.30190744788494,83.15241590775005,7.095715768322298,7.5071343515385465,9.74317183684411,9.750156127811787
ARG,-60,-30,79,1390,0.05683453237410072,-69.86941743368871,177.4153084919649,63.762347827307075,-168.00980349023175,9.079041825775347,13.105010485194553,9.620107341780797,16.08883308731592
ARG,-60,-30,14,1390,0.010071942446043165,-65.54379865746046,178.96731204143288,73.86328273045972,-111.86903493477547,5.5660061192113135,6.347852616151405,8.1269594542222,6.253153786920449
ARG,-60,-30,77,1390,0.05539568345323741,-68.7998116734604,-169.32851843434148,-175.24573402422863,89.48440826940646,7.101446430557025,12.074709082811212,11.254300102894794,11.17099757415687
ARG,-60,-30,141,1390,0.10143884892086331,-70.01437295877628,-179.72278996646403,-178.31303399428617,176.8206250815835,7.7295974166708845,10.039470983383938,9.69701223648637,13.993385245354304
ARG,-60,-30,65,1390,0.046762589928057555,-69.14521532379719,178.69116458130287,179.38471589081848,-84.08671019617005,7.505445182126047,10.131339811437414,10.21699018072632,10.742008635329743
ARG,-60,-30,16,1390,0.011510791366906475,-73.17578366853422,-172.6043060615881,-88.84513636323557,107.58743521729964,10.947942053031973,5.789251424464156,15.252294382699205,8.838188408684687
ARG,-60,-30,76,1390,0.05467625899280575,-73.71615233351999,176.91815830826067,-68.0337667916299,168.29802182300824,10.64721834493731,10.792643931907323,10.791207227763982,18.946534309848207
ARG,-60,-30,77,1390,0.05539568345323741,-71.15535162749,-167.64985327206278,-66.4384178487185,-87.16880952647689,6.365082212043858,5.817782234559536,9.68554175589193,10.015305923072992
ARG,-60,-30,7,1390,0.005035971223021582,-63.97107799232737,-80.71288375230405,74.93093151868726,79.62695402789188,5.529515251730985,22.5315190517674,22.00210381896823,4.591662595640529
ARG,-60,-30,8,1390,0.0057553956834532375,-65.10561701619548,-53.066689286851116,89.96570595614453,-144.16364311503244,3.374814738074184,12.920126713638707,11.125914228127586,6.070356936122788
ARG,-60,-30,9,1390,0.006474820143884892,-68.91798510129054,-73.04575979407966,177.55504683439008,82.91962107842357,9.85039853886167,16.253996845080106,8.873397771742148,15.363660890184235
ARG,-60,-30,27,1390,0.019424460431654675,-70.9821865490922,-70.70251051889389,179.43100764564943,-178.15036564689925,7.207285647019839,13.40487934439205,16.27699729733611,17.912536916601493
ARG,-60,-30,15,1390,0.01079136690647482,-66.24171944831795,-63.57606486668046,-173.30104653019984,-89.95538879620312,8.324247652582159,11.282658686813084,12.03225658993678,10.893181156872181
ARG,-60,-30,17,1390,0.01223021582733813,-69.60030995018994,-60.73352942800659,-62.41128364984644,171.23301515776072,10.201826211260192,10.885251549849341,8.728608673599503,8.3330453025863
ARG,-60,-30,71,1390,0.05107913669064748,-4.062542130063614,-4.199591623463407,-4.33568480392911,-3.936050136754709,16.827467369163806,16.652211313132327,16.104205206679257,19.96450842284871
ARG,-60,0,7,96,0.07291666666666667,-64.79929133140047,-169.3882894395192,57.67285530024779,-164.5066197337045,4.783279601269866,6.236252412418444,7.027897260494844,14.32829795710188
ARG,-60,0,6,96,0.0625,-64.5010047851772,175.48906614063534,-175.3791722360221,90.48422896004662,5.06488270182871,13.006878553698083,6.0966228248313845,14.014713650849844
ARG,-60,0,8,96,0.08333333333333333,-73.71200345747131,174.4782376842126,178.7429298261537,-176.58765380806196,6.140300069148856,5.611689940273058,8.406861601534132,9.98723474943801
ARG,-60,0,5,96,0.052083333333333336,-65.94572365084682,179.8968735008194,-175.24379803931276,-83.33908509021197,5.317308663450725,12.299182634731245,14.455721648584507,10.406811656690806
ARG,-60,0,6,96,0.0625,-67.22871967526606,-179.58897306195504,-71.00346954371231,178.73215736224182,10.890387239469087,4.565067513942801,10.252688025078653,11.690086478738746
ARG,-60,0,6,96,0.0625,-83.04676704375096,-169.3268344613861,-70.27358352597065,-91.11422759411589,13.627344898325308,3.7219175540695355,10.57722526540299,3.9727304059431385
ARG,-60,0,9,96,0.09375,-0.09800620483244789,-0.0979678159456221,-0.09531683952988365,-0.08697834266188233,2.8585193213042994,2.8802107407086126,2.476846440715803,3.4200143623580512
ARG,-60,120,5,120,0.041666666666666664,-179.79533615782145,76.06442718920901,173.2230077058765,-79.43944180019363,5.009268290018555,16.314367544747277,18.89132144402114,8.186845197699919
ARG,-60,120,8,120,0.06666666666666667,-172.0886632854979,171.10061102918291,70.23478124694105,95.06426690932065,11.897586909150906,8.670844143603606,9.201538355179032,6.800291315050694
ARG,-60,120,13,120,0.10833333333333334,178.53730425486532,179.34521513229433,179.81174852789493,-169.24393728957892,6.815344835800312,11.001891002591872,8.041272340900987,8.716369847558745
ARG,-60,120,16,120,0.13333333333333333,-169.34464607985996,-179.72453666648977,-174.13289364948648,-96.03114640628664,4.379784101636645,7.452447367488442,15.104831516471648,6.874825233398619
ARG,-60,120,8,120,0.06666666666666667,-175.27573670281993,-179.58770045969544,-66.71578611513199,-172.53591755351636,6.253697428342288,10.068453083970729,9.673589185725985,18.73386901032541
ARG,-60,120,6,120,0.05,-175.0779294550696,-178.16560065147442,-44.63947325888713,-83.42034312709497,2.2192382587377932,6.1998321309371445,16.494774188207106,9.423259659231478
ARG,-60,120,5,120,0.041666666666666664,-66.66793237300985,-179.66203345242465,74.12090062695344,175.74807707660517,9.116348305462319,7.502963408614796,7.5107758724661355,14.298131337406952
ARG,-60,120,6,120,0.05,0.0,0.0,0.0,0.0,0.0,0.0,0.0,0.0
ARG,-60,150,6,175,0.03428571428571429,-174.1159417486929,166.53482811922464,59.276018733385904,-170.13742687233008,14.679472401320975,16.02217931700613,11.329746452741487,14.153769700363858
ARG,-60,150,15,175,0.08571428571428572,179.47482764057835,172.74744973226444,-176.59485461845736,178.4686109186516,6.88084523846535,6.9224357388595505,10.012413354198411,9.388610449963714
ARG,-60,150,7,175,0.04,-170.10914330324454,-162.5877295701014,-160.51376924064127,-99.17946298656899,5.093648695282851,10.893574222015829,3.4478251882389683,6.858338122132775
ARG,-60,150,6,175,0.03428571428571429,-176.13594274409095,174.95617907595215,-59.384511096207795,-94.30452529681862,10.526592799338243,13.894308225965633,12.39342696539695,8.99365484935707
ARG,-60,150,14,175,0.08,-68.2928422188379,174.72819167048664,67.2360529749345,176.63008862688167,6.312419318122637,14.54848923373886,15.215047665987779,12.5567459541222
ARG,-60,150,11,175,0.06285714285714286,-64.25253385359323,178.92621571602024,169.83938733232293,95.03106834435363,6.080960779413276,6.150554255848102,10.004501359123397,10.642568998064963
ARG,-60,150,14,175,0.08,-65.43063646479469,-177.28770055662486,173.92622641939758,-178.89666769030603,6.4743269743946605,5.773751881582771,8.890924399479607,6.852088100609901
ARG,-60,150,7,175,0.04,-67.77075359773659,177.5947103825253,-177.49899811898456,-74.78408408798757,5.140030447328713,14.236785464008223,7.558870052071483,8.482890925848928
ARG,-60,150,20,175,0.11428571428571428,-60.897648276830715,179.0767968926426,-75.22839172697776,-179.6382151561162,10.914548379789409,13.613860085339448,12.038916886898107,13.204515379715433
ARG,-60,150,7,175,0.04,-63.5682867124009,-69.56824297772216,178.65468613544292,-176.64611713308688,3.08821766193885,4.188155415891093,7.13812424890418,13.785883682253598
ARG,-60,150,11,175,0.06285714285714286,-7.146794653157554,-12.725371713944911,-10.726583544834826,-13.991804099759493,19.38089783939632,26.534370653812804,19.945434023731003,35.121525668706084
ARG,60,30,7,45,0.15555555555555556,-74.86008494641689,177.0291041785818,-177.49162576573823,170.75183619569577,9.59096909870012,18.37431051152684,6.329884482454134,6.713132536466829
ARG,60,60,7,40,0.175,-65.5987621152528,177.84267995525502,159.88570033834742,77.31434311619309,9.011668646400645,15.829568727622298,23.719243727247857,18.061525921345062
ARG,60,60,5,40,0.125,-68.3367652376559,167.21286397228636,-63.47362779157637,169.8035908953159,5.606718091572251,21.607284354634082,3.9867587117828456,15.48508183964855
LYS,-150,-180,8,27,0.2962962962962963,59.72810539997643,-175.88000787094686,-177.60873340364265,177.58541323267238,8.366358291435294,7.492033089262879,9.56797175106179,13.155217311331645
LYS,-150,-180,6,27,0.2222222222222222,-0.7300586725090588,-0.7076398130442113,0.0,0.0,7.05118653878375,8.815950591335346,0.0,0.0
LYS,-150,120,8,72,0.1111111111111111,-174.8136571946714,178.05997446891698,176.03987769976516,56.750123379331804,7.364253619899747,7.075638957168915,8.62008139187681,5.833646837884404
LYS,-150,120,15,72,0.20833333333333334,-171.61908668455845,178.68121230325744,-172.33260664656464,-177.05923198791103,6.48601419298827,10.836658750405821,10.429375324942956,12.488308420394489
LYS,-150,120,5,72,0.06944444444444445,-174.76803442523524,178.57002150682706,-152.81594809808502,-71.06947514730227,4.073646433440932,5.591828311991911,8.374576001011722,18.943757133697076
LYS,-150,120,12,72,0.16666666666666666,-64.6310627398429,-176.9710154820319,179.9377654355524,176.88912676667417,11.122611513828035,6.3543923455623466,7.64493483774145,8.300052280183047
LYS,-150,120,8,72,0.1111111111111111,-0.18710947783659254,0.0,0.0,0.0,3.851491908926468,0.0,0.0,0.0
LYS,-150,150,21,129,0.16279069767441862,64.99040643354297,179.83200783116064,178.17183530992367,177.11119396278306,6.149403402097065,5.549991250768059,5.896932631089746,7.070682141647118
LYS,-150,150,8,129,0.06201550387596899,59.267663822632315,-172.08143234690922,-175.13201698493128,-76.00143843391807,8.023197487144422,10.609816793452323,4.633251375558434,12.725848975840046
LYS,-150,150,7,129,0.05426356589147287,60.707477438595376,-179.16260837398755,-67.973083729782,-163.18211617417452,8.81185666345812,13.495526959238246,5.306501071210486,11.875065007955715
LYS,-150,150,5,129,0.03875968992248062,-177.62027123899273,173.28958135552693,70.14004369683099,149.8439282781812,8.544586893182895,3.8648288027862776,8.154597444132925,6.950379803742392
LYS,-150,150,8,129,0.06201550387596899,-174.4326099426767,172.08154826451604,-177.95558738105038,-179.59393815055753,17.365825318851343,13.300263572268404,8.90616366199442,10.96503988579589
LYS,-150,150,7,129,0.05426356589147287,-169.36638370435293,172.66875392403554,-64.06544180967357,175.48266124370542,7.558386932329124,11.220382068946229,8.041984371438245,5.50421899224619
LYS,-150,150,5,129,0.03875968992248062,-84.39477334607922,-171.81059700225327,71.90079236845393,-179.3199288758607,24.995928133437133,19.152069834846486,9.45520539421265,6.702500000676379
LYS,-150,150,6,129,0.046511627906976744,-66.09961549755327,177.21151551393223,177.26756748278282,179.57157689372903,4.743079046319783,3.1983438841401943,8.871944933725626,4.569923644510501
LYS,-150,150,6,129,0.046511627906976744,-59.98939661972883,174.2345129544872,-172.49031729643454,-62.209684908921254,5.204291792977687,5.2377893020656225,10.839538520399065,10.078034653755202
LYS,-150,150,7,129,0.05426356589147287,-62.632755173135685,-72.6125909888683,179.12155016582867,-179.24217379517532,6.879871489448642,8.877626588737545,11.733204132822726,4.707436711128611
LYS,-150,150,12,129,0.09302325581395349,-0.014817108398724882,-0.015398985308857503,-0.015245558970864227,-0.015247259860335552,0.943440499027169,1.0603147872052832,1.0181945116332205,1.226094123811252
LYS,-120,-180,13,45,0.28888888888888886,-61.939960840031574,-174.72541242040265,177.78755510454064,-179.98178892434504,10.794897842262422,3.633285717518439,5.712084894281586,5.937549701651328
LYS,-120,-30,14,45,0.3111111111111111,-66.67424930965012,-176.88900742004395,178.67132679028998,176.57719475677578,6.781044050805454,5.442672398315282,6.829354307817124,8.50174497628457
LYS,-120,-30,5,45,0.1111111111111111,-58.957568059626965,-84.91019561054516,176.05823215001445,-179.33096870390045,6.149309977105461,5.685838517500555,5.8858679516555386,18.30091750036115
LYS,-120,0,5,73,0.0684931506849315,-61.377685869503416,178.33317321718,176.9273046262403,55.882502250710914,6.44129016832513,8.292825455082072,5.68743949826751,12.146794075158272
LYS,-120,0,16,73,0.2191780821917808,-62.041577435080654,-175.486910109872,179.41774278433095,177.80523751548947,4.906813485479627,10.356163993535834,7.017614885080281,8.875113111385575
LYS,-120,0,8,73,0.1095890410958904,-64.74463399834347,-63.11354717061266,-176.4238002263404,-179.57797941889586,5.400028848310643,3.149788676480973,7.857836759030723,4.929218871824251
LYS,-120,0,7,73,0.0958904109589041,-0.366403704220364,0.0,0.0,0.0,5.417647646169702,0.0,0.0,0.0
LYS,-120,30,5,47,0.10638297872340426,-68.45725449736243,166.59440706140512,69.83105190593196,157.79853244536181,6.752378724321733,17.019015416521306,8.013907483489511,22.061426918056668
LYS,-120,30,13,47,0.2765957446808511,-64.15556511941149,-179.55113021022788,177.35815858738547,-179.22174250727093,3.7216389756466306,6.38661162191978,4.442975279377208,4.961195560151998
LYS,-120,30,8,47,0.1702127659574468,-0.1864390346791087,-0.18658253219196458,-0.1499044531351471,-0.16557796034007546,3.7332401558671626,4.0702436155271,4.90360965497283,2.8533639024553854
LYS,-120,60,5,19,0.2631578947368421,-60.629197125112526,178.51311025312853,-177.50253615273542,170.8040261702156,4.5663902963759355,6.493105309148915,6.49284714775164,5.04103939231034
LYS,-120,90,7,35,0.2,-57.664213532761664,-177.08262986636802,177.31417513590105,176.0159784848913,5.941445890269499,8.015526422580114,5.498743268353268,13.704803955082628
LYS,-120,120,6,180,0.03333333333333333,-175.13842365189728,71.81989410760086,-178.02933481289995,-176.92774318350348,13.281664900747908,7.7212779182419915,6.112602503088445,11.250798283375048
LYS,-120,120,9,180,0.05,-178.53096720172493,168.9798264605246,71.12154768198147,167.3517244650512,11.729009661224616,5.0687023808132805,7.514567392774804,16.06650434211734
LYS,-120,120,7,180,0.03888888888888889,179.31760230095443,-166.97738646605305,172.0430665044039,67.99169535070618,6.145926873724063,17.151597280948764,16.150126108580093,14.09872434537572
LYS,-120,120,36,180,0.2,-176.6010368041867,179.19152832939122,178.0677350419877,-177.08350452269835,7.752020754027098,10.64271056985689,8.86396541084096,10.029118851010805
LYS,-120,120,9,180,0.05,-178.33408898754237,173.19856567568752,175.98630386957515,-69.13720684030787,6.929931170081795,12.70996057511363,15.940861421653894,8.438696890756678
LYS,-120,120,13,180,0.07222222222222222,-171.05095025201234,-161.29896077359479,-63.02608274694982,-179.28983955583283,7.796856728388887,12.155943827198776,5.56045896438029,9.409504279344807
LYS,-120,120,9,180,0.05,-69.49976194921851,-173.97578850903105,-175.44686060582393,60.84483490528095,7.777801839605123,16.036902534940655,17.547194945919728,8.606551816307205
LYS,-120,120,17,180,0.09444444444444444,-63.64047771308339,-179.74196388594498,-174.924013696231,-178.49300175296366,9.328358246683788,8.615363623855705,13.167509465858632,9.520720472452764
LYS,-120,120,5,180,0.027777777777777776,-65.91910646251831,176.9536269638987,-70.109301399687,-176.29913554820712,10.633358568215439,12.889105953632006,5.549686613907838,7.816293558048268
LYS,-120,120,5,180,0.027777777777777776,-66.44369745116272,-60.88195620776891,-176.04940123876534,173.9273790263824,3.3850874787807776,9.95250673602615,3.923921885832726,8.643930761171319
LYS,-120,120,16,180,0.08888888888888889,0.0,0.0,0.0,0.0,0.0,0.0,0.0,0.0
LYS,-120,150,8,225,0.035555555555555556,59.58028658845435,-174.68601850039718,-175.426733706082,170.8262527727627,10.713653718732498,3.4484253200443953,7.783583233681986,10.759260803291172
LYS,-120,150,15,225,0.06666666666666667,-169.75471275627916,171.74908866399736,-177.6696510606266,176.71035401388255,7.684088565739562,11.444011008746651,8.404913862830789,6.187555898543255
LYS,-120,150,5,225,0.022222222222222223,-166.73920016942844,-173.2335678740571,-73.10241052398743,-177.18487662619313,13.59852960559059,8.651637897601343,21.817947180244598,6.6154537061882905
LYS,-120,150,15,225,0.06666666666666667,-63.20293580881254,179.98696924208386,65.65910569961991,178.0808678661007,12.405265709796023,16.374265898008623,10.471197490276028,8.878273465180293
LYS,-120,150,12,225,0.05333333333333334,-61.21435251528674,-168.60856163313014,172.01590128120208,62.16394929127992,5.825156433018467,12.522835233574018,10.401727939399844,15.643160367994163
LYS,-120,150,40,225,0.17777777777777778,-62.85619814847123,-176.36697825837754,176.82343217789423,178.69403061396008,7.165160693893165,10.405449682488554,8.026558700516075,10.461299804538212
LYS,-120,150,17,225,0.07555555555555556,-67.47160320612568,179.45232442767153,-177.85037433642447,-63.53618860097568,7.957907196094933,10.705886707503188,7.410724583827349,13.87873417069795
LYS,-120,150,8,225,0.035555555555555556,-67.48363603262,-178.8557136124093,-64.48958936435912,165.9032385417236,11.192676288808316,8.84070776547941,14.215448371049263,18.750038016716804
LYS,-120,150,10,225,0.044444444444444446,-61.95681843576131,-67.35532000657345,176.67063809581063,69.19380267265815,5.398254814697224,12.846538159968723,14.413149947324763,12.967205999717383
LYS,-120,150,21,225,0.09333333333333334,-64.49444272749137,-67.85675902662216,-179.59614019349962,179.31182971014667,7.56478050803304,6.218275127789789,11.216466899810465,9.063416179224912
LYS,-120,150,11,225,0.04888888888888889,-64.71473426376883,-66.5981909639668,179.31262103404208,-67.12620697362601,5.1889307068688915,7.1673700261408015,11.104432912830031,6.815457877441556
LYS,-120,150,16,225,0.07111111111111111,-0.21788693918385776,0.0,0.0,0.0,4.140084229228877,0.0,0.0,0.0
LYS,-90,-180,7,26,0.2692307692307692,-62.76519859536698,-177.70066298582285,176.69500780595288,179.35035799114584,13.645479716624868,4.966799072138185,4.04956397702539,4.378050753460374
LYS,-90,-180,5,26,0.19230769230769232,0.0,0.0,0.0,0.0,0.0,0.0,0.0,0.0
LYS,-90,-60,11,63,0.1746031746031746,-175.88941130737905,-177.1094470914765,-177.46834311912284,-169.89245435894645,8.3037765130727,14.718989873206276,8.918848607949752,11.591048602316851
LYS,-90,-60,5,63,0.07936507936507936,-174.16939145724052,160.96359865726393,-172.59863054460013,-76.48423861092367,7.223877749662122,13.418764974064473,9.044744143424401,15.518736393629458
LYS,-90,-60,13,63,0.20634920634920634,-68.21122462954085,-176.79937156108446,179.71420332168202,176.45874856790903,9.750919134356453,10.436095089594271,9.561941542672907,7.023758427751126
LYS,-90,-30,6,301,0.019933554817275746,31.40960093381681,-173.05035802287543,70.25066489907185,179.7349708665798,15.843810490482714,17.226536970999113,12.084957508407866,9.944702876971466
LYS,-90,-30,5,301,0.016611295681063124,-171.14171886903006,74.4183776245211,174.49558074108674,-175.30439411759508,8.659275499617213,10.928000074418081,13.537962194774773,4.324807311783333
LYS,-90,-30,6,301,0.019933554817275746,-176.8994285525603,63.68541478491085,-174.48786649022446,-79.3956335032789,8.810477385898329,12.443344818588743,9.760864342560946,23.18380626361361
LYS,-90,-30,10,301,0.03322259136212625,-177.46924954646627,-177.04639215313912,177.04011108731927,65.67583379557131,9.315013352466684,5.188808431890434,6.341014589671822,5.8126808751769525
LYS,-90,-30,24,301,0.07973421926910298,-177.31565295582337,177.82353521746828,-178.8899944463284,-177.45771569022173,9.532933730825574,9.506572417032023,7.4154501295567234,8.448727606815464
LYS,-90,-30,7,301,0.023255813953488372,-165.35006927604914,176.67438374389133,-172.48563772642677,-55.66912270117016,7.041425376557057,10.329796928937975,4.131865611260749,12.877910405907487
LYS,-90,-30,6,301,0.019933554817275746,-177.46954309487026,-166.1195500994058,-65.64876687769834,-82.90147043924917,7.578615024826279,7.810126991467456,4.825160832172963,18.386824609408087
LYS,-90,-30,5,301,0.016611295681063124,-87.48813085885855,54.94629072934963,-166.8171168870536,169.80951656431537,10.182614001542046,19.81590814645353,9.218910770568739,2.9725100199032277
LYS,-90,-30,6,301,0.019933554817275746,-65.0091005665393,-173.3070269783895,74.70843053754676,71.46914757140114,3.190008878035389,11.146800893096376,9.878033491115293,6.499519488481602
LYS,-90,-30,9,301,0.029900332225913623,-62.329803220331236,163.2576774001764,56.02784525578447,177.45672261721344,11.197053631382293,27.427683362467995,14.826262740392746,10.338695730392777
LYS,-90,-30,12,301,0.03986710963455149,-69.30666783901736,-176.0177425322998,176.25837535573478,66.34651470424849,8.379383972419532,7.992200906966387,11.150458633099184,14.405377564224253
LYS,-90,-30,60,301,0.19933554817275748,-67.51210202364926,-177.05426253907845,179.41844509515113,-178.8844405145123,9.357266247552626,9.69811230206577,10.274629370130363,11.019383174209732
LYS,-90,-30,22,301,0.07308970099667775,-63.24718356338953,-176.78394358190172,-176.3659496461885,-61.70229154693163,4.230175909846456,8.84759161468741,20.60329190664873,9.671905795956832
LYS,-90,-30,6,301,0.019933554817275746,-60.166494060712935,-57.44661471491442,-174.67084904750976,61.37617134476195,9.447630473167553,11.436849158175164,11.8367426888944,8.387084139786197
LYS,-90,-30,17,301,0.05647840531561462,-60.60245350106053,-62.64871557452124,173.24171678406097,-173.1598666232115,9.487072105444044,13.197486304874653,6.400006581397544,6.838335077914236
LYS,-90,-30,14,301,0.046511627906976744,-58.33664273547631,-55.80000193568876,179.70941194730742,-60.07415148927599,7.074718727362747,9.158544153741616,9.453423802808574,12.191795880307259
LYS,-90,-30,5,301,0.016611295681063124,-53.73903939711974,-70.40853702539329,-68.54552093707908,178.33529632621904,7.5240816527021686,16.201178458895466,1.132732400608525,3.822811460509285
LYS,-90,-30,26,301,0.08637873754152824,-0.01054849718354224,-5.942499616674855e-06,-5.934653330303098e-06,-5.976936138805405e-06,0.8476678696821529,0.02338768566473323,0.02351778621752682,0.021984966513172746
LYS,-90,0,6,249,0.024096385542168676,69.71752018706513,178.09470834433483,70.79588315770464,177.39813587268742,19.02837730045697,5.8237568400367365,8.644194572574955,10.662069369265136
LYS,-90,0,6,249,0.024096385542168676,60.6610671275593,-178.60801639444932,-179.18456012661997,-178.04535291944552,10.4550280908162,14.317712381945293,6.840433082584777,8.361199949357397
LYS,-90,0,9,249,0.03614457831325301,-70.9269028242487,171.71542846961162,62.401222579544516,68.85612362967007,6.735906520479038,18.075120745508833,4.077613436111477,12.055749543078887
LYS,-90,0,16,249,0.0642570281124498,-64.44772701956656,168.1287217074997,67.71690793657642,170.75284709391377,8.038116443610786,13.300972719458127,13.148487688992683,8.163287804412988
LYS,-90,0,11,249,0.04417670682730924,-70.58182496689761,-175.57275631366764,174.13721140524729,65.62317820520468,6.844606356365381,10.897467109236445,13.525569725927944,9.442669684021627
LYS,-90,0,56,249,0.2248995983935743,-66.35598211968242,178.56597925143024,-175.91747610021062,177.81707093270606,6.075810467434921,9.228585280529183,8.733974913516466,9.944830398436771
LYS,-90,0,24,249,0.0963855421686747,-65.16687476861154,-173.6874522456159,177.97356923586767,-59.765952625298624,6.190166749885195,11.491614270977724,11.778403719570923,7.695807308385966
LYS,-90,0,15,249,0.060240963855421686,-64.82108629056566,-170.37901309606232,-76.40062023389103,176.37466489476043,6.462204029064298,9.31765075203228,13.56804969228675,11.660815638180283
LYS,-90,0,6,249,0.024096385542168676,-62.664650577250136,-74.79063476196315,172.85903553434625,63.282722031830886,9.830770999138585,11.885150838153978,13.850866795590695,11.945970011470715
LYS,-90,0,28,249,0.11244979919678715,-59.649206605974804,-65.58566161203706,-175.38840830807015,-177.01030730674842,8.461977979482954,11.132083869153274,6.774468003850203,11.473102815288664
LYS,-90,0,12,249,0.04819277108433735,-56.18617044873632,-61.00245867202572,-171.6731489240628,-62.193567935366026,8.105743653297663,13.566473962738831,9.816161787656553,9.495098454540749
LYS,-90,0,5,249,0.020080321285140562,-50.13061532160469,-70.04671439863603,-92.21521896204489,-176.02423320612505,3.445704078077611,5.330044696122243,6.986826830328126,8.362621776586892
LYS,-90,0,23,249,0.09236947791164658,-0.8956138174280052,-0.3837082404582635,-0.06738767244791495,-0.021533499561169584,7.775229961708696,4.532843636064932,2.4570151345598212,1.5379356828236308
LYS,-90,30,11,36,0.3055555555555556,-64.9561962188289,-175.6474322571443,173.40628136573264,178.220530515916,8.290090094919265,11.66558425263411,7.904470876296062,7.67302083266305
LYS,-90,30,7,36,0.19444444444444445,0.0,0.0,0.0,0.0,0.0,0.0,0.0,0.0
LYS,-90,60,10,31,0.3225806451612903,-61.93082610247299,175.08335572772017,-175.69675070707197,175.44465873627885,6.792615568780024,7.335497286745663,14.139632215491945,7.165176425264865
LYS,-90,60,5,31,0.16129032258064516,-55.28033344502845,-67.89862773885591,173.1231728621391,-177.6588986704708,4.636976751723813,14.673999719294724,5.251767406732723,10.06605445464089
LYS,-90,60,6,31,0.1935483870967742,-0.6780883319860053,0.0,0.0,0.0,9.132297837411357,0.0,0.0,0.0
LYS,-90,90,6,39,0.15384615384615385,-176.85162215200208,177.91141062794108,-172.36094671584814,177.77269834154328,3.6856222031755688,9.841531703826648,7.529218203588981,7.692113812811584
LYS,-90,120,9,200,0.045,178.8512445968739,58.8547361022683,-178.8400845598194,-178.35085315159162,4.274844905393096,8.576954980400327,10.70208257343753,7.1670046972062424
LYS,-90,120,7,200,0.035,-176.5314395087871,176.78197878495814,65.7089162000782,177.30573185382656,4.720620646776223,12.276468723009144,5.262111267187113,8.279384830444817
LYS,-90,120,13,200,0.065,-176.80601935732588,174.17743137900405,175.11655184720982,61.600590767150386,5.763861839099558,7.4650394518248975,11.165009090373248,11.404228662546029
LYS,-90,120,32,200,0.16,-176.84510981329524,179.27629241436188,-179.33747281059166,174.11993199868564,5.951542051780738,7.772988272748022,7.171043660826007,11.129310665081604
LYS,-90,120,12,200,0.06,-174.79761992273217,-178.50832211662518,175.43881221465466,-63.48727059866977,9.548661985496045,10.484425311826175,6.936740860486065,11.60942500173661
LYS,-90,120,14,200,0.07,-170.70208165704216,176.68520656452336,-65.50519343868532,-174.66762889046828,13.221537026256623,12.821591923261234,6.73755522475771,7.947788054122146
LYS,-90,120,8,200,0.04,-71.33805478648243,177.61674058796717,172.5614691343984,62.28111889765888,5.385913803392535,8.314553789941208,14.110663629269473,10.850454158826782
LYS,-90,120,25,200,0.125,-66.88087985330807,-175.37809356441554,175.68081416388483,179.76202985897396,9.326143488298467,8.199380736614795,8.369930040930667,7.63838780869767
LYS,-90,120,10,200,0.05,-60.99628630454865,179.41169180449103,-178.83994459190743,-61.59611737617289,3.3663557312405215,5.478978226602491,5.521738947659548,4.8778298649328935
LYS,-90,120,7,200,0.035,-57.954304692937285,-66.31334769659269,-179.18535861996955,178.99012215848558,6.351246527123243,6.134710049253636,3.045612730483274,10.578074691945698
LYS,-90,120,16,200,0.08,-0.1891001694480651,-0.0015025758935557497,-0.0015068767680631204,-0.0014993554269048532,4.038696450054972,0.33409333350309595,0.3616687983281586,0.3721069997428701
LYS,-90,150,5,177,0.02824858757062147,63.0998544859191,179.25408808376366,179.19880401251405,176.08512972579925,5.780513646482389,5.863303938193434,10.489152346161223,9.51176732672319
LYS,-90,150,10,177,0.05649717514124294,-175.18305398377487,-179.34328639820947,178.47418297090033,-174.72547291141535,7.93134005104697,9.510257704386273,9.991602098202833,9.909183406236817
LYS,-90,150,9,177,0.05084745762711865,-67.03385929716535,-178.43593882089317,175.77479985098034,67.96730984438253,8.560044541679233,3.796723828775568,11.751235937514293,10.341207986291993
LYS,-90,150,35,177,0.1977401129943503,-70.37373517347976,-173.15248877930887,177.89344319430194,-179.81768365746194,9.03539848638413,6.743830529843122,9.673446864147076,7.7203434489277365
LYS,-90,150,12,177,0.06779661016949153,-65.36181291702283,-175.59375834409488,-72.43893613560051,176.31846714332556,11.362516963764275,10.449435414152466,6.735662111814366,14.167306983640998
LYS,-90,150,7,177,0.03954802259887006,-64.36187388378026,178.8502544923847,-19.93392384371111,-20.618400559914832,6.16317865307052,8.488129993761484,28.72502106482522,29.617366083692552
LYS,-90,150,10,177,0.05649717514124294,-64.40360424580817,-70.35663358095913,-178.6048072787899,61.74471717199965,10.563625295426364,10.138893789580356,9.65148576450197,9.343992469300636
LYS,-90,150,18,177,0.1016949152542373,-59.28573156061623,-64.95227134895863,179.52919737885836,-178.3533842363376,5.66212393191653,9.827279068734645,11.517573321720437,10.816563458629183
LYS,-90,150,12,177,0.06779661016949153,-56.25514861069768,-62.358924662600465,-175.80975409549492,-58.83541453892376,7.906422564746343,12.246101597383168,9.487092685473247,12.052773073016855
LYS,-90,150,14,177,0.07909604519774012,-12.76076198907317,-6.45078810227233,-0.004770900788093178,-0.004293362891735417,28.779263433657462,19.43496465558104,0.6210218361987877,0.7567400834102789
LYS,-60,-60,5,679,0.007363770250368188,179.0144955103055,59.72923142597876,73.36309544611204,173.75936337691138,2.0252364181348073,11.123020558012222,8.884516863650571,2.198971691904947
LYS,-60,-60,12,679,0.017673048600883652,-177.5170189539536,76.49770271356459,170.81649365552735,63.59316316917756,11.906962251896754,12.854229827857004,17.356957282717772,6.982634616638411
LYS,-60,-60,27,679,0.039764359351988215,178.97263126093515,67.57989830861497,178.35787071945032,179.59732873191413,9.611830578505774,8.86570376951783,8.03782849088614,10.540199370267448
LYS,-60,-60,13,679,0.01914580265095729,-178.76816154264526,75.394826619996,176.6184452328991,-58.342521181454515,5.128808080214938,16.082016682007477,9.152740577570224,8.596840601620372
LYS,-60,-60,7,679,0.010309278350515464,-173.07091793424556,171.54030401888866,74.32721893882139,66.38270785768613,6.788020341096735,10.510932668481995,14.21275229230102,6.76216472419871
LYS,-60,-60,25,679,0.036818851251840944,-171.61131539229578,-176.56264377939686,64.92765425799114,175.74029985685087,9.869022584081765,11.200596161197002,12.719841483297921,11.003006612368441
LYS,-60,-60,27,679,0.039764359351988215,-175.21820080741983,-178.07302904230093,179.71200467922384,63.079271361209045,7.388885505918502,9.066726725102734,12.24785209427587,8.858698174940306
LYS,-60,-60,103,679,0.15169366715758467,-177.5899735328907,179.1365670280173,178.3885650456848,-179.77958560836896,7.843998816759858,8.674712888531223,7.4184727690323555,8.435390465883332
LYS,-60,-60,27,679,0.039764359351988215,-177.68863938606535,-179.98080871075265,178.13446056198546,-63.4318695837797,11.057750709385472,10.213255020973595,11.298016283126074,11.153938592896735
LYS,-60,-60,36,679,0.053019145802650956,-174.18553863641066,-172.39343595337465,-63.304735339378446,179.6355381589174,8.42369836919321,12.695584619458264,11.9536925152351,11.162604816928015
LYS,-60,-60,10,679,0.014727540500736377,178.88538439400736,-172.22239737366718,-52.34786016320655,-60.19440615411915,12.21885386599241,14.282644405916276,26.250106947307312,25.831511754649313
LYS,-60,-60,6,679,0.008836524300441826,-168.5507763775059,-0.5867065350232352,-0.733482497587917,-0.7331882228762189,7.932692525412012,9.71477047948144,8.337483324454212,8.345942429006918
LYS,-60,-60,7,679,0.010309278350515464,-98.0415293704635,88.96359439743057,175.59103850683582,172.62645573790562,20.143315745367772,19.525379080295618,2.7338068842870134,6.124151439629299
LYS,-60,-60,5,679,0.007363770250368188,-63.22165504639222,170.4501083434144,73.11357007891709,68.59631376153683,9.232875328154577,6.76155972220187,5.454331736884399,3.4238560378858103
LYS,-60,-60,22,679,0.03240058910162003,-72.47079121214804,177.20820335336106,63.452349518147976,176.22979209424759,6.88084154307769,11.302391533319248,6.56702792800414,6.792238327451463
LYS,-60,-60,28,679,0.041237113402061855,-75.33607237431887,-169.32831645607286,-178.80486887512092,64.90821284566684,9.2891656064227,12.818008059335957,10.799315987352722,8.451379393741629
LYS,-60,-60,103,679,0.15169366715758467,-73.45543563586048,179.71024452709273,-178.84832044478952,177.94378886156906,8.284444780924572,9.321983682618644,8.878275412575658,10.049914109800843
LYS,-60,-60,25,679,0.036818851251840944,-70.96391099131704,177.40810444418784,179.22724243019007,-68.50619565090751,9.007358230235205,10.855091033988897,14.497140662456568,10.934864390467023
LYS,-60,-60,12,679,0.017673048600883652,-75.29065862537611,-169.2050226326114,-67.7237096865556,176.3326589804712,6.246581769708963,11.21146279307853,13.828585003529488,10.367151245914389
LYS,-60,-60,11,679,0.016200294550810016,-67.81208922545848,-70.83465256506143,-172.18884642070702,59.07086429391635,9.581491888814334,11.613923789426204,18.70871720603694,8.620253245957716
LYS,-60,-60,27,679,0.039764359351988215,-77.63480998989847,-64.54586734138464,-178.9573568070565,-178.53451704637305,10.64092851514454,13.225730741040746,8.466667415332255,6.7375379740354004
LYS,-60,-60,5,679,0.007363770250368188,-66.5354637362901,-67.25295469756372,-176.66531785334257,-55.13870234963365,12.300568504143884,6.846820467910805,15.169427337489894,13.24937217983848
LYS,-60,-60,95,679,0.13991163475699558,-0.6834942342236539,-0.013597204721793182,-7.805810769032116e-05,-4.0829998283352966e-05,6.199527362938096,1.0668995874578333,0.07549365743306463,0.05280765260112948
LYS,-60,-30,5,1681,0.00297441998810232,63.30215116779804,170.9457119359287,69.4160962443886,61.4580094248318,13.469777478843886,6.942193903533727,10.532870187439078,16.367541736887482
LYS,-60,-30,11,1681,0.006543723973825104,71.36501819405845,-179.94800241422215,65.20544892678339,165.04998428791995,15.742622999940632,8.032187769562132,10.299843953241352,13.569698805699366
LYS,-60,-30,8,1681,0.004759071980963712,74.0653628929448,-173.30903247988272,178.42105746063353,63.29703928039436,13.376625095552155,7.161268229356655,9.962379314548967,13.89921441959755
LYS,-60,-30,25,1681,0.0148720999405116,61.371772010343925,-178.5494185794456,177.7296293404325,-179.89619440229842,8.7280907983591,8.911062964813276,6.543363062552077,6.633023950507467
LYS,-60,-30,13,1681,0.007733491969066032,62.50908399154062,179.38159836274255,-174.86704697468042,-63.820557642963045,4.519765580688946,7.957355226092613,10.352815429213885,6.801857931120038
LYS,-60,-30,10,1681,0.00594883997620464,65.16003532704806,-178.6364180644998,-67.05631537911624,-172.78610692647976,13.64059415522206,15.048826439352757,14.58024560789513,11.654632267143676
LYS,-60,-30,6,1681,0.003569303985722784,-170.05135542765873,73.88490789883322,65.66741325908721,67.75350650436975,11.256279620954151,16.320682428507006,8.312758414798148,7.223083301158366
LYS,-60,-30,17,1681,0.010113027959547887,-174.13667058815386,61.925232860788284,66.09930681289364,-178.7695192616697,6.649005662037357,15.01573180434811,8.157885228774264,7.837077438507991
LYS,-60,-30,15,1681,0.00892325996430696,-173.362873720573,62.33649917472053,177.2993196032645,62.14584612478725,10.355348282136019,17.199529318377454,14.05289935468133,7.168668665324052
LYS,-60,-30,52,1681,0.030933967876264127,-174.2651288104387,62.94600511635402,176.46932508921427,176.59037816464053,9.529343963112012,6.252107538076435,8.897830326072047,8.803598499007943
LYS,-60,-30,14,1681,0.008328375966686495,-162.74838411602906,60.504105514926636,176.40076599435739,-65.0002805263423,14.913485891199974,7.752988698759838,7.027124112210156,5.646199710193235
LYS,-60,-30,16,1681,0.009518143961927425,-176.59176344318305,165.93753429169507,73.8459648235111,65.58872260618757,11.239777087491003,15.651316084340905,18.045858229260308,5.02217153053568
LYS,-60,-30,48,1681,0.028554431885782272,-169.0701786244443,171.67024977037977,69.71575627185749,177.7764731142053,12.443476038123839,14.162714906253614,13.031495878273486,11.384729749756104
LYS,-60,-30,5,1681,0.00297441998810232,178.5034489950916,156.60676226751812,77.04852109907664,-80.28408432083229,11.494987449076875,9.789777696499552,12.739041797493343,7.035609212799924
LYS,-60,-30,47,1681,0.02795954788816181,-176.19038298602112,176.6391381317737,175.437113964829,63.817852340651115,8.401420917196837,10.073380623633586,9.895807490741596,12.764393753074632
LYS,-60,-30,202,1681,0.12016656751933373,-175.53316974601475,178.07856644117865,179.16742363216497,-179.75255848526396,7.498319058314823,8.878245878659126,8.273082286096413,8.178796811523716
LYS,-60,-30,64,1681,0.0380725758477097,-174.56899950276858,179.81353452385605,-177.25535337335063,-64.0072909651269,10.627055370590108,11.713975364122176,11.960627147145928,10.964482563270497
LYS,-60,-30,42,1681,0.024985127900059488,-172.1327861076725,177.84158993126272,-71.96794210074515,179.2254985598701,11.012487791693818,13.38637736159352,12.33331949010199,12.493631087973702
LYS,-60,-30,23,1681,0.013682331945270671,-173.98666469228243,-178.3784456927193,-60.42409224736944,-56.83246382834162,9.121379412049798,12.153380346497947,26.724703575038017,27.75416046413515
LYS,-60,-30,12,1681,0.007138607971445568,-140.58805183794186,-74.25436289245039,179.4027912405846,64.83940545556392,11.926123270492013,12.41681410990711,13.922131296973872,13.04260179864344
LYS,-60,-30,8,1681,0.004759071980963712,-143.05753431743506,-77.81522574599718,-179.8629984914788,-173.18042761253824,16.86221948264841,20.463669649753033,6.750695583564847,8.900255912771401
LYS,-60,-30,6,1681,0.003569303985722784,-167.75556932798136,-91.12255553831997,-173.48193436199406,-60.13965260692254,17.27380350566109,16.139922089817077,8.727196875972231,10.67313706430805
LYS,-60,-30,7,1681,0.004164187983343248,-172.14944659345994,-0.35328556654297816,-0.33079840928118304,-0.20307444001474947,11.128269917585591,6.134065847884949,4.133116815019324,2.236703294888125
LYS,-60,-30,5,1681,0.00297441998810232,-91.79487783336117,103.6087819931497,62.35882361446711,-163.25598832326818,13.850401481939427,20.9279325368287,10.649825427658362,11.40800799795164
LYS,-60,-30,6,1681,0.003569303985722784,-84.87220958835711,62.40294190381826,169.83467376448027,61.37959337784491,10.451522036547866,12.101063739691519,10.633473907456937,10.951795059149513
LYS,-60,-30,11,1681,0.006543723973825104,-91.54673698053823,70.65994513670255,-179.17381251039038,175.10054122586266,17.226652625706148,18.91419202593899,14.911726030663095,11.92381637808442
LYS,-60,-30,33,1681,0.019631171921475312,-70.7934990130576,177.67942552691466,73.87308449156414,63.36373993081349,10.41789305525203,13.037292831525564,10.173314038661454,10.41860610018896
LYS,-60,-30,68,1681,0.04045211183819155,-71.15955898111041,176.74098140501502,71.02863106771407,178.78793953188287,10.824464699409258,13.895452603109087,11.641836778009097,7.613450755291521
LYS,-60,-30,12,1681,0.007138607971445568,-65.45793958247273,-177.40486877449447,81.839789173276,-67.73811825016907,12.89409135753313,12.142148072139683,12.182856670022856,9.160834046489843
LYS,-60,-30,61,1681,0.0362879238548483,-70.44981527112138,-175.72626685277191,176.95992739552025,66.33801024920115,8.251240713792917,13.713413099776659,15.037792345104151,12.588121406637896
LYS,-60,-30,341,1681,0.20285544318857823,-69.13426451575454,-179.7059312138292,179.4567780505459,179.45054872964232,6.975041133890848,8.575485933448459,8.376536336888316,8.82951712773439
LYS,-60,-30,69,1681,0.04104699583581202,-71.25638274754999,179.7087701586568,-178.0018007662325,-64.66263116237903,7.13018857575211,8.525268426654677,11.775504456505217,11.69610421469677
LYS,-60,-30,5,1681,0.00297441998810232,-69.10881566587796,-171.9272937449788,-88.66765197343734,75.02254912355873,10.446566744512344,4.932636162182577,15.082138119111168,9.91918360782684
LYS,-60,-30,68,1681,0.04045211183819155,-69.01057990668417,-168.77108059811562,-69.48118019000496,-173.72148645318904,6.672738152200851,10.954306197983882,10.960190799669432,10.011651810333131
LYS,-60,-30,31,1681,0.018441403926234383,-71.7663225419291,-167.52010491773606,-61.73512941162295,-59.48485391802777,6.784532890647061,9.674044568878093,23.240528719523528,27.180383014221828
LYS,-60,-30,5,1681,0.00297441998810232,-56.25225360012852,-84.76754156061908,80.93431949624711,172.31247285611602,9.261003761021396,15.339096423781937,8.995170357818656,8.286163882185585
LYS,-60,-30,24,1681,0.014277215942891136,-66.77990104339005,-72.755611429101,-179.15255148268693,61.30028792255063,9.726016964021266,14.98071573563031,11.25368069071387,12.702848378882281
LYS,-60,-30,50,1681,0.0297441998810232,-68.70672449769292,-65.6988737558223,179.50278668469505,179.521449478561,10.561915234396803,9.769581326326136,9.807618623152393,8.030453672916954
LYS,-60,-30,19,1681,0.011302795954788817,-62.29967794757231,-66.09430931720472,174.4494876326093,-58.490178164338616,11.411347289605102,9.329515244870665,9.85324206542351,10.343195304304288
LYS,-60,-30,16,1681,0.009518143961927425,-61.42177512853426,-70.30585420454025,-69.98905949477805,178.5185546526417,12.946893988349672,13.780929725082949,9.131131692020675,9.4923309339012
LYS,-60,-30,167,1681,0.09934562760261749,-0.029360765375924188,-5.965828610619279e-13,-2.2655424567346423e-08,-1.287087380815005e-07,1.1956909032568757,1.2961648849503676e-05,0.00114245545880725,0.0031319537410271774
LYS,-60,0,10,81,0.12345679012345678,67.52390800147298,173.313703210178,-174.96787493291137,177.48106862832128,6.397635987338473,9.188713244093018,7.130209815819659,5.649270449204006
LYS,-60,0,5,81,0.06172839506172839,-163.45171139841509,163.03109978980115,168.21039365634337,-64.98466947405802,24.03559965935729,17.248613536075705,4.107779121551182,4.617595631786729
LYS,-60,0,18,81,0.2222222222222222,-67.05858534998376,-178.50226424816432,-177.92366557153474,-179.52026803833147,7.967198644788799,8.847834646933014,12.059257495460571,8.716257925161143
LYS,-60,0,6,81,0.07407407407407407,-66.5312305394452,-157.18420103957686,-77.99886687745219,174.8683489603919,3.913754485984509,12.830147406634163,20.823260363082095,10.247268273609256
LYS,-60,0,10,81,0.12345679012345678,-0.05062721916624256,0.0,0.0,0.0,2.318010955573702,0.0,0.0,0.0
LYS,-60,120,9,128,0.0703125,-176.20234746698307,-172.2923759110507,172.00079491095087,65.36813030340703,9.126219517867485,9.500564344968428,8.175515357211733,12.899919775860983
LYS,-60,120,24,128,0.1875,177.89654264149974,-179.5956143741382,177.54865854041657,-178.35029284915805,6.972122128041656,8.785301884449623,7.109263048702019,8.604437696763021
LYS,-60,120,6,128,0.046875,-178.00361186874534,177.95731927270407,-171.5764504350322,-58.46494609427786,5.739763346430517,4.52950781943569,7.282845562505519,7.116569193132698
LYS,-60,120,7,128,0.0546875,-174.72569295347233,-172.013159325221,-77.18390377416854,-179.65512966833694,8.94855367186217,10.677387531503948,10.30506462498138,4.608676093516319
LYS,-60,120,13,128,0.1015625,-62.387087211915315,-178.448681443737,-176.82767354746775,177.45928619044275,12.164056359161766,7.725047360419629,8.111763910152126,6.099990445865846
LYS,-60,120,5,128,0.0390625,-58.43424702768546,174.12065089731976,-155.86125615475777,-59.909552725985826,4.307138997696545,15.791722235059087,11.566706163488456,12.39025863766885
LYS,-60,120,11,128,0.0859375,-1.2166161183540636,-0.027069383086523645,0.0,0.0,11.386382714888084,1.7362140139217463,0.0,0.0
LYS,-60,150,6,179,0.0335195530726257,63.60980394244707,-178.24770949330082,-172.42807101223835,178.44638467614845,3.82392303484275,9.606614350092876,3.879944032024326,4.142155331511724
LYS,-60,150,14,179,0.0782122905027933,-169.767855664247,176.55582945054655,-178.38883321142058,179.29706420485408,8.846451554365439,5.416297600927637,4.530048103188987,6.615679504166643
LYS,-60,150,5,179,0.027932960893854747,-176.02551322051627,-177.26131911133334,177.72699944005015,-70.59364079190713,4.972339612096966,13.06138911052203,10.810955774666837,7.134074309903057
LYS,-60,150,14,179,0.0782122905027933,-71.6183536174995,-171.3421223892114,169.73205820973226,67.23603427835485,7.733064926081453,10.52372940981921,17.39996315051017,9.906362792971414
LYS,-60,150,33,179,0.18435754189944134,-63.53569424558182,-178.90584832242362,-178.5110349999429,176.11857448282566,8.2635772103355,9.495741378540531,8.8606183824583,11.495584846394191
LYS,-60,150,8,179,0.0446927374301676,-61.32764065515314,-172.53019524641724,-179.39628493942757,-60.47384514999062,3.393578068821998,13.820839220051067,10.963928474829471,10.021278784087396
LYS,-60,150,5,179,0.027932960893854747,-59.95228154566759,-178.5293739895385,-73.19577754890648,-176.93245257591033,5.20129889098123,15.897316840496275,10.491507860216926,15.016987451553309
LYS,-60,150,9,179,0.05027932960893855,-67.4808406313921,-174.93405549944416,-67.21472978046427,-68.47353579741922,5.63009781176648,8.071828373842912,5.514087859689599,10.256607558152881
LYS,-60,150,8,179,0.0446927374301676,-59.16103804447077,-63.397971528212686,171.4285136770074,57.53156048293739,5.516215677101678,17.721180197722646,12.462585186875158,12.65721426704826
LYS,-60,150,11,179,0.061452513966480445,-67.49956822390801,-72.67393457880964,-170.73954657451583,-177.10633259073938,10.647002608060275,9.830936048152772,7.740106381501489,8.224675931945335
LYS,-60,150,19,179,0.10614525139664804,-2.1058208830754865,-0.07835001366440751,-0.23848070925594847,-0.07019030979073497,11.478216016344666,2.9202167360821054,3.9536392176463537,2.1702304978939333
LYS,-30,-60,6,35,0.17142857142857143,-71.67647707000894,-173.25530579471442,176.86180214056876,178.92287299128557,5.328240774317276,8.645095295890737,7.8900343395893815,6.704180935126622
LYS,-30,-30,7,21,0.3333333333333333,-67.25431332613624,-178.269584772257,-175.68754324146835,-170.94172677280392,14.50152835818986,8.392444844293633,17.36839878958555,12.025546513869998
LYS,30,-60,5,10,0.5,-70.58241498320152,-163.5531165484095,-179.98838067957124,-163.26914453963812,2.6468366929959637,9.982783151762384,14.86900530562295,13.045120979020654
LYS,60,30,6,62,0.0967741935483871,-79.5374104594489,57.615790054129995,-173.16777161958296,176.81569222321073,7.97280491208901,12.352300821024086,4.1283576076891455,2.9597376925036687
LYS,60,30,18,62,0.2903225806451613,-62.868727165073295,177.43430274407305,-179.00055192493997,176.3245556536618,7.772055924031995,11.424586736122647,7.620674997996639,11.6901449095839
LYS,60,30,5,62,0.08064516129032258,-64.03587852663763,-175.88438096259742,179.4923053851186,-66.12419282288161,7.86500574540351,8.741138196453774,9.19118249892454,17.78462714074379
LYS,60,30,16,62,0.25806451612903225,-7.499548781640875,-1.331347496623992,-0.20713454952571997,-0.22833581804339037,17.659735841079993,8.893370200890582,4.207954636432685,4.287500122337497
LYS,60,60,9,42,0.21428571428571427,-63.634470983783565,-176.48221117912203,-175.4712985787341,174.65306162392685,7.084935767532812,12.298546534456733,7.798732544511095,9.710868056519999
LYS,60,60,5,42,0.11904761904761904,-55.213400559603734,-66.82125180921287,174.60719330852694,-176.10462018878155,8.425567145865863,10.177752648469912,6.944259459975202,9.458411050999107
LYS,60,60,6,42,0.14285714285714285,-60.54702627064513,-58.99544932847906,170.23230052602892,-62.41316339712861,7.280932846355328,5.7848173437980615,12.188547900490317,7.880738071495234
GLU,-180,150,7,14,0.5,55.32119107815291,179.56217466448092,48.15374934668961,,13.17212383893432,5.943757329411772,27.0032147315781,
GLU,-150,-180,9,36,0.25,55.76340885617432,-172.14577320864606,62.185246002864275,,3.2532094562991336,11.27555354645381,16.764954853987177,
GLU,-150,-180,12,36,0.3333333333333333,60.804708531486654,-172.1597915424566,-38.406475235420224,,7.75995835491342,6.144618174304353,22.933477430094623,
GLU,-150,-180,5,36,0.1388888888888889,-53.62184571495521,-75.26093645135666,-28.99750776899134,,11.606423528691597,15.018855759434924,14.933111146470909,
GLU,-150,120,13,62,0.20967741935483872,178.6901959656336,168.36608688171708,38.38657974788039,,2.277589605759026,8.570924056200397,13.387729981885263,
GLU,-150,120,20,62,0.3225806451612903,-175.932354922913,-177.6096780582661,-43.30571872087422,,9.974943308425301,7.9429176880399375,19.025226219492495,
GLU,-150,120,6,62,0.0967741935483871,-75.67652049461702,-172.96744490670972,31.40469467441413,,7.697710019418945,7.120706305100675,5.568465705800604,
GLU,-150,120,6,62,0.0967741935483871,-78.00267485097847,175.94680432935436,-14.635904512718234,,10.608890243797777,6.960117256467312,21.277747489427913,
GLU,-150,120,5,62,0.08064516129032258,-60.807605666797315,-70.61350655399504,-15.866566103395973,,24.53269669492366,15.443090486909076,11.144580270005934,
GLU,-150,150,28,143,0.1958041958041958,59.57437271485425,-178.79044204186607,44.89450152134526,,11.219424506422893,8.57930680547866,20.592791588559678,
GLU,-150,150,23,143,0.16083916083916083,60.40669875529008,-176.73709012888585,-28.307262550137175,,6.550241580020594,8.69349642026513,18.539665792287078,
GLU,-150,150,11,143,0.07692307692307693,-178.70514275329487,176.694816371453,49.34240826610413,,10.407872744228335,6.330138925211094,21.81843969615548,
GLU,-150,150,13,143,0.09090909090909091,-178.27403886458828,179.46856586429715,-15.896556951747922,,10.354112821606993,5.619859378682891,19.275687169212247,
GLU,-150,150,24,143,0.16783216783216784,-64.33236640640179,177.36824192074053,27.762434104260695,,9.201168365753057,6.484360298688637,19.893974532968166,
GLU,-150,150,18,143,0.1258741258741259,-64.69546320330257,-169.49045080291552,-40.639900664372036,,11.441097424460782,13.400420446155529,20.679222519999033,
GLU,-150,150,11,143,0.07692307692307693,-56.28132159272458,-65.93226528010956,-19.20481863292461,,18.7019622749282,21.64702282146571,14.67649823696891,
GLU,-120,-180,11,27,0.4074074074074074,-55.374630453810575,-63.32213674958092,-21.322500812386263,,11.494525086946867,8.639359535896174,14.205746590547825,
GLU,-120,-30,5,55,0.09090909090909091,-149.27856456936337,66.00721146512385,27.411386019506754,,14.662374113537624,9.222437983012387,9.974726030411126,
GLU,-120,-30,7,55,0.12727272727272726,-172.28848199072857,173.9337214434902,46.50298794460201,,6.324211475834268,12.435907690217977,24.42856385451952,
GLU,-120,-30,11,55,0.2,-58.30747600407693,175.80076609046495,21.55991732772009,,8.626484878903536,13.026097735423809,14.447969220687789,
GLU,-120,-30,7,55,0.12727272727272726,-65.0935631658453,-175.78460042497812,-19.37315356390333,,6.727489643486628,5.447843785941234,13.485212358361752,
GLU,-120,-30,12,55,0.21818181818181817,-54.54596539524815,-64.65796685827458,-30.591621663835728,,22.366064382252887,20.79909689872999,22.228566916413072,
GLU,-120,0,13,68,0.19117647058823528,-66.11494128164848,172.07040758352906,28.84314951589381,,9.22108018195175,8.026251164129791,10.399790448859608,
GLU,-120,0,25,68,0.36764705882352944,-61.75985278829348,-178.41078978140848,-36.758607422666564,,13.124671639952837,9.932448613513952,14.010198788033787,
GLU,-120,0,14,68,0.20588235294117646,-66.3384648800394,-61.65513477205085,-40.34098818108205,,13.372969529666658,18.64030911158899,14.709944260969339,
GLU,-120,30,11,31,0.3548387096774194,-65.99794097147199,179.327501891683,40.402069233639914,,9.782328906561766,8.543491914843685,14.36362108901653,
GLU,-120,30,6,31,0.1935483870967742,-59.37591825923695,-178.56066025096501,-27.025384679182775,,7.213831335586152,13.066758722082055,18.083016648848535,
GLU,-120,30,12,31,0.3870967741935484,-55.13117242773632,-62.57806653825038,-25.616899583570547,,18.395699492382477,15.157645678353832,13.86325407958474,
GLU,-120,60,5,16,0.3125,-66.41537210237703,-175.96760238531516,59.291360183288354,,12.63873097423294,8.574579682928317,28.69247044900038,
GLU,-120,90,5,36,0.1388888888888889,-159.59160698136156,-177.27204522838227,-48.956002721171856,,9.091945965651476,13.91568718109343,11.74150438626692,
GLU,-120,90,8,36,0.2222222222222222,-66.870536068184,-176.61119467749492,22.477635784102972,,10.571048532606932,10.3760264007891,13.974814758567497,
GLU,-120,90,6,36,0.16666666666666666,-64.63588745746439,176.10809710598159,-55.63115906390357,,7.5324873071266465,13.539198098646196,14.463819346310132,
GLU,-120,90,9,36,0.25,-46.703258380383026,-59.534175343881145,-24.558854961832814,,15.07443735137965,14.144768331527027,15.067526162036003,
GLU,-120,120,5,158,0.03164556962025317,65.72993118763284,176.51814068956563,-45.444907194730916,,3.723749976573823,3.9011864013361723,12.823529807846953,
GLU,-120,120,7,158,0.04430379746835443,-174.26589755739155,70.34344733649218,41.97441767473352,,12.069484175915854,13.518164593064803,11.132307309821066,
GLU,-120,120,24,158,0.1518987341772152,176.19524238931885,-179.97872839540867,26.45320934947852,,8.58427862748072,9.536118799094046,17.820312463087596,
GLU,-120,120,40,158,0.25316455696202533,-176.956753946511,-176.09053339657785,-32.893181255178405,,7.677214803723241,11.694474802225203,16.264243363880205,
GLU,-120,120,24,158,0.1518987341772152,-64.31041761042006,178.14503671278962,40.87182168157877,,13.411837734820642,9.812467025803631,18.990448843943128,
GLU,-120,120,20,158,0.12658227848101267,-61.61949427021675,-176.22321461681514,-30.03363322401676,,6.744745747546682,12.864365115491212,17.095537593563545,
GLU,-120,120,19,158,0.12025316455696203,-54.53504379483169,-66.58341466297246,-20.802322135782184,,22.371121215818658,24.7256287658334,16.30591005455122,
GLU,-120,150,17,197,0.08629441624365482,59.40982293822931,-177.888068917442,45.338562707407526,,11.726241800075298,8.30306066593892,19.612765685938815,
GLU,-120,150,11,197,0.05583756345177665,61.80710210165025,-175.2116377271975,-34.224004005559664,,13.765400062522273,5.981318649246142,21.040297432332924,
GLU,-120,150,5,197,0.025380710659898477,-160.10721556462514,57.279276016790725,-76.22858245958005,,20.69710430595533,3.887603691435636,5.425751530176746,
GLU,-120,150,15,197,0.07614213197969544,-170.32231514889247,178.0881435173483,47.213468799894855,,13.644564275079302,12.999943015223355,13.727258010041966,
GLU,-120,150,12,197,0.06091370558375635,-170.74154453716162,172.74635111725974,-20.270821761349836,,12.660968735772249,10.237717728201625,13.652040452934429,
GLU,-120,150,36,197,0.18274111675126903,-65.74581788410366,175.8083271276827,28.69923617095158,,8.249813077096146,9.588433093060493,19.130949302200694,
GLU,-120,150,39,197,0.19796954314720813,-63.368050002378965,177.9797000029604,-32.073908375492145,,8.16373857093606,7.733667327093192,13.522491837282102,
GLU,-120,150,10,197,0.050761421319796954,-63.97507341225804,-84.74409457548667,37.441850184666414,,13.8596400020284,13.780826649177614,17.286541257050146,
GLU,-120,150,41,197,0.20812182741116753,-52.97946008888943,-57.24893638056243,-18.002616481669033,,23.09733853524186,26.33961892892336,16.023735260442056,
GLU,-90,-180,5,29,0.1724137931034483,-65.26962862765869,-170.9017028156184,36.4931099178882,,11.570994866526448,18.34103267751833,21.012496133218495,
GLU,-90,-180,6,29,0.20689655172413793,-56.40992863779861,179.7979814935956,-51.44718759559024,,3.9604241619882035,10.43388973535188,20.0222794181462,
GLU,-90,-180,7,29,0.2413793103448276,-61.2167971835092,-66.08746316814346,-32.69073313725833,,13.120306363807236,8.38904793198559,14.080284099694243,
GLU,-90,-60,6,58,0.10344827586206896,-166.63131607282097,66.69759688655849,21.61379809135271,,11.690000711399316,7.621805075958706,12.147388685050414,
GLU,-90,-60,7,58,0.1206896551724138,-172.48401946857965,-175.39169984272908,-56.48708780055851,,14.859757785640289,9.332576675143358,11.726045257915276,
GLU,-90,-60,5,58,0.08620689655172414,-82.99160053010598,171.24947769626397,44.56532297362147,,10.632750387232702,12.437589640755645,13.7547091682743,
GLU,-90,-60,8,58,0.13793103448275862,-62.64576953934527,-178.00393001503335,-33.422583719116936,,8.06630977902931,11.026487782499322,16.05223346110676,
GLU,-90,-60,19,58,0.3275862068965517,-48.981796732243644,-41.74873639674422,-36.7847178604367,,27.978447543524766,26.284514338744128,25.392924259453796,
GLU,-90,-30,12,327,0.03669724770642202,61.5803319656366,-174.27012287395596,26.055330158082334,,20.582703018180066,11.05754386816772,15.198761917420752,
GLU,-90,-30,7,327,0.021406727828746176,56.41448714188596,-177.18408892017715,-40.806662214795836,,10.863478443902283,9.640086235123553,28.325857028916136,
GLU,-90,-30,5,327,0.01529051987767584,73.53639721034614,-84.31404818211831,31.733049325093845,,13.25080666497089,8.123886878364885,16.66235497653455,
GLU,-90,-30,30,327,0.09174311926605505,-163.4958051890837,64.08781467508152,36.350674371155364,,13.813066298087264,7.6562606502525545,15.89617927058746,
GLU,-90,-30,7,327,0.021406727828746176,-165.1003383957688,85.01676620612051,-45.1343779078436,,12.28787514429505,10.575114033645407,18.746272654085224,
GLU,-90,-30,19,327,0.0581039755351682,179.5003673911553,178.58870545680938,38.286763539582886,,14.135880778085795,14.411092966522222,17.96016260403784,
GLU,-90,-30,29,327,0.08868501529051988,-174.12824674059001,-176.8036065998843,-34.07899814255511,,13.646247025203873,7.450567261636978,21.278345672348205,
GLU,-90,-30,5,327,0.01529051987767584,157.35898825244743,-98.28257970662331,-51.30140630474849,,13.29436256649138,7.970466426759014,8.879518555608275,
GLU,-90,-30,16,327,0.04892966360856269,-62.93136691899341,78.32516923574248,25.893733221052354,,9.196086118890642,7.831777595803757,15.708882504357613,
GLU,-90,-30,6,327,0.01834862385321101,-68.00602293604143,88.20436985141352,-30.508327098416753,,10.861486651220861,5.7916804468748335,14.686172528118036,
GLU,-90,-30,57,327,0.1743119266055046,-65.74244308771802,176.262512124464,24.792532610681242,,7.43439791631608,12.319129131966825,18.079323136682266,
GLU,-90,-30,55,327,0.16819571865443425,-63.258701944356645,179.27107224152238,-29.681898893240096,,6.18060804063068,8.534110886134831,20.173670218540707,
GLU,-90,-30,9,327,0.027522935779816515,-65.98413770048496,-77.5803854478834,61.04806044009415,,12.665355326159107,10.021622564191365,13.587890559793546,
GLU,-90,-30,67,327,0.20489296636085627,-55.10470667033485,-51.16002112922299,-26.603800441978738,,27.09322890138889,26.04323065182818,21.717676436443682,
GLU,-90,0,11,235,0.04680851063829787,61.97085678114941,-170.9262347035739,47.32191067138313,,14.50098838972256,16.07826672832774,16.502389005587116,
GLU,-90,0,11,235,0.04680851063829787,59.5846324100629,-177.16673743874892,-29.787645698293737,,9.525863371513788,15.188654701269366,19.268362767079445,
GLU,-90,0,10,235,0.0425531914893617,72.49769184090857,-87.93946025735517,24.877939522815026,,5.679237559167942,6.423222868295014,19.809143435996244,
GLU,-90,0,9,235,0.03829787234042553,63.243963113834475,-74.88542919294419,-27.136032214083052,,17.756799385294403,8.671777831831703,16.318496170078742,
GLU,-90,0,6,235,0.02553191489361702,-145.09143511732506,60.31863422418998,49.6046832356891,,7.791882111400516,13.601936574187652,10.468184764438872,
GLU,-90,0,5,235,0.02127659574468085,-154.0883411337166,-160.9958826851542,39.78439961083397,,9.883901272479624,12.3728671339145,24.234689232624618,
GLU,-90,0,10,235,0.0425531914893617,-176.261883372777,174.6622901253112,-25.054992665471854,,13.622901026285584,9.670723169045795,17.59932603214137,
GLU,-90,0,18,235,0.07659574468085106,-72.03666029713165,72.04629180857914,43.54633056994008,,13.616248977964716,10.769665096798944,15.369298378427098,
GLU,-90,0,7,235,0.029787234042553193,-68.26714529108769,77.1303202270429,-36.087239930902655,,15.118215963196045,5.82405803685782,27.601611026363493,
GLU,-90,0,56,235,0.23829787234042554,-68.06230507244146,174.45243866815483,34.17825672266127,,9.997918560570138,11.529164915371073,18.84238061485992,
GLU,-90,0,42,235,0.17872340425531916,-65.24872475985526,179.79959231558024,-32.73224106493525,,9.330690092861024,9.519871436518264,22.187433480914027,
GLU,-90,0,10,235,0.0425531914893617,-58.430314407251785,-72.92425799602049,31.502025398782532,,7.445661927792293,10.922620457118503,23.745613305763083,
GLU,-90,0,38,235,0.16170212765957448,-60.27239571876244,-56.33371089421566,-36.500474275865066,,14.911726899002177,16.771486160622803,22.93513320950748,
GLU,-90,30,7,25,0.28,-64.35594023487727,178.36810046281192,-28.836903324110224,,6.96893805192352,8.42055140363751,18.756158525867725,
GLU,-90,30,5,25,0.2,-55.23647173296114,-56.943984238474734,-20.798996637516787,,13.827889834275984,11.902786276789342,23.140342729457462,
GLU,-90,60,6,20,0.3,-62.00635691078603,-53.68899013128369,-45.432323367499635,,6.595426569968821,12.297122392640153,8.787171099627857,
GLU,-90,90,7,41,0.17073170731707318,-179.49856736502474,174.2348848263216,53.36256802406496,,3.8749392307889643,7.323878033916886,17.075664123767787,
GLU,-90,90,8,41,0.1951219512195122,-64.49818654564322,170.7292944427907,24.321887338706134,,6.977618344463955,11.906376346538455,21.728994434638725,
GLU,-90,90,10,41,0.24390243902439024,-57.423937731752375,-64.42250921268001,-15.666448714466387,,29.10868806463981,24.936036703443516,18.524813988162357,
GLU,-90,120,15,175,0.08571428571428572,-168.14271210383382,72.17091064864788,51.867931979092155,,11.009712479321177,7.507858240201579,11.92082399545489,
GLU,-90,120,29,175,0.1657142857142857,-177.5685103612347,-178.8788629034055,49.5025454210286,,7.9064107846010305,6.237877414058522,20.551609375409246,
GLU,-90,120,40,175,0.22857142857142856,-175.14871276319255,178.6465113998026,-30.02208355490193,,8.55255298419996,10.295860082358528,20.535161333846403,
GLU,-90,120,19,175,0.10857142857142857,-64.77312541870455,175.64746098526646,37.98563991056073,,10.879129809179767,6.872267983222549,24.057979325711276,
GLU,-90,120,26,175,0.14857142857142858,-68.8182537224199,-177.58005343530078,-31.728074657632614,,5.924439994772612,10.484954212402725,17.731433350546226,
GLU,-90,120,28,175,0.16,-52.741706450730845,-61.19314891441965,-18.81860390080623,,25.32416032965634,27.20318955670186,16.341943440783584,
GLU,-90,150,5,191,0.02617801047120419,72.9663872920187,174.8313015998913,-57.305009192848715,,12.067878820306161,14.000194247142412,18.039942255235957,
GLU,-90,150,11,191,0.05759162303664921,-161.46920322321637,70.01789733311776,33.50517924400276,,10.297290043652328,7.333198567161134,16.23841357332337,
GLU,-90,150,9,191,0.04712041884816754,-164.12747393979913,173.7523763369637,27.52146751371296,,11.184391426282106,13.290299161764985,17.38499136042155,
GLU,-90,150,21,191,0.1099476439790576,-166.10579460213208,178.265466609489,-32.59046753725811,,10.021816270419889,9.592075585083155,17.687464332714647,
GLU,-90,150,36,191,0.18848167539267016,-64.22756328426802,172.80835148044727,41.92816037023263,,9.167736294627925,11.614078497503806,14.557422092615168,
GLU,-90,150,39,191,0.20418848167539266,-64.02652783361852,-177.02873863780496,-31.57758940226098,,8.118786982391615,10.394941955500155,16.521709882352287,
GLU,-90,150,5,191,0.02617801047120419,-69.59916893126835,-70.53956907079102,9.23229183950047,,9.439321936680399,2.1674377550687036,13.964170635233222,
GLU,-90,150,52,191,0.27225130890052357,-56.45747012606668,-60.97056260507314,-32.877047066339046,,16.91384111715032,19.59074390303183,22.486802376681375,
GLU,-60,-60,5,745,0.006711409395973154,46.03262943820383,170.108728288645,52.588603620054535,,12.135212606299952,12.774184920179621,7.617182429136861,
GLU,-60,-60,8,745,0.010738255033557046,66.22048070170993,-53.56250664380546,-45.88769042998794,,16.47785484803956,5.642896638203601,7.680042730019956,
GLU,-60,-60,61,745,0.08187919463087248,-172.41288075776893,62.17062614565526,45.4553402702842,,10.831947728752098,9.449085097846696,18.478405714875997,
GLU,-60,-60,21,745,0.028187919463087248,-176.4614248389337,68.99812427605208,-28.2929060114124,,14.935763640506499,9.636794020332594,20.914905385376855,
GLU,-60,-60,117,745,0.15704697986577182,-175.36422995027192,176.57271282298314,30.5061205831964,,11.198152531147622,9.738937259662116,20.629183675400455,
GLU,-60,-60,121,745,0.16241610738255033,-172.30337692598027,-177.7050888779089,-37.05955609503839,,11.15089104971269,9.307494113267705,18.231418003209473,
GLU,-60,-60,15,745,0.020134228187919462,-160.18900174408014,-74.47603870824216,-37.07946319727839,,17.741354654066157,16.984875627531345,21.221337589026145,
GLU,-60,-60,30,745,0.040268456375838924,-71.78287068680409,74.56841035006848,39.63726196306525,,12.716366397334946,9.98852001068876,20.942457092943375,
GLU,-60,-60,19,745,0.025503355704697986,-71.80474282321251,84.76388914787476,-34.49241406438872,,7.362339992778773,7.364085474283247,24.364691153217954,
GLU,-60,-60,138,745,0.18523489932885906,-72.85454080712813,174.9694448032197,29.565092064024466,,11.100258346922356,11.285820484132499,18.670264691425345,
GLU,-60,-60,91,745,0.1221476510067114,-68.3806024470488,177.85497626889742,-33.071408257985965,,7.8141653948423455,8.629804671086173,21.13956240322445,
GLU,-60,-60,12,745,0.016107382550335572,-77.14944050643129,-82.33389448346226,46.092051562173296,,15.113708343580527,12.798711018146756,24.26653860296727,
GLU,-60,-60,100,745,0.1342281879194631,-58.80288207739521,-49.05198044895734,-25.117790040787092,,32.566886516689806,25.145269891401796,24.035824065228574,
GLU,-60,-30,34,1940,0.01752577319587629,60.53928335276074,-178.51148588473475,34.27981619042719,,9.611417292156881,10.839458052792091,23.2559342668015,
GLU,-60,-30,39,1940,0.020103092783505156,66.1172357862128,179.2641451770207,-43.64496555057281,,8.301599228024786,10.2508177906626,19.728838047313282,
GLU,-60,-30,28,1940,0.01443298969072165,55.81429977356417,-88.85175479434648,32.67216544071071,,7.375398614575423,6.292851598378556,14.412732561422757,
GLU,-60,-30,26,1940,0.013402061855670102,43.296338576760824,-79.48101184287124,-41.993953733106494,,14.752825291161367,13.159807502342236,14.124611405979374,
GLU,-60,-30,182,1940,0.09381443298969072,-170.75780295448251,63.362122284159966,32.297195046981095,,10.988344612698683,7.81041447410692,14.973578384449132,
GLU,-60,-30,32,1940,0.016494845360824743,-174.29025262779683,77.00964655843455,-29.042766766089088,,12.243588223346112,10.177600020858936,22.71718398934567,
GLU,-60,-30,183,1940,0.09432989690721649,-177.3272405836921,178.38484059785628,29.998468808289235,,8.904502988738408,10.507003494774043,18.87618061099344,
GLU,-60,-30,214,1940,0.11030927835051546,-175.9015282601891,178.37157493987414,-30.018830221173364,,8.265991108963437,9.723902816120924,18.284029720641776,
GLU,-60,-30,6,1940,0.003092783505154639,-170.6992638853543,-97.5757637716978,33.74746496841281,,25.21805631458732,5.8746414647536005,24.913252797537044,
GLU,-60,-30,58,1940,0.029896907216494847,-169.1574842166725,-83.6452821545149,-22.26201071505022,,12.159300483804595,14.855547471326924,16.721266932670307,
GLU,-60,-30,84,1940,0.04329896907216495,-67.24140489578403,75.53762280719198,34.65791962698419,,12.71642747941283,8.18185020618942,20.673140327676226,
GLU,-60,-30,81,1940,0.041752577319587626,-65.05120495575707,87.65624660362931,-26.76176661952916,,8.148616153629476,7.355933139437067,19.03389814164469,
GLU,-60,-30,270,1940,0.13917525773195877,-69.89986792556486,177.1651385313516,29.164475601599236,,8.86232472610903,10.700782382739389,20.623637882542454,
GLU,-60,-30,349,1940,0.17989690721649484,-68.63659660547475,178.88399129926833,-27.09379913842272,,7.506263829730401,9.527619585876518,17.32600051453921,
GLU,-60,-30,48,1940,0.024742268041237112,-67.77068173111311,-78.99749216242925,27.75401952794687,,7.886168478732122,11.44611456379776,19.739912667414586,
GLU,-60,-30,302,1940,0.1556701030927835,-56.09121290906494,-45.21991381278352,-23.39054066266922,,29.18498838443045,27.77954603598921,22.98696727244854,
GLU,-60,0,10,113,0.08849557522123894,70.73681323469741,-178.09518353541955,50.877691342297716,,5.481925013408599,9.983711717577027,26.216983382832694,
GLU,-60,0,10,113,0.08849557522123894,66.03313924924062,177.47943431952325,-35.18623003678216,,8.548648241002883,9.75266614120737,17.9934945336417,
GLU,-60,0,10,113,0.08849557522123894,67.16522482468476,-93.73387428870515,26.691828586317556,,3.894936836708703,7.13078046596784,8.271516085361851,
GLU,-60,0,5,113,0.04424778761061947,48.733096727255315,-72.30061829119066,-55.89746478204699,,22.726299970558696,5.561019902462226,3.7593471535482204,
GLU,-60,0,5,113,0.04424778761061947,-143.44482089485095,161.33953215796927,-28.92081700963695,,13.026810874099715,14.813772582419544,18.011280338826413,
GLU,-60,0,6,113,0.05309734513274336,-66.75935061236866,81.31357984082166,-55.23786939755528,,8.662889621696198,4.92596060897493,12.945445193305767,
GLU,-60,0,15,113,0.13274336283185842,-70.97752293269214,178.13238519590072,32.399938109487714,,5.892092534163271,12.755639651413537,15.158817193683808,
GLU,-60,0,20,113,0.17699115044247787,-60.16870816560467,-178.47386659648313,-20.275719038967008,,9.95670053691341,10.528003379811334,16.274025417539516,
GLU,-60,0,17,113,0.1504424778761062,-58.19859178722813,-49.87451344025621,-45.372530610304764,,22.10184800873075,25.67571010524562,30.80069538991133,
GLU,-60,90,5,13,0.38461538461538464,-35.00230577519903,-46.97754720463337,-17.408744398781028,,27.14961568659228,29.295356096409368,16.374909230591527,
GLU,-60,120,12,141,0.0851063829787234,-168.64836515347184,71.20603706221878,36.42690992403263,,10.120503546426107,10.591968304583203,15.225717061775295,
GLU,-60,120,27,141,0.19148936170212766,-172.86045123754784,178.43723616621995,34.89370353630622,,9.817623660780274,7.659055352643225,17.83610605466641,
GLU,-60,120,27,141,0.19148936170212766,-173.1435452262666,178.5626188713025,-33.859077216320266,,6.71183984366505,8.539729150726265,17.041134458456646,
GLU,-60,120,16,141,0.11347517730496454,-69.00988071674585,179.2670286027007,39.888427579012244,,12.81074372257091,9.515456354540383,22.59325793540989,
GLU,-60,120,15,141,0.10638297872340426,-74.41139986540313,-176.26453376992214,-39.88195733043576,,7.405159793324442,11.135646697723216,23.953671147846208,
GLU,-60,120,23,141,0.16312056737588654,-22.882587752653407,-15.975326007177351,-12.280708263265009,,33.869547575258885,29.248729277428247,22.171809912568605,
GLU,-60,150,9,234,0.038461538461538464,61.69849118840913,-176.71376004931724,29.093970074490038,,8.62957619992332,13.11566077907868,19.827632698246987,
GLU,-60,150,14,234,0.05982905982905983,63.69787648324089,176.16731766727668,-31.576505889043325,,9.977742427148746,6.892776975487631,16.492441886984217,
GLU,-60,150,11,234,0.04700854700854701,178.50032854401834,69.05233046720068,27.492232578980584,,11.973991671880768,8.72348465866855,13.595132458435117,
GLU,-60,150,30,234,0.1282051282051282,-174.61282387790035,178.60676221308194,32.959228910269424,,9.741927239309938,7.750375340081959,19.5067822848948,
GLU,-60,150,22,234,0.09401709401709402,-170.0588348606092,-175.23619574906326,-22.503499805452243,,8.904116327450518,8.870264683279146,13.059310305994867,
GLU,-60,150,8,234,0.03418803418803419,-74.9160777710225,74.84071477933716,19.903061561268622,,11.62002993015953,5.555239156023688,8.063196955676851,
GLU,-60,150,12,234,0.05128205128205128,-63.282447873096075,89.31157397109412,-36.2165605973484,,13.680336217234347,6.147826956285751,24.789957081986483,
GLU,-60,150,32,234,0.13675213675213677,-67.41052921621052,177.70241842639166,43.5032794301101,,9.594591933762793,11.425092010549868,19.71103276990344,
GLU,-60,150,22,234,0.09401709401709402,-64.36007784358033,-179.1232499981637,-27.420250589619776,,7.12376412818777,10.99772828079545,18.42654801724036,
GLU,-60,150,13,234,0.05555555555555555,-66.74658284883104,-86.20874374926083,33.51777428085039,,9.75525220231802,11.439187514840619,25.433398309915244,
GLU,-60,150,48,234,0.20512820512820512,-58.770321679947074,-61.07216448098537,-28.826597562230244,,16.40046225444898,19.691337573838062,21.695147516489538,
GLU,-30,-60,5,34,0.14705882352941177,179.03691193496175,91.43226663292782,46.70833173477135,,9.675632103459991,12.630675991011726,29.631850612066792,
GLU,-30,-60,5,34,0.14705882352941177,178.46376087280495,-176.28156230765762,55.85719447260987,,9.936056219603701,5.039975102733565,17.525750216009882,
GLU,-30,-60,5,34,0.14705882352941177,-84.04296506112621,-176.08877623265482,43.20026067090167,,13.385229416437996,11.335749143932782,15.755951144908423,
GLU,-30,-30,6,29,0.20689655172413793,176.33757284285466,173.7610180804984,53.85021648600242,,14.666522843503863,7.016569517493342,15.546990354525253,
GLU,60,30,14,53,0.2641509433962264,-60.85517600912589,179.08206258218877,53.41687823690335,,9.734953113486116,18.85437637823283,16.284326644602483,
GLU,60,30,15,53,0.2830188679245283,-61.933137308325556,-174.4836949683816,-46.3195121484453,,6.0785893794268775,7.0455779628553055,19.72489542246045,
GLU,60,30,14,53,0.2641509433962264,-59.55584920438579,-67.67629247824853,-45.59068039674519,,11.761227176764008,10.215663897815219,17.03629107708247,
GLU,60,60,7,22,0.3181818181818182,-66.28445354810381,-179.40038168961746,-31.435244987843493,,7.742314465505399,13.546174890539719,16.50910483177898,
GLU,60,60,5,22,0.22727272727272727,-58.11584067863206,-71.24283604411755,36.86370923051149,,12.626964813643529,6.426745915424288,29.4283723654043,
GLU,60,60,5,22,0.22727272727272727,-63.40041622154935,-61.689847660044414,-21.28450670878111,,14.429812817585734,4.487470003058289,15.405560401816658,
GLN,-150,120,11,46,0.2391304347826087,173.15623569679354,76.60273093937347,40.519445005382565,,18.494720819337996,9.07139843245716,16.926868591807477,
GLN,-150,120,12,46,0.2608695652173913,-172.92886192536488,179.10284188859825,53.72874342798203,,7.027599482374673,11.925212158855254,20.322114620750664,
GLN,-150,120,11,46,0.2391304347826087,-177.04985856301045,178.20851210080002,-41.385202100825644,,8.141766280048417,5.32734311541772,24.06764767846702,
GLN,-150,150,8,84,0.09523809523809523,61.808382495407244,-172.8316952537561,65.0832709351781,,5.741141500709325,9.096815168349313,17.206875374764227,
GLN,-150,150,5,84,0.05952380952380952,55.04762495473063,-174.06976460840912,169.55927675347735,,8.377527008285382,6.616132522882417,12.699059067696204,
GLN,-150,150,12,84,0.14285714285714285,66.03910195288277,-179.0747020614208,-58.87408432732475,,8.755519935674043,9.860794026871003,22.07898615677059,
GLN,-150,150,10,84,0.11904761904761904,-174.0229159015955,174.46033853225097,52.87299039087245,,10.277730704845775,10.54582007321599,21.685579185651985,
GLN,-150,150,13,84,0.15476190476190477,-177.3315231299287,-179.0458038974433,-32.22574594425487,,7.2432529189440995,12.06841802140958,20.249972531483596,
GLN,-150,150,7,84,0.08333333333333333,-60.19920011880082,-171.27372942720734,30.258406431211025,,15.171117990928877,10.013159150692848,9.589538609164359,
GLN,-150,150,12,84,0.14285714285714285,-63.41273781884614,-177.79796613295517,-50.59648040644351,,5.402064647705357,8.475383456151203,33.52092756864402,
GLN,-120,-180,6,13,0.46153846153846156,-54.84487146521675,-57.5398458167721,-45.47817160787119,,10.178561564345321,9.910623072112656,13.765640139799647,
GLN,-120,-30,5,24,0.20833333333333334,-61.616877782508006,-177.95667333436816,-26.198528808564024,,4.810822804148768,1.4352483185276086,23.828556230001283,
GLN,-120,-30,8,24,0.3333333333333333,-46.06676321003588,-49.34001883991701,-37.15846198717555,,26.83417253057547,29.343799189863862,23.704197381147008,
GLN,-120,0,12,34,0.35294117647058826,-69.73562654592043,172.75873786795145,49.249976494063866,,11.97075017010855,7.963016417253786,15.76940964001752,
GLN,-120,0,6,34,0.17647058823529413,-71.30241762000276,177.38448074383714,-31.454261653014925,,4.418387996437713,10.049616841145463,20.695483287402137,
GLN,-120,0,7,34,0.20588235294117646,-64.53654126639141,-64.56069306515374,-42.809986165875436,,7.794879851050285,22.430070561851572,20.402459263592167,
GLN,-120,30,9,27,0.3333333333333333,-64.15687521652346,179.84965894258477,25.55536008380721,,8.350832501752704,11.229755982589557,17.051808677755954,
GLN,-120,30,6,27,0.2222222222222222,-69.08728453264773,-175.70358962988809,-52.97476217400678,,2.1208239902354484,8.252679726376007,22.555315537413538,
GLN,-120,90,6,34,0.17647058823529413,178.52497171284085,73.29039511427194,42.48357658087779,,15.180041538128979,4.457286221554997,21.577211233303498,
GLN,-120,90,5,34,0.14705882352941177,-69.43222478083963,-51.225871097071945,-17.006042898642786,,13.839627189573031,31.550622413413286,15.53314000922914,
GLN,-120,120,7,92,0.07608695652173914,178.10924527459906,71.79677677485157,55.13001238405137,,4.5736644817988426,8.147854919279276,22.044928771337545,
GLN,-120,120,15,92,0.16304347826086957,-174.41760423117543,175.5735384823276,46.64844216993321,,5.242478188989281,8.84875991709667,19.073070489810103,
GLN,-120,120,6,92,0.06521739130434782,178.1095353029868,176.47911814970178,-151.9207116916913,,7.191970082729896,6.04162489993945,20.117858736496842,
GLN,-120,120,9,92,0.09782608695652174,-174.4428554874703,179.95815591064076,-57.11782318270324,,16.29788169051498,11.323599508690748,22.062154917370485,
GLN,-120,120,17,92,0.18478260869565216,-67.1777620435871,173.05517345240483,50.988671207859824,,8.435687174008612,14.71018524443952,20.989452828813494,
GLN,-120,120,13,92,0.14130434782608695,-65.99799109998223,-176.95848295595076,-28.133564276246712,,8.34733359715487,9.317223812928829,14.477732307222725,
GLN,-120,120,6,92,0.06521739130434782,-68.3548483940812,-64.5662659524304,-41.564953560240326,,11.818442958862532,12.658046687892325,14.571109775525548,
GLN,-120,150,7,119,0.058823529411764705,54.90630398896798,179.3884330037616,-41.04863745582196,,3.541571717003292,3.7279971312382116,27.858814789399283,
GLN,-120,150,6,119,0.05042016806722689,-175.13346098651078,176.41786506454966,-23.70093161878188,,10.624458844291368,6.9150282516000114,14.69486866182515,
GLN,-120,150,31,119,0.2605042016806723,-63.55905578923094,-173.44880553934667,56.72005919587815,,6.732658068588042,9.09789355782783,24.099145816085358,
GLN,-120,150,5,119,0.04201680672268908,-64.99983492630669,178.79555859874995,163.11800432718402,,5.0651233164785525,4.939877123800634,15.326607759404547,
GLN,-120,150,21,119,0.17647058823529413,-62.08577611840434,-179.78287519488507,-37.85515063996448,,5.457043852977604,6.2694384726753025,16.310326103505727,
GLN,-120,150,6,119,0.05042016806722689,-68.09055221858084,-83.41123261504734,77.1585795159976,,10.916742186338745,7.57157118819331,32.10555047739244,
GLN,-120,150,17,119,0.14285714285714285,-61.346912327489505,-61.39640737261414,-43.537758422450295,,8.866516952150342,18.16067834793928,17.902994605863768,
GLN,-90,-180,7,29,0.2413793103448276,-60.74043825927232,-178.4135562663696,-67.10949372148787,,9.724290358257695,4.339024150224455,8.935982114125176,
GLN,-90,-180,11,29,0.3793103448275862,-55.54721185014235,-41.394056642410135,-44.21634816916238,,19.31225474965586,23.263919581695067,27.234286349308718,
GLN,-90,-60,5,23,0.21739130434782608,-57.63268663687248,-169.8218466453349,-25.28197940266168,,8.967882061122852,2.5695415444818392,21.74600191542933,
GLN,-90,-30,6,166,0.03614457831325301,65.46867858483148,-169.0671257724419,-22.37527659173155,,7.597783036137872,9.769634632699708,14.6130391683806,
GLN,-90,-30,9,166,0.05421686746987952,-169.66762928601014,64.61270675538037,54.16704377460205,,9.69552556415301,7.417331802202334,12.752389849983524,
GLN,-90,-30,13,166,0.0783132530120482,-171.68399876069944,177.81101876144606,43.25140886308424,,7.44755329368024,5.050575573598861,27.353019039286522,
GLN,-90,-30,7,166,0.04216867469879518,-173.91328144112794,-173.71439941779863,-21.862572189964936,,14.592042420934954,18.573290725175603,22.475627595204006,
GLN,-90,-30,6,166,0.03614457831325301,-75.35852704181931,75.68131895694833,38.070376448718434,,5.657188214069565,13.318659622889497,18.93198708225608,
GLN,-90,-30,5,166,0.030120481927710843,-58.1245173222834,104.31937149050577,-58.658859681328956,,5.084924336343982,8.191638765297007,19.397785108698592,
GLN,-90,-30,22,166,0.13253012048192772,-64.2776291118147,-179.12155088170576,46.30609137840267,,7.320125575697118,8.943358647236238,18.11100712345945,
GLN,-90,-30,33,166,0.19879518072289157,-67.728721041397,177.31442969736517,-48.484599892482244,,6.986059492733689,9.129371737576786,18.487428643147187,
GLN,-90,-30,8,166,0.04819277108433735,-63.33943981385402,-65.49581710519087,84.09924535820014,,9.82603095261145,11.837133492675084,24.445962279442227,
GLN,-90,-30,28,166,0.1686746987951807,-58.34804650241022,-63.65876408191574,-42.396824413254045,,9.387999690666222,12.062987571240498,15.592514746479063,
GLN,-90,0,6,128,0.046875,65.59766682192313,-172.66811788657677,43.88982554688876,,5.31441683031804,8.744259112943192,16.172730436220377,
GLN,-90,0,5,128,0.0390625,-63.13798348009215,89.46303402597302,51.98170984897791,,8.366164569117233,12.185962057194283,15.076944664620923,
GLN,-90,0,22,128,0.171875,-63.144242898904686,179.6089112896831,36.9658628859516,,6.8955379703206505,10.138826570707707,16.392881316719112,
GLN,-90,0,13,128,0.1015625,-62.402094203608875,174.76841521502266,-39.42679350402868,,9.048583072667888,9.45057345624452,20.273267046737395,
GLN,-90,0,11,128,0.0859375,-56.15466491703512,-67.51912472090075,64.81782335190661,,6.60880652569392,12.49875168987201,33.07004126816566,
GLN,-90,0,5,128,0.0390625,-67.87785194039894,-68.22451881067285,142.0267605754637,,4.809139286954482,7.942766659700377,11.721196631019076,
GLN,-90,0,43,128,0.3359375,-57.11244589496548,-60.7544449866825,-47.996279934721464,,13.513249762714276,13.733477870425844,19.068589705482985,
GLN,-90,30,7,19,0.3684210526315789,-57.41165250023878,171.69012393732015,27.395654981605574,,8.177826039993821,6.454285866237172,25.251709297304554,
GLN,-90,120,11,120,0.09166666666666666,-179.79453194558621,69.80198966667194,45.05312751476772,,12.234327608891785,9.03679794256268,14.410339310899296,
GLN,-90,120,6,120,0.05,-176.0842642769556,63.55921381517361,-144.83989872919136,,17.328632027175253,12.891633786228985,25.10406091473149,
GLN,-90,120,16,120,0.13333333333333333,178.79810819452354,-178.49230477596387,55.03787850697983,,4.879412965119251,10.063945919269921,12.577914614872471,
GLN,-90,120,8,120,0.06666666666666667,-178.3977935899291,175.46498261427183,-161.7413598380337,,10.875491486130992,5.309835405613549,21.599957831850055,
GLN,-90,120,16,120,0.13333333333333333,-172.70654653041632,179.09756446618562,-29.853047329644234,,7.260880224265334,7.638225572253744,20.90142297379053,
GLN,-90,120,15,120,0.125,-62.82459460852696,-176.3364166832729,44.46220853510434,,4.795952310725183,10.792640491689367,19.4811525405589,
GLN,-90,120,13,120,0.10833333333333334,-67.23761186810198,177.4371638492124,-43.81265011425081,,9.603961754571273,8.58981099558341,26.01318226081516,
GLN,-90,120,15,120,0.125,-57.00261275948819,-55.89374180511011,-25.976110512427695,,23.415301825855813,21.258193602581933,19.264546043031118,
GLN,-90,150,6,109,0.05504587155963303,-177.5344314648528,-179.56061621662113,54.887031955059776,,3.1603943161808186,14.533702906992962,22.28990135468802,
GLN,-90,150,7,109,0.06422018348623854,-175.85566584578794,-173.56470768708436,-29.830377724854376,,5.403565721594794,6.032101709233796,14.299530437487439,
GLN,-90,150,23,109,0.21100917431192662,-61.39786252641426,179.42576515414967,45.580133998157365,,6.240546611340862,10.192514309408239,25.374562014043917,
GLN,-90,150,7,109,0.06422018348623854,-70.43748090261641,171.14393950023938,-172.4991604610926,,11.178667130473743,9.491549320498489,11.833949478659534,
GLN,-90,150,19,109,0.1743119266055046,-64.2626771028108,177.41828311654268,-40.2852875014252,,4.372364386493996,10.563128434635935,13.181902332856067,
GLN,-90,150,5,109,0.045871559633027525,-58.06839349381384,-74.75140484959338,87.33282381112039,,3.592878587443825,11.7867226610962,36.252572498670744,
GLN,-90,150,19,109,0.1743119266055046,-57.03726747043103,-54.6201933672586,-36.53895166882008,,10.802219208497801,16.898684305765723,20.523440758565783,
GLN,-60,-60,41,320,0.128125,-175.12100864153837,61.98812614886658,51.53547160002684,,9.806994837968654,8.786530732257425,16.796633883805274,
GLN,-60,-60,15,320,0.046875,-170.51819869191786,71.04298916430035,-80.00665969874107,,11.525051877475489,10.01283870422317,23.19143852595255,
GLN,-60,-60,25,320,0.078125,-177.9499720665004,179.6314012368618,41.12022529310949,,9.581094438820694,6.152024564387501,18.876988843590293,
GLN,-60,-60,14,320,0.04375,-177.12621286141544,-177.94896378736726,158.0620690662702,,7.4128646266087195,4.629313643664141,22.09382377772682,
GLN,-60,-60,31,320,0.096875,-170.19802816260022,-178.94725561685163,-41.30832646023474,,12.060054725234131,9.989650712437124,18.738421419625116,
GLN,-60,-60,9,320,0.028125,-176.5330616167168,-81.31180030919599,-36.18937405333813,,11.491316571330035,21.97290492533132,21.155227130040966,
GLN,-60,-60,9,320,0.028125,-73.61224115316044,87.90955657162557,-56.84242339991863,,16.887148331955355,19.42588995915707,25.018792128395702,
GLN,-60,-60,58,320,0.18125,-70.72249948991657,178.4514180336232,41.87956783663498,,6.8761138271468525,9.846692139889518,16.14726945198525,
GLN,-60,-60,20,320,0.0625,-72.69264195863147,174.92593889553132,-171.07875830117936,,9.347707859437474,9.285760097258565,20.837462884261583,
GLN,-60,-60,46,320,0.14375,-70.23589613838348,-179.83299196111966,-44.73895401780009,,8.274032369594885,7.571414848612009,18.613197334818675,
GLN,-60,-60,6,320,0.01875,-73.97408714226114,-62.92050270761172,95.8743795011884,,10.123735315817996,16.514064953233962,12.358998689911365,
GLN,-60,-60,30,320,0.09375,-72.2105693570613,-56.59765121471746,-39.638175523169316,,17.671823068124006,17.856048987869734,19.331454391756722,
GLN,-60,-30,9,870,0.010344827586206896,72.985980006807,172.966380227592,53.34623433319531,,10.601230987888853,14.399630782053965,23.51380594972702,
GLN,-60,-30,16,870,0.01839080459770115,62.672915027477636,177.30838998962912,-54.54669570657463,,5.943407485777401,8.252315708577727,10.475739777598555,
GLN,-60,-30,6,870,0.006896551724137931,51.85449267844382,-88.0299983897297,34.1536507719268,,12.509050190247713,6.376556121961214,14.493986074569081,
GLN,-60,-30,95,870,0.10919540229885058,-172.59620191801756,62.57211080956802,46.33861117548386,,7.325970790005516,7.124840291825537,14.303932280818223,
GLN,-60,-30,14,870,0.016091954022988506,-173.91157907858815,67.24449454868191,-149.46714052937273,,11.669380587004955,9.178447721975889,17.59776435237461,
GLN,-60,-30,24,870,0.027586206896551724,-172.50776375250817,68.57428859225703,-79.2080269658854,,8.462687993396123,9.439121520598292,26.510507808357012,
GLN,-60,-30,70,870,0.08045977011494253,-175.72934012112137,179.42536663878028,52.77706185808654,,8.943517114920088,10.415645643299335,18.305145218099202,
GLN,-60,-30,13,870,0.014942528735632184,-171.2713182030148,173.18007023765603,-176.82587488247296,,8.789241696997893,10.977996477036964,19.848926654895347,
GLN,-60,-30,79,870,0.09080459770114943,-176.1511818586382,179.71529755599516,-34.4126195641785,,9.241112127189755,8.770977114741694,20.58984611431566,
GLN,-60,-30,6,870,0.006896551724137931,177.73052045618545,-95.85867542845777,26.756251664471037,,4.849465505367638,3.408202732268594,17.449540797860813,
GLN,-60,-30,11,870,0.01264367816091954,-170.6738854391958,-87.91528385838431,-28.69250952193737,,4.693884292809406,14.75381069015939,11.544756890302008,
GLN,-60,-30,17,870,0.01954022988505747,-71.99340683390037,73.03180681188799,40.83038058977916,,8.908385709728003,8.265985351801413,17.624022759136142,
GLN,-60,-30,21,870,0.02413793103448276,-71.32317133822629,88.40796432865703,-43.35492471379372,,15.866880912260786,12.618193260964595,18.949331844339195,
GLN,-60,-30,115,870,0.13218390804597702,-69.23280191784303,178.59850711777386,49.987732943593805,,6.8000808054501976,9.65976102291223,20.095316693923067,
GLN,-60,-30,32,870,0.0367816091954023,-70.70611599975003,173.16733431469567,-175.92326806399365,,8.450121091421417,12.930634593750424,19.972489194254017,
GLN,-60,-30,172,870,0.19770114942528735,-70.47677401071155,176.92471905255957,-40.93050293056886,,6.403998931451392,7.208572176025424,18.062436151287194,
GLN,-60,-30,29,870,0.03333333333333333,-68.59432073853206,-69.61985929197886,80.8347807664579,,10.46605191908935,9.842391589242249,25.978473549237705,
GLN,-60,-30,19,870,0.021839080459770115,-67.93843504257131,-66.3870786230718,158.1390330643878,,5.511956702255339,9.372682848033822,20.92767336768074,
GLN,-60,-30,108,870,0.12413793103448276,-63.0717083830043,-51.7875978031328,-33.77199722861498,,21.626078370237515,20.351974532891973,21.39930817540186,
GLN,-60,0,6,61,0.09836065573770492,67.83928321510427,-176.3241626617329,58.57160767750857,,8.064813164549669,8.127974691658261,30.947121004853717,
GLN,-60,0,7,61,0.11475409836065574,-78.56409143720731,177.702334040617,39.52819102711431,,9.10522584519218,9.686709211658972,18.435246648299337,
GLN,-60,0,7,61,0.11475409836065574,-63.531098099286304,173.89395524235766,176.48023901948457,,15.88752053680571,10.185060478572481,16.342347419992983,
GLN,-60,0,10,61,0.16393442622950818,-62.77207770139988,174.52701614171795,-39.94197021425555,,5.90848361913331,8.217536684197315,23.522614085529558,
GLN,-60,0,6,61,0.09836065573770492,-64.25700206550773,-69.72079854620145,-36.8775633429825,,12.689162824510133,19.16549272360815,25.956708652830436,
GLN,-60,120,5,61,0.08196721311475409,-171.83781463421954,69.46603381365219,41.83676968378162,,6.592728759474442,6.54125477137504,13.016606858435612,
GLN,-60,120,7,61,0.11475409836065574,177.37994950358976,-173.57321875867726,-33.10971380108504,,8.75300669518405,10.556629116518963,13.322883042640854,
GLN,-60,120,7,61,0.11475409836065574,-62.9006303989245,175.98915739885578,66.69445487700597,,16.74710736043752,26.755739309043676,20.76589453158998,
GLN,-60,120,7,61,0.11475409836065574,-70.95545450242338,174.62851817650875,-35.1063333420589,,13.466298615465655,9.52061367784755,13.423828932837475,
GLN,-60,120,15,61,0.2459016393442623,-67.38859137031098,-58.970025072929936,-32.301817457109294,,18.640991099069932,14.5540376869671,20.239821965718072,
GLN,-60,150,5,70,0.07142857142857142,60.74401160387759,172.80504796787474,39.61950038655225,,7.711403532390732,5.758856327352532,11.32320615040141,
GLN,-60,150,5,70,0.07142857142857142,-166.27642174297247,67.02953502368887,46.54025775846101,,15.65189494727776,8.028007293975861,12.357229556931108,
GLN,-60,150,5,70,0.07142857142857142,-174.74187782550783,170.86759884868056,30.024659360596413,,14.007866131509399,8.07316096275011,16.961241515433873,
GLN,-60,150,6,70,0.08571428571428572,178.49437249474954,-178.89458508236427,-62.06764793132266,,4.575619688884357,13.558714908170609,26.471925616016442,
GLN,-60,150,5,70,0.07142857142857142,-65.72630502162622,-74.01984444782798,85.61001525558021,,2.6677232007646516,17.50800840923118,29.612016530580377,
GLN,-60,150,12,70,0.17142857142857143,-69.29473220405393,-51.86744359604402,-32.697890486810394,,13.233796868419732,17.694792377065486,19.26742748054141,
GLN,60,30,6,29,0.20689655172413793,-60.76536019691835,-177.3977250645401,29.64932617854489,,4.691947561325775,4.241952925170036,8.122996789374485,
GLN,60,30,11,29,0.3793103448275862,-66.95252397017099,-170.01623594946616,-56.76513749722735,,7.610773703679842,11.901800971081569,12.173421797579254,
GLN,60,30,6,29,0.20689655172413793,-54.84880788159649,-63.925956037549,-54.71502508840364,,4.88046604264506,6.35987339581232,20.388741966316665,
GLN,60,60,9,21,0.42857142857142855,-70.16832503518705,-172.76330059310325,-17.05037296840923,,7.686825597497593,9.844260700664169,9.566157199073482,
MET,-150,-180,5,14,0.35714285714285715,61.7448015885096,-174.58888266984334,73.20370309892381,,3.9937626488635534,5.323488737669067,13.869505739949414,
MET,-150,150,7,81,0.08641975308641975,55.943983622986565,-175.0890679236894,68.65548345554899,,7.350905783915176,13.590092529092853,15.192471590390605,
MET,-150,150,14,81,0.1728395061728395,62.741497025818646,-178.80929034541919,-70.65598057581288,,6.173591388668206,8.695750517376736,11.685741268571551,
MET,-150,150,7,81,0.08641975308641975,-159.99687909572478,175.6925396148924,-83.7481335055725,,7.183459580702309,2.4826409688298066,12.140734432355787,
MET,-150,150,12,81,0.14814814814814814,-60.757478519275196,-173.55477950109426,75.99835799137612,,3.7008427802370645,13.204721011706324,13.23888257533178,
MET,-150,150,7,81,0.08641975308641975,-65.53041612107437,-177.80403195894704,-63.0373912441765,,7.61835304016812,10.10556061090706,18.714024151483404,
MET,-150,150,12,81,0.14814814814814814,-64.90239419781761,-10.343117276080925,-10.192182029994147,,11.556100674368258,29.0734373742698,29.26956054044075,
MET,-120,0,10,23,0.43478260869565216,-60.18645475730197,-43.38259192213251,-48.27458277361238,,7.548403572971691,29.259614028904785,31.92517183684731,
MET,-120,120,7,71,0.09859154929577464,-170.9674860199949,-163.96418688094366,73.62273221761329,,6.118501317921664,17.9451339537221,11.08451230135659,
MET,-120,120,14,71,0.19718309859154928,-179.98591206951394,-176.7323390528567,-83.27861380963117,,8.111822702504803,5.287186423220667,12.83435636903965,
MET,-120,120,5,71,0.07042253521126761,175.8750414763151,0.0,0.0,,7.371628930651987,0.0,0.0,
MET,-120,120,10,71,0.14084507042253522,-59.77001561691543,-175.65036361815686,73.69835264691146,,13.861491325383716,9.314650191881043,11.524685692627527,
MET,-120,120,6,71,0.08450704225352113,-69.87991710832924,-172.23181802513344,-167.5874339499495,,4.757508692040308,7.366872492626715,16.76926258708427,
MET,-120,120,14,71,0.19718309859154928,-62.0658551387881,-175.61294463245125,-66.36598141700186,,8.370269291045613,13.653119156827996,7.793906779945845,
MET,-120,120,6,71,0.08450704225352113,-73.03211926579192,-62.99587541585708,-75.92405159998721,,14.126028028583702,3.6605378812869183,10.660598896344212,
MET,-120,150,8,96,0.08333333333333333,67.1541858328789,-172.05124275727889,71.11223707733507,,6.128525570579397,8.27488584071569,16.587014810113676,
MET,-120,150,5,96,0.052083333333333336,58.589538489564795,-178.26967372212755,-169.13087237077855,,9.978335809924927,2.0983517344770135,29.30506450115649,
MET,-120,150,7,96,0.07291666666666667,-172.3270630721418,-167.9004148290978,74.6686408580427,,4.591208988193264,6.048614304472076,12.047016413528569,
MET,-120,150,15,96,0.15625,-67.90231042730157,178.89819037595953,72.7317628567734,,8.860717296540953,7.7089854782968255,14.067212130336342,
MET,-120,150,13,96,0.13541666666666666,-63.189613047474346,-177.6147021952153,-63.02535140667608,,5.58180021011549,11.668505698935993,14.717185959623285,
MET,-120,150,23,96,0.23958333333333334,-60.08422365169718,-63.01223162773524,-58.506371938991556,,5.741781623605774,19.067289602735023,24.146184755511783,
MET,-90,-60,6,14,0.42857142857142855,-98.27860855471613,-9.862726648027415,-10.264964218205062,,15.946912798579493,24.97274586976519,29.737142538479915,
MET,-90,-30,6,94,0.06382978723404255,-168.5423207751543,-173.5116891186306,59.18798606949401,,4.923412089680871,5.50375966502135,9.149305231596793,
MET,-90,-30,12,94,0.1276595744680851,-66.17103544692178,-175.6577264754173,72.63272466912028,,5.948829996155761,6.944778394617184,11.243073663656602,
MET,-90,-30,9,94,0.09574468085106383,-67.61255126335305,-174.12558688167513,-68.58471717557218,,8.19712801891325,4.092100578841284,16.154899198572984,
MET,-90,-30,8,94,0.0851063829787234,-63.44598346261662,-64.83284853799132,98.19531623759332,,2.9323838435138394,5.225657606332039,7.415500602591659,
MET,-90,-30,7,94,0.07446808510638298,-62.57748004806337,-65.36933982241091,154.92904952879536,,8.099089219950319,10.969355815725073,21.67683000673584,
MET,-90,-30,32,94,0.3404255319148936,-62.80068667622059,-38.8532708836463,-46.33782546819078,,8.523611634001904,25.267959228498636,32.00448747017193,
MET,-90,0,19,82,0.23170731707317074,-61.309429343768024,179.6265945290029,63.409851366622064,,8.77717688892324,9.239494290360263,9.056929989171325,
MET,-90,0,8,82,0.0975609756097561,-62.75812983880982,175.8128382516204,163.19236111880826,,7.024033207659124,4.511680431025441,11.762429385868801,
MET,-90,0,8,82,0.0975609756097561,-61.99815761958078,-174.49041161555303,-69.77324206855934,,5.499309975525885,7.869315964310984,5.471523735226001,
MET,-90,0,7,82,0.08536585365853659,-65.01739075764849,-64.08647877859752,95.2495551632683,,5.764778434760712,5.678010238184635,6.806962080983118,
MET,-90,0,26,82,0.3170731707317073,-62.95348649663871,-54.42641678810505,-67.6407999723853,,9.039478515290929,17.928950618189834,23.565399464437796,
MET,-90,30,7,12,0.5833333333333334,-60.12181353285368,-5.780199959544144,-5.378229035588731,,7.890393883771863,24.62685787314878,26.484704201545203,
MET,-90,120,8,64,0.125,-168.52327594828614,179.32609669936048,161.29861619893364,,16.769271059441785,7.62121575077489,11.916256212911145,
MET,-90,120,9,64,0.140625,-170.82544276113344,-177.79948206485142,-74.6933755044248,,13.158112231294364,7.522246477370987,11.28044378538944,
MET,-90,120,6,64,0.09375,-70.53825994066412,-177.62361596986125,66.9739690136915,,5.6459222297158,12.966929734281809,11.898492025656394,
MET,-90,120,19,64,0.296875,-63.24891875300905,-57.549736724414664,-56.99966543315938,,11.80006725763814,28.4745185572818,26.007677194415134,
MET,-90,150,12,65,0.18461538461538463,-62.09626223287079,-176.39671229382316,70.78497078512136,,7.242061590553687,8.891539952748285,10.54103559178934,
MET,-90,150,25,65,0.38461538461538464,-61.23964006864344,-48.03843110916107,-54.172220291051154,,8.654389766658179,23.315993204468953,29.81305456334211,
MET,-60,-60,14,226,0.061946902654867256,177.97672539449144,60.1079916499788,78.73935314004473,,7.219035216918804,4.243112118232942,11.316424980672839,
MET,-60,-60,28,226,0.12389380530973451,178.4984758447057,177.15791778202458,73.51314221388166,,5.5803148368827635,9.37218416015497,13.26266725991002,
MET,-60,-60,10,226,0.04424778761061947,-163.83569034109865,-179.4919811355528,-58.66160708367576,,9.077074081609593,11.024786111048881,9.598737236144876,
MET,-60,-60,26,226,0.11504424778761062,-176.10696862895293,-41.99454996182563,-36.12012497880005,,7.501411898817697,43.504351706346995,38.322019318031195,
MET,-60,-60,41,226,0.18141592920353983,-73.42753644458942,173.38045482933427,69.55906324073085,,6.682243609020134,6.8703818562067465,8.737422347526334,
MET,-60,-60,19,226,0.084070796460177,-67.15964187462829,-176.73255067358818,174.282179839711,,7.418098892896007,6.234051672368051,13.822644870336097,
MET,-60,-60,15,226,0.06637168141592921,-73.75510144848379,-169.78359541158534,-79.20774280972434,,5.286146709687047,6.846850591702271,19.233770797081455,
MET,-60,-60,12,226,0.05309734513274336,-60.672009983902285,-62.15549077713126,90.89927759988964,,3.725545068733415,6.686125567862348,6.797542336074807,
MET,-60,-60,10,226,0.04424778761061947,-69.38584525144562,-56.68098905612438,162.4154584928634,,10.682396729356736,12.864186877946732,23.513124849326577,
MET,-60,-60,38,226,0.168141592920354,-67.43484980697141,-38.419138101427414,-41.62916278469178,,8.827932258100082,28.15296570385113,32.942345673930575,
MET,-60,-30,8,501,0.015968063872255488,69.33638964639655,175.84980667374282,75.62261447150514,,10.113230111036405,5.051337697961654,11.503329954013857,
MET,-60,-30,27,501,0.05389221556886228,-170.50887781215502,62.178088347432784,78.31464969533971,,9.120722283876725,7.245687870911229,10.497953645521976,
MET,-60,-30,12,501,0.023952095808383235,-161.89718216370386,55.98033375612821,-170.09637829136608,,8.511584990161944,5.899893257061241,15.477788147434708,
MET,-60,-30,6,501,0.011976047904191617,-148.26706797069323,62.01798492085042,-106.4681333945587,,15.586460507553117,4.790381080945236,9.894256570194374,
MET,-60,-30,35,501,0.06986027944111776,-176.02381870543866,179.08065908940983,69.20072119233119,,11.480364569253462,12.041411469578845,11.512208847104874,
MET,-60,-30,6,501,0.011976047904191617,-172.2139439941582,176.06008266405078,-170.16254530842176,,2.0566321933776837,4.504540356839343,12.132667118922225,
MET,-60,-30,26,501,0.05189620758483034,-172.30107767139302,175.55563268431607,-65.44599967791386,,9.316928593291697,10.334893778600144,11.006383176309969,
MET,-60,-30,24,501,0.04790419161676647,-167.15260606990498,-3.4961134877954154,-3.1418428656145467,,16.354219698113834,20.864608360348353,13.526434058958817,
MET,-60,-30,80,501,0.1596806387225549,-69.69159877409156,175.03641371943652,68.61782367967436,,5.737958005912015,6.8283419007589705,9.52622842073056,
MET,-60,-30,35,501,0.06986027944111776,-69.50151061006135,-179.39555922752635,177.5711891858044,,6.585535296449869,6.3580144127029365,14.065758791829731,
MET,-60,-30,46,501,0.09181636726546906,-71.08749274098861,-172.36056185005867,-71.20220275864371,,7.443565037713858,5.279845913961657,14.135221154494118,
MET,-60,-30,30,501,0.059880239520958084,-66.50125132589446,-62.454699275977326,96.17329836234613,,4.34411196773681,9.345153864541738,9.10444447041258,
MET,-60,-30,14,501,0.027944111776447105,-67.35879514182236,-54.67702636680596,164.62659369967957,,5.375927931770464,8.294288285093765,15.524607782573357,
MET,-60,-30,138,501,0.2754491017964072,-70.02718513143346,-50.92254759743323,-58.321252554864685,,8.359143716526788,20.48285508037955,24.339832911610035,
MET,-60,0,20,30,0.6666666666666666,-71.27245905101138,-55.43372767786939,-65.01681108511615,,6.342735171728776,19.26619712193014,22.649461070453476,
MET,-60,120,7,35,0.2,-175.8648235818603,177.4416304738499,-76.10747711496427,,7.681980684966488,5.656379516111083,6.311223216658176,
MET,-60,120,7,35,0.2,-67.26608596712266,-176.80145916128257,56.64121764643405,,7.096844286104821,6.39549430898898,14.385667583142878,
MET,-60,150,7,62,0.11290322580645161,173.80654324790657,170.89223395946902,-62.652830985029745,,7.933836952611629,7.129670229863666,6.0836646339620195,
MET,-60,150,5,62,0.08064516129032258,-63.48104491563782,-178.77366495016298,85.98698429844775,,9.958595001631927,3.3562337863626777,4.962105824057863,
MET,-60,150,6,62,0.0967741935483871,-67.12733192400216,-177.24621009861744,-172.7580699081762,,9.37695602584053,5.02372630189619,8.988441967252268,
MET,-60,150,8,62,0.12903225806451613,-66.18294526447374,-177.14556697950758,-69.55019902081938,,6.82195085817154,11.533914999352836,13.825080586961004,
MET,-60,150,10,62,0.16129032258064516,-58.67607834327615,-37.098878702498915,-56.28387871965458,,22.704396484686452,28.75689071749325,39.75999565902343,
MET,60,60,5,10,0.5,-71.2621137615976,-13.032707784128903,-19.66926777597118,,15.04251671820415,20.777639055914644,36.902184869669185,
ASP,-180,-180,7,15,0.4666666666666667,57.26774451221707,62.55997565415026,,,4.134183743137888,7.545143006334777,,
ASP,-180,150,6,9,0.6666666666666666,-162.02558083518613,-33.22204908012588,,,8.720497205684307,24.92457264731071,,
ASP,-150,-180,23,50,0.46,60.325189545120075,36.841432869717465,,,6.6619458800308,16.481533980364187,,
ASP,-150,-180,10,50,0.2,70.4886148146574,-24.03342832784987,,,5.540323896168372,7.407064088737514,,
ASP,-150,-180,5,50,0.1,-162.99271171412715,19.708651073131705,,,2.157159604582031,5.823132601675074,,
ASP,-150,-180,8,50,0.16,-153.79467642218185,-15.942249998403007,,,1.7618718799796662,8.395242499420062,,
ASP,-150,-150,9,15,0.6,59.34555420157201,31.971184986909797,,,8.15932836885118,12.216512110458549,,
ASP,-150,60,8,12,0.6666666666666666,-168.5020264229422,31.019235585178087,,,6.021603662223619,11.725573422537368,,
ASP,-150,90,21,41,0.5121951219512195,-176.23551157796544,20.37765139040214,,,5.741967774465949,16.364704590196013,,
ASP,-150,90,18,41,0.43902439024390244,-169.9606736214738,-13.878446883662033,,,5.360835723208914,11.452651408728645,,
ASP,-150,120,20,47,0.425531914893617,-174.38084892467404,43.191940364133124,,,8.781585437358741,23.6301852669092,,
ASP,-150,120,18,47,0.3829787234042553,-173.460131738949,-29.003582972207326,,,3.9114737071297796,15.84787096197971,,
ASP,-150,150,7,54,0.12962962962962962,64.9902887604407,-55.22772106669457,,,13.073730568509454,23.78416154770827,,
ASP,-150,150,21,54,0.3888888888888889,-167.10695832743235,25.184269089767618,,,7.732681001791488,21.684355691613188,,
ASP,-150,150,14,54,0.25925925925925924,-161.82781379625075,-49.582385226179966,,,6.019651361741067,31.351877859173026,,
ASP,-150,150,10,54,0.18518518518518517,-6.815691679437522,-14.139680239681596,,,30.30943227839711,23.012513868974583,,
ASP,-120,-180,17,28,0.6071428571428571,61.24154024576813,17.549730499692803,,,11.011186409091506,17.346833022214014,,
ASP,-120,-180,5,28,0.17857142857142858,63.7910724732399,-17.804405827418087,,,3.3781516994289977,8.823286408108427,,
ASP,-120,-150,5,8,0.625,55.40336560601984,24.381462156640147,,,6.682953912631257,17.530442707751373,,
ASP,-120,-30,14,25,0.56,-62.32718056380321,-60.55353569754472,,,6.831392325666209,14.948175560166243,,
ASP,-120,0,13,62,0.20967741935483872,55.13013172555073,20.172550869225287,,,5.678121378082148,15.87647102895045,,
ASP,-120,0,14,62,0.22580645161290322,61.664035732081345,-34.783093651220796,,,4.038449291843228,24.028619368574173,,
ASP,-120,0,5,62,0.08064516129032258,-89.83128863297323,35.28836969037128,,,11.150584302147463,14.595980072579087,,
ASP,-120,0,26,62,0.41935483870967744,-62.88662162546443,-33.44596470899446,,,12.75405360985286,19.286002088920572,,
ASP,-120,30,6,61,0.09836065573770492,58.40327155562621,2.736841417362187,,,8.0712653506598,2.374649664289214,,
ASP,-120,30,25,61,0.4098360655737705,63.68364825104366,-20.716391642789503,,,4.749771122041097,13.58356521508488,,
ASP,-120,30,6,61,0.09836065573770492,-160.36673223492264,36.49411678481001,,,8.60945311177518,9.730379635204928,,
ASP,-120,30,21,61,0.3442622950819672,-65.0711453305833,-43.4667173275039,,,7.857273990174525,16.96741052324897,,
ASP,-120,60,8,15,0.5333333333333333,-76.03935138348224,-48.573912938195036,,,11.845271038342437,20.924151015356138,,
ASP,-120,90,39,89,0.43820224719101125,179.8538537736058,30.484283813465925,,,7.671560054469682,16.183536731745214,,
ASP,-120,90,36,89,0.4044943820224719,-173.24549011999335,-18.26826473840852,,,5.884590494183375,11.804547897417049,,
ASP,-120,90,8,89,0.0898876404494382,-61.363182038134255,-48.91270443759016,,,11.098635941687046,11.895812264939485,,
ASP,-120,120,48,143,0.3356643356643357,-176.99312388376404,26.18992901993109,,,6.250921763626176,18.333575738971174,,
ASP,-120,120,56,143,0.3916083916083916,-171.89674000171345,-29.39628503360514,,,5.152948278353314,15.22945199938603,,
ASP,-120,120,5,143,0.03496503496503497,-58.21561874401348,81.67797896433161,,,3.496293527036732,2.756083129806627,,
ASP,-120,120,33,143,0.23076923076923078,-61.92588496621343,-36.481668192677866,,,13.304755507188203,22.743438510391343,,
ASP,-120,150,6,68,0.08823529411764706,58.14561576411229,-47.056997286828654,,,9.673213302502766,26.305581508692182,,
ASP,-120,150,13,68,0.19117647058823528,-171.38588817301513,40.952391386290486,,,9.40853904329407,23.83592816967968,,
ASP,-120,150,5,68,0.07352941176470588,-163.58201881695584,-32.51925759340556,,,6.4525183016681344,28.306026704226415,,
ASP,-120,150,10,68,0.14705882352941177,-77.20105231002815,35.95161155949299,,,19.437756747214404,14.5563242571319,,
ASP,-120,150,32,68,0.47058823529411764,-64.6476975596656,-26.51167301872617,,,9.942371405285266,18.29870543496963,,
ASP,-90,-180,45,92,0.4891304347826087,64.17113155763153,19.469719036734062,,,5.158249106807655,9.882649078359758,,
ASP,-90,-180,19,92,0.20652173913043478,69.27827654084308,-22.76954166884667,,,7.973348365894954,11.80533656038974,,
ASP,-90,-180,6,92,0.06521739130434782,-71.65273350132348,33.599205263261965,,,11.870163321335093,23.20079273465644,,
ASP,-90,-180,16,92,0.17391304347826086,-70.16240033211052,-41.32531668847255,,,7.813393454410691,22.623114394897666,,
ASP,-90,-60,6,30,0.2,-173.86579538918264,35.599328192394665,,,13.177951049013398,21.784911962884223,,
ASP,-90,-60,5,30,0.16666666666666666,-74.73995608001017,61.287305595668286,,,6.982553240906824,28.451392171792314,,
ASP,-90,-60,15,30,0.5,-67.73635922861618,-52.83576476786313,,,4.829587421332297,10.500732452929634,,
ASP,-90,-30,9,198,0.045454545454545456,45.75166364191765,71.12962078708394,,,13.817504697040087,13.346929041264639,,
ASP,-90,-30,15,198,0.07575757575757576,57.42624735925114,-35.954861429899694,,,7.2921039720341785,18.31280963199622,,
ASP,-90,-30,15,198,0.07575757575757576,-167.213863378182,54.63689060095969,,,8.681336960817017,13.900187065199926,,
ASP,-90,-30,7,198,0.03535353535353535,-159.83297451504012,-66.90759479526034,,,12.733054862993963,10.088270148139802,,
ASP,-90,-30,20,198,0.10101010101010101,-67.75882878522307,30.36964823249388,,,9.590040606280082,23.574095807333528,,
ASP,-90,-30,132,198,0.6666666666666666,-63.75811391996146,-38.94665230582199,,,8.31751802296952,16.784609242981947,,
ASP,-90,0,53,298,0.17785234899328858,58.49857961382172,17.986790290873735,,,6.98475777263948,14.235799145957998,,
ASP,-90,0,67,298,0.22483221476510068,62.56436335313336,-24.95137934000228,,,6.759521041989659,17.47454004400655,,
ASP,-90,0,9,298,0.030201342281879196,-163.24111770879998,37.893984713248074,,,6.0776843645630185,16.32705461898606,,
ASP,-90,0,18,298,0.06040268456375839,-67.06686364166524,33.32739955381755,,,8.001466287761616,26.611365993501206,,
ASP,-90,0,147,298,0.49328859060402686,-65.89467268466066,-31.447411561114585,,,7.98982167384486,15.057150774663615,,
ASP,-90,30,12,57,0.21052631578947367,51.849613055963346,20.363162040298203,,,4.178631607554832,16.517281002619367,,
ASP,-90,30,19,57,0.3333333333333333,62.827911370695446,-18.069548837257333,,,5.6820114419569885,11.887868823852887,,
ASP,-90,30,6,57,0.10526315789473684,-83.58519399796715,22.422259683966235,,,10.71291483505601,13.800584413598092,,
ASP,-90,30,19,57,0.3333333333333333,-63.46888584223512,-45.135576158451705,,,7.092167822057678,12.118498978788697,,
ASP,-90,60,17,54,0.3148148148148148,-170.50164193720633,20.56181607156514,,,4.230387018752658,8.952128071437016,,
ASP,-90,60,11,54,0.2037037037037037,-166.2017664083895,-15.920951802397084,,,5.703195814330528,8.793651730247674,,
ASP,-90,60,15,54,0.2777777777777778,-63.134960852212096,-22.830904159673672,,,13.13090934784038,17.743429232443113,,
ASP,-90,90,61,149,0.40939597315436244,-176.01651490092047,20.1458237219996,,,7.104236560210338,17.101137059748503,,
ASP,-90,90,61,149,0.40939597315436244,-173.7218878345627,-18.475220862397943,,,4.4520498793845,11.392582125245912,,
ASP,-90,90,6,149,0.040268456375838924,-74.93619912494934,30.568648204703823,,,4.996572880091664,19.28672001215096,,
ASP,-90,90,18,149,0.12080536912751678,-53.72155678617027,-18.29081310254821,,,29.20403875223677,25.737296985502436,,
ASP,-90,120,70,224,0.3125,-178.3098069123784,30.336936863095385,,,5.965231837643178,20.85265560868297,,
ASP,-90,120,90,224,0.4017857142857143,-172.9650117786812,-27.480204512251632,,,6.536480970855443,16.810152705726413,,
ASP,-90,120,14,224,0.0625,-75.56620904150361,17.76954818470951,,,6.60878053383121,15.946465496680647,,
ASP,-90,120,50,224,0.22321428571428573,-63.22458223833647,-39.43170595567867,,,10.66572946940189,20.483113598097223,,
ASP,-90,150,9,137,0.06569343065693431,62.43602534818613,-43.61437740930775,,,8.018891821321477,17.582966475525055,,
ASP,-90,150,26,137,0.1897810218978102,-173.84200927496488,53.51325055980839,,,8.299178730431064,25.506049514445994,,
ASP,-90,150,26,137,0.1897810218978102,-166.68039661810764,-44.90019135721566,,,11.364237246770056,25.67399534246365,,
ASP,-90,150,10,137,0.072992700729927,-74.66394512441886,18.745288110634004,,,6.526819952610339,20.16419481602289,,
ASP,-90,150,62,137,0.45255474452554745,-68.37391533335057,-31.94248040220619,,,8.677138675813046,16.198786878257618,,
ASP,-60,-180,5,22,0.22727272727272727,-75.24773996088449,34.434328271486606,,,7.621733720365027,20.976615202246638,,
ASP,-60,-180,6,22,0.2727272727272727,-66.5675810013428,-28.39790299833435,,,8.482785695741116,8.486046010860449,,
ASP,-60,-60,9,342,0.02631578947368421,48.17635698192445,-36.420812307838204,,,8.272603405883943,7.957580372224867,,
ASP,-60,-60,48,342,0.14035087719298245,-176.1327338483531,53.84106285395853,,,9.110560371873014,16.15662503233095,,
ASP,-60,-60,20,342,0.05847953216374269,-170.07948720688006,-47.36219342042673,,,9.2023565201786,27.844416845046887,,
ASP,-60,-60,50,342,0.14619883040935672,-74.50805982421608,27.425586287614546,,,9.147654905434038,18.754742444610965,,
ASP,-60,-60,214,342,0.6257309941520468,-69.44956528346806,-22.80490278079467,,,8.113640744531432,11.760150560113832,,
ASP,-60,-30,23,1025,0.0224390243902439,52.6165349012231,22.562941045993167,,,5.245286601117371,20.519611296062543,,
ASP,-60,-30,53,1025,0.05170731707317073,56.40831907602849,-41.20027819692103,,,7.687834519650294,18.268190032258197,,
ASP,-60,-30,126,1025,0.12292682926829268,-170.86676304938834,56.40505782673233,,,7.983304489267951,16.227117727945327,,
ASP,-60,-30,31,1025,0.03024390243902439,-169.9633517063123,-73.07261236544026,,,11.17263670273286,13.46111408918849,,
ASP,-60,-30,165,1025,0.16097560975609757,-73.71296390474902,20.855352517370864,,,9.375031332824207,16.985496189719544,,
ASP,-60,-30,627,1025,0.6117073170731707,-69.74259869326416,-22.895347686615455,,,7.1410986271934105,12.503487796689516,,
ASP,-60,0,16,101,0.15841584158415842,60.970729368247504,16.685048043760737,,,7.554848071435471,13.518164033350656,,
ASP,-60,0,23,101,0.22772277227722773,59.97535624146858,-50.79515267989221,,,8.442487283892419,17.944473512962766,,
ASP,-60,0,12,101,0.1188118811881188,-65.31120011504487,32.00892750315078,,,7.783787507399282,17.248362130492087,,
ASP,-60,0,47,101,0.46534653465346537,-67.77755877971218,-31.22481731490953,,,8.238194435117519,13.889901834661611,,
ASP,-60,60,7,11,0.6363636363636364,57.222722722096584,-48.06939510015812,,,4.824912520273397,21.70795032560356,,
ASP,-60,90,9,25,0.36,-171.89302573084996,12.138536179729487,,,5.230393989409914,7.203337591246995,,
ASP,-60,90,13,25,0.52,-167.4766299327467,-17.150247264358992,,,8.005919817832751,17.934642267915155,,
ASP,-60,120,45,168,0.26785714285714285,-176.15222229143438,44.30503280418092,,,6.805000843663364,24.71866649486749,,
ASP,-60,120,86,168,0.5119047619047619,-170.38103649532366,-42.453952470002186,,,6.009339271048906,20.86096105958931,,
ASP,-60,120,13,168,0.07738095238095238,-82.88936177288042,26.949931451512263,,,9.265543841837243,11.348445755691188,,
ASP,-60,120,21,168,0.125,-72.85646451884021,-22.08130648462529,,,6.606004604934201,13.600621087433858,,
ASP,-60,150,6,196,0.030612244897959183,59.3568877254974,45.734476412947636,,,21.19132879014838,15.507730465767652,,
ASP,-60,150,12,196,0.061224489795918366,62.74539503850013,-56.8246948961915,,,8.381404924611996,19.35758267681339,,
ASP,-60,150,28,196,0.14285714285714285,-175.13601339253003,51.26135699626135,,,8.096854067915952,23.584241605627994,,
ASP,-60,150,21,196,0.10714285714285714,-164.94029034153792,-50.37636609931928,,,9.250565737135933,19.13649378003971,,
ASP,-60,150,26,196,0.1326530612244898,-72.18492761367685,18.70519838458215,,,10.368782787121884,13.816092811435434,,
ASP,-60,150,103,196,0.5255102040816326,-68.78303368238663,-22.93012606268082,,,8.761230418869822,14.622943165738338,,
ASP,-30,-60,7,14,0.5,-53.06203053299587,58.05624008976998,,,19.519048262771765,9.979231025713561,,
ASP,-30,-30,8,11,0.7272727272727273,-71.80061308435036,25.712179986161594,,,8.649559420026769,22.397088138146042,,
ASP,30,60,6,12,0.5,-67.66820740222146,-36.82748818724678,,,5.46802556545459,16.630672413346847,,
ASP,60,30,14,72,0.19444444444444445,-162.9361667394712,33.892092700939614,,,4.853856754372999,10.924477070555307,,
ASP,60,30,7,72,0.09722222222222222,-78.78913110962003,41.742475694487425,,,12.356982615557458,14.412577881830954,,
ASP,60,30,50,72,0.6944444444444444,-63.04826025546723,-37.80531954111384,,,10.029531843921081,14.353832233474053,,
ASP,60,60,14,44,0.3181818181818182,-170.70564711617493,39.580391680294305,,,5.783286146482559,10.859857822236743,,
ASP,60,60,5,44,0.11363636363636363,-163.94503026984617,-9.099316375485607,,,9.034061101488588,8.592693293564894,,
ASP,60,60,6,44,0.13636363636363635,-67.7401790273125,34.81838929206054,,,5.086794408234558,20.40546300906036,,
ASP,60,60,19,44,0.4318181818181818,-60.732788287241114,-25.509652539438967,,,17.83400411766339,17.74140529293282,,
ASN,-180,-180,7,12,0.5833333333333334,63.51083457216858,48.69134493345592,,,11.68612896639541,10.896975797321076,,
ASN,-150,-180,14,25,0.56,61.163474853662414,60.22546899407075,,,4.698409925870972,18.680894844402726,,
ASN,-150,-180,6,25,0.24,-67.59569775066127,-47.99489188822862,,,29.44260530161117,27.016624538087946,,
ASN,-150,30,5,22,0.22727272727272727,66.33343269362192,-22.0899939044861,,,3.3511660552857707,16.644983441125795,,
ASN,-150,30,6,22,0.2727272727272727,-76.31189708586324,108.55789728414898,,,11.703775506482195,16.969165191985415,,
ASN,-150,30,5,22,0.22727272727272727,-73.26374076277384,-55.84749226284797,,,18.524820468283608,14.530667712378946,,
ASN,-150,60,8,15,0.5333333333333333,-166.11608969095514,27.916468630685937,,,8.538818200436323,15.958146637653597,,
ASN,-150,90,7,22,0.3181818181818182,176.87341739632402,24.36312474463879,,,4.495448195271981,10.970218143654433,,
ASN,-150,90,9,22,0.4090909090909091,-170.95811324866702,-35.17160815672597,,,5.2457278052581895,18.66454668177067,,
ASN,-150,120,6,38,0.15789473684210525,-179.8558483300838,21.56161647495453,,,8.357857891684144,21.230381851900884,,
ASN,-150,120,20,38,0.5263157894736842,-171.96532047860492,-50.46498721337559,,,7.647371561472387,15.539123872428231,,
ASN,-150,120,8,38,0.21052631578947367,-73.20759230296059,-68.2060259303387,,,5.152048300051627,5.596861518493619,,
ASN,-150,150,19,60,0.31666666666666665,69.26252552058459,79.14760816722,,,7.253458038394715,8.830802242759995,,
ASN,-150,150,7,60,0.11666666666666667,63.75570882156803,-79.43160855798438,,,6.7360215586948025,26.657346571429755,,
ASN,-150,150,11,60,0.18333333333333332,-173.40851098747507,62.73943024049873,,,7.606977077931798,22.08925932247422,,
ASN,-150,150,6,60,0.1,-169.47846640648632,-70.74141550994011,,,5.772277953540581,18.6350326240178,,
ASN,-150,150,8,60,0.13333333333333333,-67.83909501840304,95.31742658868276,,,7.677907625994612,3.542437391522335,,
ASN,-150,150,7,60,0.11666666666666667,-72.81040282698038,-56.0345336270242,,,6.857074267631404,15.14684615342401,,
ASN,-120,-180,8,28,0.2857142857142857,61.73567134872232,29.203872328058548,,,5.170446488661978,11.8967323691362,,
ASN,-120,-180,9,28,0.32142857142857145,-56.222847577010825,-47.675253611066914,,,16.36078920992438,17.189524186373777,,
ASN,-120,-150,10,12,0.8333333333333334,-80.50166003959058,-67.26778974662578,,,4.958270907561736,10.261721407341431,,
ASN,-120,-30,13,21,0.6190476190476191,-61.90903797980151,-55.08925240514656,,,4.406156806979727,16.117936822378766,,
ASN,-120,0,5,64,0.078125,50.250364270752726,26.053205168747876,,,3.7099968308370523,14.365906880682568,,
ASN,-120,0,5,64,0.078125,64.64013183069058,-28.20352255617043,,,3.1115524338910614,12.005901266041288,,
ASN,-120,0,5,64,0.078125,-62.33256493966326,56.0437009385261,,,11.51594654457733,28.819217324583196,,
ASN,-120,0,41,64,0.640625,-67.09880188283456,-58.17328001536693,,,9.485166208408646,17.516343184087695,,
ASN,-120,30,7,96,0.07291666666666667,61.15727197356623,15.72844570784381,,,4.45977738221901,12.662840579563674,,
ASN,-120,30,20,96,0.20833333333333334,66.13799692037219,-25.99798486935075,,,4.352890943020707,8.284269262156002,,
ASN,-120,30,12,96,0.125,-162.71883956810913,36.02574776389894,,,6.341578683445849,13.946488602879278,,
ASN,-120,30,5,96,0.052083333333333336,-70.54455472294359,129.10482381599726,,,7.406608221925135,9.88671432162455,,
ASN,-120,30,41,96,0.4270833333333333,-64.1678545190064,-62.551786640215866,,,8.775422814427444,17.307972839499755,,
ASN,-120,60,7,31,0.22580645161290322,-165.77425742791226,13.095215525561745,,,4.8986674358959394,14.614292004541737,,
ASN,-120,60,13,31,0.41935483870967744,-70.40007522053132,-64.18806792699466,,,8.110534744794373,17.921548764381335,,
ASN,-120,90,22,47,0.46808510638297873,-171.01277859954016,-21.12166229839306,,,5.688894686522856,13.500572216645622,,
ASN,-120,90,10,47,0.2127659574468085,-59.42445935881047,-59.87951230453865,,,9.164988959078924,17.504523912580204,,
ASN,-120,120,21,93,0.22580645161290322,-175.56527407456946,33.47314034298857,,,10.170241092206151,13.833196182190775,,
ASN,-120,120,39,93,0.41935483870967744,-172.05126130888925,-33.96203260853853,,,5.825342329245841,18.86227685948458,,
ASN,-120,120,10,93,0.10752688172043011,-73.05069940411462,57.18961204918209,,,14.04975663439037,33.53977911691289,,
ASN,-120,120,17,93,0.1827956989247312,-61.222198996750606,-45.827310465520355,,,9.45544010482033,14.607927787875449,,
ASN,-120,150,6,59,0.1016949152542373,60.0227615564894,79.48122904460767,,,8.324913261142349,10.434209763532811,,
ASN,-120,150,7,59,0.11864406779661017,-176.7336350291957,-65.21428669041529,,,6.27202255489418,13.667947850349988,,
ASN,-120,150,7,59,0.11864406779661017,-63.67083010026884,80.12789530565706,,,9.433727969807459,35.76069617159216,,
ASN,-120,150,31,59,0.5254237288135594,-66.30843894449663,-52.38751097745848,,,8.187149505274393,19.81088868769652,,
ASN,-90,-180,27,57,0.47368421052631576,61.934605234086874,26.850820220150922,,,3.0487108381205474,9.798956242381587,,
ASN,-90,-180,10,57,0.17543859649122806,69.18530569095904,-27.031164068386506,,,3.0950456843554917,14.324341130085763,,
ASN,-90,-180,11,57,0.19298245614035087,-58.551200316337315,-42.07088059056185,,,7.320806327298543,19.63784442330411,,
ASN,-90,-60,5,23,0.21739130434782608,-86.07792255000106,71.03613674102218,,,13.76489104117999,23.545926733008084,,
ASN,-90,-60,8,23,0.34782608695652173,-58.74367046959192,-25.458148327000792,,,17.114914174504715,20.301945526026945,,
ASN,-90,-30,6,133,0.045112781954887216,57.07977966955945,-55.273530037506006,,,4.434495265736807,8.811634860758028,,
ASN,-90,-30,11,133,0.08270676691729323,-171.78528667852083,43.05867472776452,,,8.812623143735166,14.75105599332686,,
ASN,-90,-30,14,133,0.10526315789473684,-72.61411462603806,77.57438894084065,,,11.229771933359174,27.387282860218487,,
ASN,-90,-30,13,133,0.09774436090225563,-67.53542151420035,157.04028707410254,,,11.17959085707398,21.150407727953027,,
ASN,-90,-30,83,133,0.6240601503759399,-70.49656989713517,-36.9190146182045,,,9.415028995569733,19.616016958550055,,
ASN,-90,0,26,243,0.10699588477366255,61.48685227343484,21.570513638660806,,,6.329388591387344,10.537600700469623,,
ASN,-90,0,33,243,0.13580246913580246,64.16697347685181,-31.177036361962603,,,6.612483622641749,13.746177905484013,,
ASN,-90,0,11,243,0.04526748971193416,-156.80677622611006,45.70235372923782,,,8.612188894621305,9.825098028106817,,
ASN,-90,0,30,243,0.12345679012345678,-66.24877218842249,49.29268714880298,,,9.050823106236548,28.61121142867708,,
ASN,-90,0,17,243,0.06995884773662552,-65.28109367678658,139.01039610323608,,,9.237293478739243,13.540948988292982,,
ASN,-90,0,119,243,0.4897119341563786,-67.39335966156624,-41.220020982235724,,,8.146250562201955,15.98125438742821,,
ASN,-90,30,6,76,0.07894736842105263,57.04892706803598,16.090509522955603,,,6.476464679092472,11.625824474189114,,
ASN,-90,30,8,76,0.10526315789473684,63.12155628791386,-26.711251870940604,,,3.9233417009768656,23.020460755882954,,
ASN,-90,30,9,76,0.11842105263157894,-166.30983956789964,34.923011633162844,,,4.481254816383936,8.709402394444309,,
ASN,-90,30,10,76,0.13157894736842105,-68.1168515838262,52.26644423406647,,,11.453622576181695,26.248892558682886,,
ASN,-90,30,35,76,0.4605263157894737,-63.497181262738124,-38.35958004850448,,,12.389831568341796,17.908411749765946,,
ASN,-90,60,5,33,0.15151515151515152,61.09958730325098,-38.722733094273956,,,7.514918497235461,4.65073750443708,,
ASN,-90,60,5,33,0.15151515151515152,-56.57809663018819,76.45991817853377,,,9.315322640924395,33.83464098325132,,
ASN,-90,60,6,33,0.18181818181818182,-71.32384646640382,154.32780024217976,,,8.244923456303152,28.582531344583096,,
ASN,-90,60,7,33,0.21212121212121213,-62.846776982409665,-51.453372910944985,,,6.226017529693343,19.693495388637793,,
ASN,-90,90,30,84,0.35714285714285715,-179.1844968548588,23.387395396648554,,,5.972562897648573,16.929687727532198,,
ASN,-90,90,6,84,0.07142857142857142,-177.3764372995532,-159.16145360076513,,,4.800630940338307,26.15829453841239,,
ASN,-90,90,27,84,0.32142857142857145,-171.24037321828075,-31.354342256199853,,,6.555681616589924,15.165165175286457,,
ASN,-90,90,6,84,0.07142857142857142,-68.04763827742049,146.71957863515655,,,16.342203678744557,22.688058922865217,,
ASN,-90,90,12,84,0.14285714285714285,-55.915428213716766,-43.43406195250928,,,12.17507657312934,13.851838006372494,,
ASN,-90,120,34,156,0.21794871794871795,-177.98467805538024,21.388814675291147,,,6.735889127242555,13.954417590472152,,
ASN,-90,120,7,156,0.04487179487179487,-175.06528224711647,161.76492140547475,,,12.006018650982398,35.217909124499094,,
ASN,-90,120,59,156,0.3782051282051282,-173.32776202274542,-38.693634433088604,,,5.329631991377518,19.787823433898836,,
ASN,-90,120,16,156,0.10256410256410256,-81.76235412480149,84.4607805670975,,,14.387090524771077,31.77000590819746,,
ASN,-90,120,7,156,0.04487179487179487,-64.59733100304916,143.77680512414744,,,9.349764704079837,31.133724607955173,,
ASN,-90,120,31,156,0.1987179487179487,-63.253492116483784,-40.40330833931687,,,11.22651068257809,19.028659618125413,,
ASN,-90,150,7,88,0.07954545454545454,72.35612010736813,64.64147844206958,,,9.441117746452004,18.954103267296986,,
ASN,-90,150,9,88,0.10227272727272728,-167.4593641880857,50.32756203657004,,,8.013639931568514,12.246808764945762,,
ASN,-90,150,10,88,0.11363636363636363,-175.03509755477265,-84.19212319462773,,,8.45274503162869,6.438964986677689,,
ASN,-90,150,7,88,0.07954545454545454,-64.6121434313903,63.74747305209325,,,12.437290578786975,26.588087864420125,,
ASN,-90,150,7,88,0.07954545454545454,-84.28283152568027,142.577008194845,,,11.90729310686314,11.838345139696983,,
ASN,-90,150,46,88,0.5227272727272727,-63.46452453662115,-42.49110203557569,,,7.473758502596532,19.228483621101113,,
ASN,-60,-180,5,15,0.3333333333333333,64.30194466508388,32.71851701524744,,,8.491643546582933,13.263907722464802,,
ASN,-60,-180,5,15,0.3333333333333333,-74.73838714181245,-41.96470854207898,,,11.361217990802519,23.77315949574417,,
ASN,-60,-60,25,174,0.14367816091954022,-172.35219722226233,48.23672466331533,,,9.216619446531949,15.270997807888925,,
ASN,-60,-60,7,174,0.040229885057471264,-164.64197537333467,174.51923880812294,,,12.570236777038318,29.390858078067858,,
ASN,-60,-60,18,174,0.10344827586206896,-161.20383516243731,-83.99844751723359,,,12.067416010515478,21.72195955292725,,
ASN,-60,-60,20,174,0.11494252873563218,-76.5430430064058,25.75416131697503,,,14.174938755035027,22.739398330139355,,
ASN,-60,-60,19,174,0.10919540229885058,-73.13537734913263,160.92831532245282,,,5.844291885552812,13.758231026487847,,
ASN,-60,-60,82,174,0.47126436781609193,-71.30984303557912,-28.25496087168201,,,7.776941810610803,14.14074659848669,,
ASN,-60,-30,20,685,0.029197080291970802,71.11049976736307,60.45345327867983,,,12.667253075289278,23.977158021887647,,
ASN,-60,-30,21,685,0.030656934306569343,57.551782778154006,-42.810296605426316,,,10.235870264509416,17.97380183154212,,
ASN,-60,-30,79,685,0.11532846715328467,-172.21042335167485,54.1360258743512,,,9.511464743296994,14.340589427224975,,
ASN,-60,-30,12,685,0.017518248175182483,-166.52780651490667,-172.23751632091896,,,7.887147452597252,29.484631041485247,,
ASN,-60,-30,45,685,0.06569343065693431,-173.83244042954587,-94.93360029563812,,,11.971125072728267,16.438556126357362,,
ASN,-60,-30,73,685,0.10656934306569343,-74.50655580150975,30.821831229797663,,,10.931746968208728,25.96029838527409,,
ASN,-60,-30,66,685,0.09635036496350365,-71.70150227295143,158.99705120066284,,,8.653173169254199,14.101133964923452,,
ASN,-60,-30,366,685,0.5343065693430656,-72.17538848213975,-29.29262250870709,,,8.034279268453346,15.00474768533278,,
ASN,-60,0,7,69,0.10144927536231885,58.47852051512868,14.432442964283712,,,3.5116084483411654,6.257942266103378,,
ASN,-60,0,8,69,0.11594202898550725,54.424664734093454,-60.53378623443427,,,9.98041904890418,14.136821109597927,,
ASN,-60,0,6,69,0.08695652173913043,-68.60114184707432,53.32030995564101,,,6.996923859007896,23.23796677159859,,
ASN,-60,0,6,69,0.08695652173913043,-66.12461195013006,161.38246199902824,,,2.8521388695392367,19.329587215810182,,
ASN,-60,0,32,69,0.463768115942029,-65.43260530606415,-30.851967713105378,,,14.545524777300516,16.027607869121134,,
ASN,-60,90,6,19,0.3157894736842105,-172.5577208337599,42.723535325434625,,,7.400433534979959,21.364317920711954,,
ASN,-60,90,7,19,0.3684210526315789,-166.8175554103095,-25.98557988026923,,,11.322831967554258,16.091572673490795,,
ASN,-60,120,20,77,0.2597402597402597,-179.0165556292369,46.66688299940886,,,8.049289449546782,16.52002522054045,,
ASN,-60,120,35,77,0.45454545454545453,-172.6298160343344,-53.10218054470933,,,5.519314813022294,17.622704140373262,,
ASN,-60,120,5,77,0.06493506493506493,-66.62567171301555,170.38286751747958,,,6.665785912621588,16.9943380008003,,
ASN,-60,120,15,77,0.19480519480519481,-73.71517054070758,-26.97286959650691,,,12.194187926158563,13.120309994047544,,
ASN,-60,150,11,88,0.125,72.00955835731095,72.17601405596331,,,8.31217259029103,5.943096583941423,,
ASN,-60,150,6,88,0.06818181818181818,67.93733272581392,-71.92054511185985,,,12.928048412533068,10.685678686443453,,
ASN,-60,150,5,88,0.056818181818181816,-164.18240999860407,25.20404018229432,,,4.078804911135765,10.900220128132995,,
ASN,-60,150,12,88,0.13636363636363635,-169.4385540880869,-72.75738683495949,,,7.183381309633484,21.532684754166343,,
ASN,-60,150,13,88,0.14772727272727273,-64.49851732072375,26.57253259408007,,,8.211299323555707,24.823777000093685,,
ASN,-60,150,5,88,0.056818181818181816,-70.0174019429353,163.27899793374257,,,4.666425598295901,8.54228353051401,,
ASN,-60,150,34,88,0.38636363636363635,-65.5593179360643,-31.21514467496202,,,9.491950606587652,21.282510578933994,,
ASN,-30,-60,5,15,0.3333333333333333,-154.0968022138973,-79.2567583350598,,,13.800714624314487,16.127178169113883,,
ASN,60,0,18,25,0.72,-66.36076449530601,-45.81066914014952,,,10.818650440932176,19.43434766604627,,
ASN,60,30,30,126,0.23809523809523808,-160.48033107155925,36.73727652042091,,,6.38200519488922,12.656850275888592,,
ASN,60,30,6,126,0.047619047619047616,-161.80109541593472,-149.50809299371952,,,9.04988645444916,15.755839196733023,,
ASN,60,30,14,126,0.1111111111111111,-63.956566714315535,88.11432927185894,,,17.034252589412553,24.191321695743806,,
ASN,60,30,10,126,0.07936507936507936,-62.64387736507919,130.2032554307166,,,7.9588079150586815,7.54646500271479,,
ASN,60,30,62,126,0.49206349206349204,-64.10991913782041,-36.84077754936768,,,11.224245390802817,17.939519460562394,,
ASN,60,60,26,88,0.29545454545454547,-162.20138871384867,32.75389489122134,,,7.641303917221459,9.409508772855174,,
ASN,60,60,6,88,0.06818181818181818,-156.69411145508013,-60.1560109762938,,,4.933515366476787,39.589282312197234,,
ASN,60,60,12,88,0.13636363636363635,-65.6436119069884,85.75059011012124,,,8.830258249044142,23.55491618290847,,
ASN,60,60,6,88,0.06818181818181818,-59.077822576393096,134.28962592926973,,,8.867322118902718,13.384577330612034,,
ASN,60,60,34,88,0.38636363636363635,-63.305152977101294,-41.0529155237622,,,8.19987319049475,15.738460481097455,,
HIS,-150,-180,8,21,0.38095238095238093,54.42593183135269,69.36948563146721,,,4.051920514977742,12.11409090198173,,
HIS,-150,-180,7,21,0.3333333333333333,71.95163347065943,-88.06742571444371,,,8.326768432126242,6.474975306462087,,
HIS,-150,120,8,30,0.26666666666666666,172.08340242785576,60.15086257394525,,,8.527353881800947,19.183168855334902,,
HIS,-150,120,9,30,0.3,-176.4099111543256,-89.29458491659528,,,8.522252547132855,15.886650677811257,,
HIS,-150,120,9,30,0.3,-57.27986141263709,-75.99506517872632,,,7.852756940795588,11.149911355382887,,
HIS,-150,150,10,65,0.15384615384615385,59.62611315997141,82.12124473590825,,,5.731733865125642,12.247412443559437,,
HIS,-150,150,12,65,0.18461538461538463,64.53050456126638,-81.88335386073362,,,4.396094767512454,7.3497198033034,,
HIS,-150,150,9,65,0.13846153846153847,-172.83674345883006,79.4478330412848,,,6.251558698174741,9.463585912665188,,
HIS,-150,150,7,65,0.1076923076923077,-169.10419698327587,-91.04896720917287,,,3.981829017544033,9.331599444888916,,
HIS,-150,150,11,65,0.16923076923076924,-63.01855044343117,79.66367516142789,,,4.559445376504636,6.049446361692707,,
HIS,-150,150,12,65,0.18461538461538463,-54.866435776139966,-81.63604830372287,,,10.311912354868566,10.907133795251088,,
HIS,-120,-180,8,20,0.4,53.6064933842126,69.10721245767589,,,3.976155786112198,10.414401944967466,,
HIS,-120,-60,5,10,0.5,-62.22761418817695,-60.935292458149654,,,7.7272674340251015,9.529515808242845,,
HIS,-120,-30,9,30,0.3,-64.25456969910832,91.68311442106287,,,6.758149883259448,12.620361761646919,,
HIS,-120,-30,18,30,0.6,-58.63814965097498,-73.9252844022243,,,5.862110423156689,12.870020375856994,,
HIS,-120,0,12,53,0.22641509433962265,-69.86670204844312,84.09210819136212,,,7.708678646703752,8.61852485396202,,
HIS,-120,0,33,53,0.6226415094339622,-59.40093364566383,-66.78186079063533,,,6.903972249827926,11.230310175651061,,
HIS,-120,30,14,49,0.2857142857142857,-60.243416068357135,78.51478934831955,,,6.0080739401940955,15.181341940001134,,
HIS,-120,30,10,49,0.20408163265306123,-61.50938501080603,145.80075509204718,,,7.4304735514891815,16.26956209411609,,
HIS,-120,30,23,49,0.46938775510204084,-59.349976657124294,-74.9087588321523,,,7.032464758119194,14.988109067726693,,
HIS,-120,60,5,11,0.45454545454545453,-59.6651280911538,-72.86207899155195,,,7.152638538941473,11.45476185810654,,
HIS,-120,90,5,30,0.16666666666666666,-52.25672980253492,82.6838271661824,,,11.548022885938998,7.5224863446901375,,
HIS,-120,90,15,30,0.5,-54.45231110047327,-74.87326680249632,,,5.009566535662368,11.151529332346508,,
HIS,-120,120,11,86,0.12790697674418605,-177.72080613004385,56.28844363878497,,,9.294305297800557,25.62994996937202,,
HIS,-120,120,13,86,0.1511627906976744,-179.17402912774494,-161.2966057408964,,,4.709986016494512,22.275929377586163,,
HIS,-120,120,11,86,0.12790697674418605,-171.79456823193556,-58.67945620998982,,,8.93085243442866,26.203085171803448,,
HIS,-120,120,18,86,0.20930232558139536,-67.77855534054359,80.26446046768598,,,5.857150970948273,11.1557523308631,,
HIS,-120,120,29,86,0.3372093023255814,-53.52686488693408,-76.7542078291625,,,6.138830641973322,12.211797825787524,,
HIS,-120,150,5,100,0.05,70.36529708447111,89.47169162432789,,,8.364966675045416,9.764405109401782,,
HIS,-120,150,6,100,0.06,58.15065276635781,-87.59630147974202,,,3.0947306568187387,7.599055050171369,,
HIS,-120,150,11,100,0.11,-172.99639518967055,-88.20911306802127,,,7.6600083332941376,15.371558315043455,,
HIS,-120,150,20,100,0.2,-63.80422366498111,76.14499507187767,,,5.7501288953156955,9.35299419015795,,
HIS,-120,150,11,100,0.11,-68.76845270492014,179.33853278145142,,,5.4534598568753925,20.570291494192546,,
HIS,-120,150,44,100,0.44,-57.1040122511189,-91.34752708858892,,,5.4693997469167455,11.895303593200083,,
HIS,-90,-30,6,62,0.0967741935483871,60.36773249322052,-78.79909590592861,,,7.059164547895041,10.028781432740796,,
HIS,-90,-30,9,62,0.14516129032258066,-176.62886078471178,76.1932476570467,,,12.666501391106383,7.117239223840831,,
HIS,-90,-30,16,62,0.25806451612903225,-68.99335366858294,83.5316359610417,,,7.290113308297349,10.696089453244719,,
HIS,-90,-30,7,62,0.11290322580645161,-72.81543747053097,153.218750867289,,,9.545234223958843,5.98738342023815,,
HIS,-90,-30,18,62,0.2903225806451613,-65.65731795814051,-68.70429988316918,,,4.481324597389933,12.429640526003558,,
HIS,-90,0,7,107,0.06542056074766354,65.50954349287103,93.98922123136161,,,6.230209302535174,12.638054964821572,,
HIS,-90,0,14,107,0.1308411214953271,64.42462081935192,-80.51631475995042,,,7.729147878298981,11.1109998042726,,
HIS,-90,0,19,107,0.17757009345794392,-64.66511054110323,94.28971982091424,,,5.965150066833885,10.690849363730571,,
HIS,-90,0,28,107,0.2616822429906542,-66.63961972263549,152.82418107797938,,,4.584980715942532,24.19855709629729,,
HIS,-90,0,38,107,0.35514018691588783,-59.00870263182097,-68.79808697080716,,,4.298340261397421,13.968913139111756,,
HIS,-90,30,6,22,0.2727272727272727,-68.37968526414855,73.4117416907262,,,4.280388968236849,22.004077273864123,,
HIS,-90,30,5,22,0.22727272727272727,-59.637324990937266,163.19875740869938,,,4.22115567596358,12.290864979981444,,
HIS,-90,30,9,22,0.4090909090909091,-63.750074977145765,-54.744001116809294,,,9.558575808639757,26.357593037026398,,
HIS,-90,90,5,20,0.25,-167.1459807158303,44.57190224868144,,,3.334394909049545,17.933942923302336,,
HIS,-90,90,6,20,0.3,-165.47933363244172,-77.41262553238215,,,9.337807611089845,31.942467535443257,,
HIS,-90,90,5,20,0.25,-59.13069148729822,-59.02389653764444,,,13.116544442617771,24.217526547451865,,
HIS,-90,120,11,67,0.16417910447761194,174.28845329281077,63.339245344575794,,,10.16942707422496,22.98167934721684,,
HIS,-90,120,8,67,0.11940298507462686,-173.111545086236,-171.42720679004503,,,6.289372587366234,26.76230923070628,,
HIS,-90,120,11,67,0.16417910447761194,-166.96208736243884,-84.28352454850634,,,7.611076940838536,18.415588193194683,,
HIS,-90,120,5,67,0.07462686567164178,-60.85433289541918,87.53980510569001,,,3.3565531125065755,18.170769128847184,,
HIS,-90,120,8,67,0.11940298507462686,-68.54098785823311,-177.8616006113151,,,3.798963250194346,24.627110358467682,,
HIS,-90,120,24,67,0.3582089552238806,-64.2133055393598,-71.72338371544167,,,6.591215381251996,16.208142837506838,,
HIS,-90,150,6,80,0.075,60.49576577869037,-76.02456371686841,,,7.617159786710312,14.785162264787173,,
HIS,-90,150,8,80,0.1,-175.08596351081053,79.91786784730945,,,9.305658114516564,16.72968069104206,,
HIS,-90,150,17,80,0.2125,-175.8564178855873,-81.4660815336417,,,7.048321673134965,8.914209164051032,,
HIS,-90,150,12,80,0.15,-65.77293804769002,69.56625234384757,,,5.950440535405543,16.61525967023116,,
HIS,-90,150,8,80,0.1,-59.43511317454556,157.61433260330352,,,4.35628203689644,16.877660370854777,,
HIS,-90,150,25,80,0.3125,-65.64361797197485,-83.51950745937408,,,8.29101009980952,18.24675649793607,,
HIS,-60,-60,53,132,0.4015151515151515,178.3566656847725,73.70765744856396,,,6.646873003080062,9.365370105958915,,
HIS,-60,-60,14,132,0.10606060606060606,-171.30658987186848,-172.3636126079786,,,6.699848369282636,18.021636368223398,,
HIS,-60,-60,19,132,0.14393939393939395,-178.3420469305253,-93.4883752991312,,,7.233257613024054,14.326388280583727,,
HIS,-60,-60,16,132,0.12121212121212122,-76.86711269909907,76.51803706346703,,,6.669178457497167,9.354857966813073,,
HIS,-60,-60,11,132,0.08333333333333333,-69.42664884049667,158.24969169493409,,,4.370778268617739,9.491112154850244,,
HIS,-60,-60,18,132,0.13636363636363635,-68.11121272466625,-54.634996277868204,,,17.973155509077507,26.386876083100788,,
HIS,-60,-30,11,424,0.025943396226415096,63.378411659812215,93.02477145058076,,,6.539501663142092,7.749512518741663,,
HIS,-60,-30,6,424,0.014150943396226415,61.7667606999358,-133.71461365666437,,,3.291331328470676,4.466653980678455,,
HIS,-60,-30,40,424,0.09433962264150944,71.91449990245093,-82.24401798111585,,,6.643658612634133,9.388522050097933,,
HIS,-60,-30,73,424,0.1721698113207547,-179.34839439752568,70.2210085171704,,,8.187138881815123,9.992424451392358,,
HIS,-60,-30,23,424,0.054245283018867926,-172.9302883678967,-148.10143287165783,,,8.669388695137348,23.541557245896204,,
HIS,-60,-30,68,424,0.16037735849056603,-174.6408240889861,-93.8821471931404,,,8.54759130443874,12.736142313193694,,
HIS,-60,-30,57,424,0.13443396226415094,-72.42203630114858,86.27704511036501,,,6.26202489731355,16.38662982062871,,
HIS,-60,-30,46,424,0.10849056603773585,-69.43043950928117,159.0267393725676,,,5.292734127379298,14.475450050623083,,
HIS,-60,-30,100,424,0.2358490566037736,-70.61205348002989,-58.974444812135246,,,6.7663717764458085,15.801224880455456,,
HIS,-60,0,6,29,0.20689655172413793,69.27401409375123,-75.46372139560397,,,8.06320384149483,13.50242756028666,,
HIS,-60,0,6,29,0.20689655172413793,-72.56089233261987,70.8554426689444,,,6.53911523188273,27.187035996736135,,
HIS,-60,0,6,29,0.20689655172413793,-77.13736668061628,146.0343144889631,,,6.768307555133191,21.775643221764618,,
HIS,-60,120,14,46,0.30434782608695654,178.77849723000867,81.07534065847923,,,8.3227196502859,15.248912075623652,,
HIS,-60,120,15,46,0.32608695652173914,-169.00558949254827,-66.59514056111985,,,4.436876505133452,9.854964581014217,,
HIS,-60,120,5,46,0.10869565217391304,-74.84797031952364,79.44287722461472,,,5.914857517366392,17.28649492996165,,
HIS,-60,120,9,46,0.1956521739130435,-58.39583631024887,-63.741714920469754,,,6.384372148962832,12.355099391452624,,
HIS,-60,150,6,76,0.07894736842105263,62.04503727593669,-69.28396623096425,,,8.986254565146199,12.317562843853322,,
HIS,-60,150,6,76,0.07894736842105263,-176.00392904622623,85.61134076925775,,,3.1561020287497517,6.706097658835095,,
HIS,-60,150,33,76,0.4342105263157895,-167.25877426928923,-77.00591261949857,,,4.064626282912046,9.434570930302879,,
HIS,-60,150,9,76,0.11842105263157894,-71.64147413240961,165.45517869519028,,,6.3305254541976455,21.831862115721204,,
HIS,-60,150,16,76,0.21052631578947367,-71.37346939343396,-66.66982480637085,,,6.8220721556333705,9.40263161967292,,
HIS,-30,-60,5,13,0.38461538461538464,176.6468570097434,64.1385051461163,,,5.12949157865531,7.631845567733363,,
HIS,60,0,6,8,0.75,-39.48142480754018,-41.21359829225044,,,21.969004479465216,22.888905150869558,,
HIS,60,30,9,26,0.34615384615384615,-54.41173368386071,107.82875804784145,,,5.29674804605573,5.217144133649985,,
HIS,60,30,11,26,0.4230769230769231,-59.758151144596056,-75.22586200649862,,,9.035640808819586,10.069886778923545,,
HIS,60,60,13,20,0.65,-54.12886701570188,-68.79995948474175,,,6.966583566679948,7.5192427120596275,,
LEU,-150,-180,12,21,0.5714285714285714,54.7326779997082,87.26509656209062,,,13.54602169248993,13.480921019782784,,
LEU,-150,90,5,6,0.8333333333333334,-171.92950209042897,65.12144971313943,,,5.793133491948899,2.5751154915781203,,
LEU,-150,120,68,96,0.7083333333333334,177.7730801276782,64.62826064096038,,,8.683699631757765,5.378055095973689,,
LEU,-150,120,11,96,0.11458333333333333,-179.37909821620536,157.71396358609502,,,7.355229983524298,4.191555330371482,,
LEU,-150,120,9,96,0.09375,-66.50694209628271,174.02963970205573,,,3.7395383234098207,9.2666760171279,,
LEU,-150,150,14,107,0.1308411214953271,52.764485932210405,75.69716586973861,,,13.820787336934902,7.882434050175401,,
LEU,-150,150,9,107,0.08411214953271028,76.61829154880476,165.09648694510207,,,3.1676974840197576,13.549111831239498,,
LEU,-150,150,19,107,0.17757009345794392,-178.29076741492872,66.29171730574846,,,13.254236080850095,7.023158429652122,,
LEU,-150,150,11,107,0.102803738317757,-59.72878274839493,88.80027817848315,,,18.799681384040422,8.152734427580484,,
LEU,-150,150,46,107,0.42990654205607476,-66.52009510237875,170.92183931534902,,,7.297264869050353,8.848892177078456,,
LEU,-120,-180,27,37,0.7297297297297297,-59.50192773096946,174.39739508784135,,,7.079635835435571,7.022025908394883,,
LEU,-120,-60,8,16,0.5,-61.98838796020842,-177.87993942260152,,,4.316251045974678,6.547411238469387,,
LEU,-120,-30,5,58,0.08620689655172414,174.24056002036048,68.27988169619482,,,16.184693915163642,9.21321144386919,,
LEU,-120,-30,48,58,0.8275862068965517,-63.61052435613523,179.1400335885965,,,7.141771338138227,6.764481188947552,,
LEU,-120,0,12,90,0.13333333333333333,-89.21364389107957,61.98347973533248,,,14.845434886654864,25.62821041061311,,
LEU,-120,0,73,90,0.8111111111111111,-61.82875047750005,175.383735718592,,,6.809689281289023,6.804968624491889,,
LEU,-120,30,58,65,0.8923076923076924,-64.96872973133567,174.0283939316648,,,6.445141405043911,7.761057785494299,,
LEU,-120,60,11,15,0.7333333333333333,-61.77684005553726,170.12453345802888,,,6.3323207300586875,6.718690290764439,,
LEU,-120,90,25,67,0.373134328358209,-172.64680373282692,63.0591871241335,,,6.616414985939133,6.949285017893102,,
LEU,-120,90,10,67,0.14925373134328357,-162.8394273861913,174.1107282384704,,,13.247166402028398,17.32416268852053,,
LEU,-120,90,7,67,0.1044776119402985,-79.64810761247855,62.47960960901141,,,8.945300783265004,17.51835104171729,,
LEU,-120,90,21,67,0.31343283582089554,-55.8457457141743,176.87563942798255,,,4.725668751780359,7.19595003157095,,
LEU,-120,120,219,426,0.5140845070422535,178.42525564878432,63.1650459323409,,,7.304381217253856,5.882569655134881,,
LEU,-120,120,32,426,0.07511737089201878,-168.95872103558068,157.3375828327626,,,9.580549184608222,13.001104288147502,,
LEU,-120,120,32,426,0.07511737089201878,-81.61941326398691,59.71956236020484,,,9.93071098654566,15.701922176566274,,
LEU,-120,120,134,426,0.3145539906103286,-62.066739435269646,176.45162752548134,,,7.508545285358594,7.0612196555414,,
LEU,-120,120,6,426,0.014084507042253521,-61.84171286358746,-40.10539205322381,,,34.05800422935582,22.782015739556012,,
LEU,-120,150,7,374,0.01871657754010695,55.625135042085965,62.494682737083444,,,17.846384999341325,13.745802770872679,,
LEU,-120,150,6,374,0.016042780748663103,65.49876425248962,177.9905040967262,,,9.683904966099396,16.705295847464633,,
LEU,-120,150,30,374,0.08021390374331551,178.93438336204926,69.0675440325668,,,10.841364452717478,7.723066738993745,,
LEU,-120,150,33,374,0.08823529411764706,-86.32249792791148,53.37730984864077,,,9.136102660774744,16.63539760880861,,
LEU,-120,150,277,374,0.7406417112299465,-59.78741695008034,174.16473605676498,,,6.953181535902688,6.410793520427709,,
LEU,-120,150,16,374,0.0427807486631016,-62.22822349125393,-30.678827736785127,,,21.38582341771932,20.726411612539653,,
LEU,-90,-180,7,50,0.14,-85.43628938421797,44.2810812224001,,,12.271180999870898,14.24026512375337,,
LEU,-90,-180,36,50,0.72,-57.24003012256298,179.28363662437894,,,7.943021262095654,10.45118650239637,,
LEU,-90,-60,21,78,0.2692307692307692,-170.6104015483456,59.504474151070156,,,7.365803750381821,9.321522070268824,,
LEU,-90,-60,5,78,0.0641025641025641,-99.4826594091814,36.80993405166173,,,12.977499357621427,9.41217097117487,,
LEU,-90,-60,41,78,0.5256410256410257,-66.53861559552456,177.97819390247963,,,8.875572886249396,6.018588872924871,,
LEU,-90,-60,6,78,0.07692307692307693,-31.374511624211465,-20.954942395314657,,,31.399944914709266,21.526285972981448,,
LEU,-90,-30,5,432,0.011574074074074073,61.17302638998654,78.70364062851687,,,3.4698003303359335,6.357845804482532,,
LEU,-90,-30,64,432,0.14814814814814814,-173.84041332454268,62.05804765832525,,,13.097797184687899,7.613720660445886,,
LEU,-90,-30,12,432,0.027777777777777776,-152.86575176850852,170.68395710736758,,,15.521669308698621,14.327413066611955,,
LEU,-90,-30,41,432,0.09490740740740741,-92.42689198955802,49.899097136567214,,,12.208248292559453,15.178261908102066,,
LEU,-90,-30,281,432,0.6504629629629629,-65.01011396396586,174.37880970315535,,,6.604274100940437,6.7382332859394465,,
LEU,-90,-30,21,432,0.04861111111111111,-68.70630272387515,-20.09843760255682,,,30.57785037394998,21.939910965027547,,
LEU,-90,0,13,325,0.04,-152.82454475147213,51.59107749445518,,,10.998949462530165,12.723741014167102,,
LEU,-90,0,24,325,0.07384615384615385,-92.17378134582536,37.63177253109495,,,8.676907206396113,14.450235646509249,,
LEU,-90,0,271,325,0.8338461538461538,-62.854734086628056,175.73269959150753,,,5.641574659837546,6.861248188763035,,
LEU,-90,0,12,325,0.036923076923076927,-64.36255604504002,-32.480736032877644,,,30.2921393893968,22.962168460623236,,
LEU,-90,30,5,43,0.11627906976744186,-83.11990276907767,49.353691879658534,,,10.714764120051473,12.720968240824412,,
LEU,-90,30,35,43,0.813953488372093,-60.99589115892786,178.22067662128543,,,5.43205838042537,7.393319522980845,,
LEU,-90,60,26,34,0.7647058823529411,-57.84172458136907,177.108773691577,,,7.798362938856986,5.815804794828404,,
LEU,-90,90,23,80,0.2875,-176.47976203005348,58.7758107473608,,,8.079746962898197,5.312044176956841,,
LEU,-90,90,5,80,0.0625,-66.30118145420622,60.80562939797691,,,12.760820311746658,33.36873389547313,,
LEU,-90,90,46,80,0.575,-60.58195620245351,176.1550974941491,,,5.384113655129646,6.910781147507858,,
LEU,-90,120,178,447,0.3982102908277405,-178.73464392985065,64.3956241788386,,,7.510311196629426,6.187643886363525,,
LEU,-90,120,25,447,0.05592841163310962,-160.54151410075133,-172.8406519110419,,,11.06074230252969,22.021146909069387,,
LEU,-90,120,13,447,0.029082774049217,-168.91473941271636,-85.67612847104591,,,8.205233958244772,15.233968002514445,,
LEU,-90,120,28,447,0.06263982102908278,-85.0431592495971,60.88973658647752,,,10.161293356665915,12.980205483916855,,
LEU,-90,120,188,447,0.42058165548098436,-62.32660416676196,175.76714310941657,,,7.682107996634499,6.87848161131806,,
LEU,-90,120,11,447,0.024608501118568233,-13.732478324416222,-11.819324016442994,,,31.335080516747343,23.450826308345164,,
LEU,-90,150,23,412,0.055825242718446605,-177.16831241944863,68.47726665953091,,,7.684289842481678,7.216604678646682,,
LEU,-90,150,6,412,0.014563106796116505,-158.59399329367452,-178.69938923127836,,,14.385277698025192,25.059561269275363,,
LEU,-90,150,41,412,0.09951456310679611,-86.90787015321305,53.47229735998049,,,9.887936715990918,15.454075551545596,,
LEU,-90,150,327,412,0.7936893203883495,-62.03112557220697,175.86453898560566,,,6.393467948824625,6.842265765626504,,
LEU,-90,150,12,412,0.02912621359223301,-49.038450932149196,-25.41160175777918,,,32.995801113515995,22.944895815762806,,
LEU,-60,-180,8,12,0.6666666666666666,-66.40262564381213,-173.9067771079006,,,7.125653763002343,11.365925821384296,,
LEU,-60,-120,5,5,1.0,-72.71894905884012,-175.42531445503417,,,2.9589907199428462,8.001463313708644,,
LEU,-60,-60,416,978,0.42535787321063395,-179.6915176559301,59.80504336937657,,,7.483583999274394,7.492906161189185,,
LEU,-60,-60,98,978,0.10020449897750511,-151.30281395557984,-169.56143320989213,,,13.719378394537715,25.592579509632156,,
LEU,-60,-60,16,978,0.016359918200409,-165.13086085632258,-75.99809101301936,,,13.35287376729605,18.754396819290054,,
LEU,-60,-60,51,978,0.05214723926380368,-97.73293565780864,36.40394490565685,,,9.980037523989822,14.973407789621145,,
LEU,-60,-60,374,978,0.3824130879345603,-72.51129780257416,174.8780633263735,,,6.797274248413534,7.15975295476342,,
LEU,-60,-60,23,978,0.023517382413087935,-91.73425409901948,-26.823004571920727,,,17.934483736656293,21.460714565347256,,
LEU,-60,-30,7,2546,0.0027494108405341712,67.55488386164004,75.31246428669868,,,12.038058764524928,13.219740656803172,,
LEU,-60,-30,662,2546,0.26001571091908876,-178.03563235052656,59.575091481224554,,,7.250799496614762,6.786255873527745,,
LEU,-60,-30,93,2546,0.03652788688138256,-156.80957440176593,178.48182280079925,,,15.620639215966282,23.778095037443247,,
LEU,-60,-30,21,2546,0.008248232521602514,-167.93172721824646,-83.97231440581582,,,10.34929867845153,15.173046836523898,,
LEU,-60,-30,124,2546,0.04870384917517675,-95.70835871099038,41.564865422618254,,,9.562249459680853,15.48876050636116,,
LEU,-60,-30,1573,2546,0.6178318931657502,-69.6981275475414,175.09548197967092,,,6.056677771363964,7.087790161845131,,
LEU,-60,-30,62,2546,0.024351924587588374,-72.89494210837597,-28.308046976782425,,,35.45445897302001,27.355757212831655,,
LEU,-60,0,5,115,0.043478260869565216,-172.5922168822487,63.78930719884918,,,6.620265830666374,4.827769685081952,,
LEU,-60,0,16,115,0.1391304347826087,-88.15738247272587,47.857287954344606,,,7.02189470708285,21.480867861215096,,
LEU,-60,0,82,115,0.7130434782608696,-65.53190783867286,176.30950303697978,,,6.070341983610595,8.111132585808818,,
LEU,-60,0,5,115,0.043478260869565216,-72.12944358620527,-65.1992593655667,,,13.595001093159333,20.625333481962993,,
LEU,-60,30,5,8,0.625,173.32730911669526,51.881315473137384,,,3.8694948571350753,8.34337384653684,,
LEU,-60,90,8,13,0.6153846153846154,175.93831271514279,54.58054425359797,,,9.54019981744419,5.5223063142899305,,
LEU,-60,120,114,216,0.5277777777777778,-176.32781653157645,64.40659304900879,,,8.184356790747781,5.309961204723268,,
LEU,-60,120,9,216,0.041666666666666664,-163.65189073906188,159.16466989438894,,,8.116447505575767,9.427466337558137,,
LEU,-60,120,14,216,0.06481481481481481,-96.10669071977597,60.71600633246391,,,11.292007178312758,14.200465956062683,,
LEU,-60,120,68,216,0.3148148148148148,-70.38282947154784,-179.60148379582947,,,9.98683093493685,6.865427033786622,,
LEU,-60,120,7,216,0.032407407407407406,-40.24681370102639,-19.058647661800414,,,30.15501016889566,19.750982879400233,,
LEU,-60,150,33,269,0.12267657992565056,-176.98418466164293,68.27948724252275,,,9.387298363683742,5.699965966236226,,
LEU,-60,150,22,269,0.08178438661710037,-88.65205574683301,54.169991995375156,,,11.077010754987505,15.67193716072113,,
LEU,-60,150,198,269,0.7360594795539034,-64.87933992794835,176.3159567810775,,,6.72460550927942,7.841693825260401,,
LEU,-60,150,11,269,0.040892193308550186,-13.39400710716043,-3.9540066426857985,,,32.84393732937229,10.515162933119694,,
LEU,-30,-60,11,28,0.39285714285714285,-154.63208174857925,51.40228247949298,,,19.651267519171117,10.905699231181375,,
LEU,-30,-60,9,28,0.32142857142857145,-72.11790958605359,177.00801171021567,,,7.428778331712101,7.9395034555373645,,
LEU,-30,-30,6,20,0.3,178.77212253317165,61.29824500921857,,,18.525039315958338,8.901838743969797,,
LEU,-30,-30,8,20,0.4,-67.69114663276268,174.7908057952666,,,8.61204911791546,5.430630807875882,,
LEU,60,30,24,32,0.75,-57.97712469874911,178.93749766311743,,,8.049157059306587,8.687433985487662,,
LEU,60,60,8,14,0.5714285714285714,-58.60481614894236,-179.94910576212698,,,4.9134311924020215,3.718703399769244,,
LEU,90,0,5,7,0.7142857142857143,-65.9254737520158,-174.37665650298584,,,11.608022943977355,9.99056569686375,,
ILE,-150,-180,13,16,0.8125,61.01781002665378,178.09946427534177,,,4.189933782930069,6.938993990504896,,
ILE,-150,120,19,69,0.2753623188405797,-179.62437459638122,169.21873752881916,,,5.556944809824771,8.287570671287789,,
ILE,-150,120,40,69,0.5797101449275363,-63.632203428257014,176.44762870739564,,,5.503590750611811,6.7717692156975655,,
ILE,-150,150,40,117,0.3418803418803419,61.12049128698151,170.71367964611116,,,5.120713547874557,5.778597916829491,,
ILE,-150,150,6,117,0.05128205128205128,-171.83734124217096,58.89307929801866,,,3.7832033275909818,10.848320184405491,,
ILE,-150,150,46,117,0.39316239316239315,-175.2429940049402,173.64805838117573,,,6.792496701627147,7.43971911430142,,
ILE,-150,150,17,117,0.1452991452991453,-64.93754379735684,177.3034377245255,,,7.2636412780873565,3.545094692911163,,
ILE,-120,-180,40,45,0.8888888888888888,63.50270074494168,172.83394097078852,,,4.100481907698364,5.971603081330461,,
ILE,-120,-60,20,32,0.625,-61.83705239281242,170.3120349949991,,,3.7204662905863692,8.599725153022668,,
ILE,-120,-60,11,32,0.34375,-59.319737210418786,-61.854526678391494,,,6.250801545855682,5.784853517784854,,
ILE,-120,-30,8,31,0.25806451612903225,65.6947369883217,174.1442049513701,,,7.869016932743146,4.805144882185211,,
ILE,-120,-30,12,31,0.3870967741935484,-67.63904710202664,168.39923107195202,,,7.909264149170861,11.099402823166075,,
ILE,-120,-30,8,31,0.25806451612903225,-53.01101952188215,-61.66398415451535,,,12.688827934449803,3.8558871975586735,,
ILE,-120,0,45,56,0.8035714285714286,60.79536818006101,170.109515938566,,,4.479123360619784,8.128172154550429,,
ILE,-120,30,24,25,0.96,61.14348691040374,173.3588605730434,,,7.087331126499405,4.660339280646234,,
ILE,-120,90,37,46,0.8043478260869565,-58.237957443230194,172.0050063528679,,,5.324335937453306,9.355229109762254,,
ILE,-120,90,5,46,0.10869565217391304,-54.27505004946198,-65.82224525099639,,,3.5020697724721934,5.904493846000763,,
ILE,-120,120,9,690,0.013043478260869565,50.25898427216244,176.25597209139735,,,7.493937749381297,7.106310831243232,,
ILE,-120,120,5,690,0.007246376811594203,179.39802223650273,79.28349738558887,,,13.460142444305502,13.446588479819344,,
ILE,-120,120,16,690,0.02318840579710145,-175.22459203773533,169.06104656664388,,,4.000613838084725,8.852199161598051,,
ILE,-120,120,30,690,0.043478260869565216,-60.315292231948796,93.27415384762733,,,5.989083245263762,9.741567097774729,,
ILE,-120,120,522,690,0.7565217391304347,-59.56800705695181,173.15438467033596,,,5.17224919565722,7.1638902082534,,
ILE,-120,120,105,690,0.15217391304347827,-54.97907376692714,-62.49045059695368,,,6.651453848257922,6.949999209870824,,
ILE,-120,150,11,288,0.03819444444444445,63.71393106973359,93.68152758074659,,,7.171741905042881,6.72527390393243,,
ILE,-120,150,111,288,0.3854166666666667,62.220454513624425,171.244069684807,,,5.783735380188366,8.304960857246492,,
ILE,-120,150,6,288,0.020833333333333332,-166.22508337433874,65.8004374676305,,,21.367299882246467,11.331989414341233,,
ILE,-120,150,31,288,0.1076388888888889,-173.1166710914805,166.4862882669169,,,4.8883155954803374,4.491808700054624,,
ILE,-120,150,9,288,0.03125,-67.76215816485757,85.178417098361,,,18.816347685660627,15.918956460676847,,
ILE,-120,150,76,288,0.2638888888888889,-59.072669104911,173.33370668066823,,,7.27446449427103,7.497190376771799,,
ILE,-120,150,43,288,0.14930555555555555,-56.50153068626263,-62.44716120468543,,,6.908378561036,7.510916022578074,,
ILE,-90,-180,10,13,0.7692307692307693,63.79272934720893,171.91046543007866,,,6.323081034647076,8.273122824582346,,
ILE,-90,-60,6,91,0.06593406593406594,-79.3710513146107,73.43178529590159,,,15.016062606149438,12.137500157559236,,
ILE,-90,-60,54,91,0.5934065934065934,-65.17890087953533,174.63424264832528,,,6.370546613207807,8.888797459311409,,
ILE,-90,-60,31,91,0.34065934065934067,-56.867814993142275,-54.71499042868025,,,7.206164605409728,10.272378523045532,,
ILE,-90,-30,10,194,0.05154639175257732,61.65961604890668,93.47451568983014,,,6.8980417082598695,6.940080123328555,,
ILE,-90,-30,24,194,0.12371134020618557,64.76017665340801,174.55646598646305,,,6.686685710986809,9.671503808990057,,
ILE,-90,-30,9,194,0.04639175257731959,-164.06934620608922,60.36591339714625,,,7.803009569832238,8.255151437454215,,
ILE,-90,-30,13,194,0.06701030927835051,-167.59493706776044,168.46079115518216,,,7.575768232910581,7.962773728823544,,
ILE,-90,-30,94,194,0.4845360824742268,-64.6010823574055,174.70278314005358,,,8.216661075149403,8.226037473024062,,
ILE,-90,-30,40,194,0.20618556701030927,-58.00100179672725,-58.86550469311119,,,8.552904789450933,10.236313181189766,,
ILE,-90,0,9,72,0.125,56.995722445065,93.68645615698651,,,9.13824644085648,15.946562520496371,,
ILE,-90,0,50,72,0.6944444444444444,64.84245306261526,173.5022576541878,,,4.584485770305569,9.081415664155807,,
ILE,-90,30,6,8,0.75,62.125241882646925,163.43438744161588,,,4.116615507674354,6.701603313204812,,
ILE,-90,90,5,57,0.08771929824561403,-69.2793612806176,87.67125981494543,,,3.2940618100796524,5.336346600128505,,
ILE,-90,90,31,57,0.543859649122807,-57.88054793977549,176.8208475771183,,,5.54891360626926,7.795762572712392,,
ILE,-90,90,21,57,0.3684210526315789,-51.31681714153043,-56.801053590452945,,,7.273004404968116,10.725834089291688,,
ILE,-90,120,7,505,0.013861386138613862,67.05776193710155,167.5867614922307,,,9.947318629206972,8.877952054305187,,
ILE,-90,120,35,505,0.06930693069306931,-73.66055231832453,80.54445612226907,,,8.328716171062242,10.435555610185249,,
ILE,-90,120,318,505,0.6297029702970297,-60.51204722040288,171.96224233330483,,,5.328965213838701,6.795606350632447,,
ILE,-90,120,135,505,0.26732673267326734,-56.12909154665999,-58.73715742428685,,,5.9504557537106155,9.530799869411895,,
ILE,-90,150,23,118,0.19491525423728814,64.53191477950699,171.6622388375303,,,8.552158675756475,9.164884104503626,,
ILE,-90,150,6,118,0.05084745762711865,-173.86708583104306,164.85292380009196,,,6.691688503273274,6.65238967946355,,
ILE,-90,150,8,118,0.06779661016949153,-69.0206308047819,80.60560082251223,,,9.684591050388184,13.748295194248195,,
ILE,-90,150,45,118,0.3813559322033898,-62.22143860630473,173.36651058210924,,,6.10595118845099,6.9805365336966085,,
ILE,-90,150,32,118,0.2711864406779661,-53.78563435533551,-61.80148508945794,,,6.3046023680614,9.458306004912412,,
ILE,-60,-60,9,711,0.012658227848101266,-68.8941989513088,90.01841242990892,,,12.409518850989985,17.29340200046605,,
ILE,-60,-60,552,711,0.7763713080168776,-67.34305229276343,171.3055131393231,,,4.500501361905585,7.236992854662313,,
ILE,-60,-60,139,711,0.19549929676511954,-61.416628719821006,-62.631482694091765,,,6.264423314065023,8.597316536579585,,
ILE,-60,-30,20,1121,0.01784121320249777,60.90801047477888,95.70920657192457,,,13.373864131306794,8.926647298730618,,
ILE,-60,-30,39,1121,0.03479036574487065,63.60288316183786,174.9049491336255,,,8.447693880074363,7.001005048233157,,
ILE,-60,-30,77,1121,0.06868867082961641,-167.83124588380332,64.98306571438023,,,5.800541252380995,6.457119292861389,,
ILE,-60,-30,67,1121,0.05976806422836753,-168.85133178775348,170.13855891122265,,,6.878393371007697,9.149860090899876,,
ILE,-60,-30,29,1121,0.025869759143621766,-74.00945142970693,78.78459133380491,,,11.880032782277206,14.654846682090424,,
ILE,-60,-30,691,1121,0.6164139161462979,-66.8085574844147,172.7555979299026,,,5.4237554741000045,7.235774986345346,,
ILE,-60,-30,196,1121,0.17484388938447815,-61.623482890445075,-59.80581801300015,,,7.48232330567819,9.262109642839004,,
ILE,-60,0,18,38,0.47368421052631576,67.5698129269464,172.72801641614032,,,4.653630788759151,5.708692472035452,,
ILE,-60,0,5,38,0.13157894736842105,-162.15676158893092,58.48303942448538,,,3.5345732134615626,5.218714105554475,,
ILE,-60,90,6,11,0.5454545454545454,-55.95855840822022,-179.02070364038838,,,4.572132033148875,7.897500061077389,,
ILE,-60,120,8,129,0.06201550387596899,-71.88782067319913,79.04345807893785,,,8.000575818999257,11.100501548907957,,
ILE,-60,120,92,129,0.7131782945736435,-62.96968706173993,174.3934889029825,,,5.698332703024602,7.842546748384287,,
ILE,-60,120,19,129,0.14728682170542637,-56.024294641147094,-61.795358622608774,,,6.232685174127335,6.8381202196214925,,
ILE,-60,150,21,97,0.21649484536082475,63.435602615954224,174.66493939100747,,,5.602050519071034,6.013894319816783,,
ILE,-60,150,5,97,0.05154639175257732,-156.9598798566102,73.99748150575029,,,11.533840939958207,6.176976496859942,,
ILE,-60,150,18,97,0.18556701030927836,-165.35831865748148,173.46834453590927,,,4.408486333331578,9.027252479901174,,
ILE,-60,150,29,97,0.29896907216494845,-62.17595154725742,177.29206493351276,,,5.9382761508532464,7.450484452029097,,
ILE,-60,150,18,97,0.18556701030927836,-56.24099067341402,-60.141316847507355,,,11.837728782716542,13.636442622825152,,
ILE,-30,-60,5,12,0.4166666666666667,-63.2941800296647,-173.33562891248908,,,11.691688158578955,10.350670049355667,,
ILE,-30,-30,5,8,0.625,-57.51303956433217,179.19636649712487,,,2.2644593819464323,4.120013483774779,,
PHE,-180,-180,5,12,0.4166666666666667,57.82604817242246,83.87067916691299,,,4.100984266194916,2.6197266843515394,,
PHE,-180,-180,7,12,0.5833333333333334,68.12903601950168,-79.97616233836436,,,5.580761665835888,7.467595848244807,,
PHE,-180,150,10,22,0.45454545454545453,63.87585649371488,81.6578416496749,,,8.018217058106659,3.441048684910679,,
PHE,-180,150,9,22,0.4090909090909091,60.47026477544961,-84.4226839914033,,,4.549123778726036,4.132372465297975,,
PHE,-150,-180,22,60,0.36666666666666664,59.808605372824864,83.98164275767118,,,3.7482805842018703,5.635667656834185,,
PHE,-150,-180,33,60,0.55,64.50533433159008,-79.22174644258281,,,5.405717020839464,4.304877775432687,,
PHE,-150,90,7,10,0.7,-175.74302294272843,69.75755448991508,,,3.2621202494861525,17.65666381315802,,
PHE,-150,120,27,47,0.574468085106383,-177.02492176666485,70.88911277605057,,,7.442998005386404,10.023905990008847,,
PHE,-150,120,6,47,0.1276595744680851,-164.7364502981125,-81.43136145135075,,,4.965232522421363,9.036911984206434,,
PHE,-150,120,6,47,0.1276595744680851,-60.13335386700185,81.5194212568076,,,6.422787887425822,3.56224839950327,,
PHE,-150,120,5,47,0.10638297872340426,-71.38852694780026,-73.62828220877309,,,10.832737224042498,9.288331728499507,,
PHE,-150,150,44,172,0.2558139534883721,61.53025938715221,83.93911408379557,,,7.787213598752295,3.5640872316063414,,
PHE,-150,150,60,172,0.3488372093023256,62.74493901707919,-84.1481840695534,,,4.43002717576567,3.6225565190118583,,
PHE,-150,150,15,172,0.0872093023255814,-175.75650310535397,76.82574916129848,,,8.896277416928509,8.115578744580251,,
PHE,-150,150,15,172,0.0872093023255814,-60.43482231757914,82.90781285068076,,,5.688347091150537,3.2006890216633423,,
PHE,-150,150,37,172,0.21511627906976744,-61.555365576244085,-82.03918792353332,,,6.469729922127486,5.67499231967983,,
PHE,-120,-180,5,39,0.1282051282051282,69.90566418844749,84.9617603605192,,,3.0307813977811984,2.6573050881370017,,
PHE,-120,-180,10,39,0.2564102564102564,54.3382503736273,-83.77395884199721,,,7.204014057521614,4.5907184475228275,,
PHE,-120,-180,11,39,0.28205128205128205,-57.80410495578252,83.87169156752334,,,8.61445701616178,3.3269722974187275,,
PHE,-120,-180,13,39,0.3333333333333333,-59.66360082828065,-79.99243421911932,,,6.50864208223289,7.387160813898195,,
PHE,-120,-60,5,9,0.5555555555555556,-71.58445906366495,-47.23217767655209,,,2.0455548356990465,10.618942112792494,,
PHE,-120,-30,5,49,0.10204081632653061,-60.076397993097835,89.2863835581801,,,6.773934393747759,1.2476643856495173,,
PHE,-120,-30,35,49,0.7142857142857143,-60.29658023411127,-65.26339695447182,,,7.554789057408882,11.73898472127109,,
PHE,-120,0,5,80,0.0625,62.69000617473234,80.32973241500889,,,2.7535756064799064,10.02215442161203,,
PHE,-120,0,14,80,0.175,-61.22810974770421,82.69406722012391,,,8.471237831678554,4.734024533899574,,
PHE,-120,0,56,80,0.7,-61.460939205326575,-72.23785084711272,,,6.692129178115909,9.536827988531261,,
PHE,-120,30,11,56,0.19642857142857142,-69.35798654103198,74.162317187498,,,9.207994662244623,10.284847996954781,,
PHE,-120,30,41,56,0.7321428571428571,-57.64358731380883,-71.48519963199237,,,6.440004029020738,9.247895353775542,,
PHE,-120,60,21,24,0.875,-57.24650000596669,-76.39340617646079,,,6.903570899155688,8.969503249390193,,
PHE,-120,90,7,41,0.17073170731707318,-175.13806812555936,69.23176788750848,,,10.1772565002369,15.066105054796008,,
PHE,-120,90,9,41,0.21951219512195122,-65.6300886618243,82.03525279417232,,,9.885012550337974,4.970089901734356,,
PHE,-120,90,22,41,0.5365853658536586,-55.24701898962861,-75.47312050386466,,,5.01169592348235,8.196369422429878,,
PHE,-120,120,36,156,0.23076923076923078,179.96568472127706,65.43138947570237,,,6.433676966908154,12.649517565548242,,
PHE,-120,120,8,156,0.05128205128205128,-162.31404804808892,-73.51890123838126,,,11.154411101329117,6.370302926633553,,
PHE,-120,120,50,156,0.32051282051282054,-66.13143560551502,80.31259821266903,,,6.491894901511414,6.1861367940792675,,
PHE,-120,120,62,156,0.3974358974358974,-64.46664748299811,-76.65603564862504,,,7.729526526144124,10.866008809309934,,
PHE,-120,150,14,229,0.0611353711790393,61.06882884484004,84.67190423634264,,,4.875401112024189,4.57473901026838,,
PHE,-120,150,9,229,0.039301310043668124,60.31479713606549,-78.7807481179693,,,6.161636346211655,5.485669613005535,,
PHE,-120,150,13,229,0.056768558951965066,-177.47876021931958,68.09964191415249,,,8.295944392981358,9.5434803874268,,
PHE,-120,150,92,229,0.4017467248908297,-63.440111673771064,82.09781120880673,,,5.975800807694855,5.26569057413855,,
PHE,-120,150,100,229,0.4366812227074236,-64.24822446360055,-77.03121604850521,,,6.9530098836536975,9.043196657118967,,
PHE,-90,-180,6,22,0.2727272727272727,-66.50042396973241,78.29259610252184,,,6.066106869115611,9.020090733795001,,
PHE,-90,-180,8,22,0.36363636363636365,-66.54398050773709,-80.86753724278506,,,18.20520620003673,18.066582764374694,,
PHE,-90,-60,23,46,0.5,-176.64104804908547,70.63557005828915,,,6.654153990801035,9.911608050410331,,
PHE,-90,-60,8,46,0.17391304347826086,-65.36185284359745,80.21700961805143,,,9.018136007594451,17.793629147196025,,
PHE,-90,-60,11,46,0.2391304347826087,-67.80466416541468,-61.91007637587394,,,8.804048319472606,18.688188677159907,,
PHE,-90,-30,23,138,0.16666666666666666,-178.9445651976835,73.3014622537139,,,7.26041399632231,7.895281922246401,,
PHE,-90,-30,7,138,0.050724637681159424,-168.33006970294764,-79.70361012313228,,,3.569359264300704,7.520176143287688,,
PHE,-90,-30,35,138,0.2536231884057971,-74.81013264156242,77.4452708631732,,,7.317268426290686,10.96053683214222,,
PHE,-90,-30,70,138,0.5072463768115942,-69.9287973951829,-69.25404391095441,,,7.895876432816289,9.612990050063047,,
PHE,-90,0,8,145,0.05517241379310345,51.96432936601989,78.82538195016635,,,4.69841465382533,4.62655471890121,,
PHE,-90,0,29,145,0.2,-71.00225229671534,80.85236380195471,,,6.24658279933211,6.045001983126413,,
PHE,-90,0,102,145,0.7034482758620689,-64.5834158783629,-66.35190325296504,,,6.764597295141801,14.381989342581608,,
PHE,-90,30,9,13,0.6923076923076923,-52.77322187896945,-69.60256979844911,,,10.064962819902476,15.182224964608263,,
PHE,-90,60,11,14,0.7857142857142857,-61.87831469312293,-72.01103308061842,,,5.782234498146814,10.192499702266927,,
PHE,-90,90,10,18,0.5555555555555556,-66.69873978266565,-77.02967926314403,,,7.929378682762509,11.982749606045424,,
PHE,-90,120,53,188,0.28191489361702127,-179.91904056907248,72.62229196490804,,,7.212691622539425,7.784763702434981,,
PHE,-90,120,16,188,0.0851063829787234,-171.29730123309125,-83.44392724505042,,,5.05350107327653,5.3130887880001785,,
PHE,-90,120,46,188,0.24468085106382978,-69.79233396905494,78.65852163085333,,,6.538332722221466,9.317421135325667,,
PHE,-90,120,72,188,0.3829787234042553,-67.86218921489281,-75.09210399792575,,,8.246425806755754,11.074708753578996,,
PHE,-90,150,16,168,0.09523809523809523,-174.62016955377462,74.0663054111696,,,9.491692327468488,7.286539363752116,,
PHE,-90,150,57,168,0.3392857142857143,-73.3851685143412,75.5524034463929,,,7.266348483588595,12.10582025192979,,
PHE,-90,150,90,168,0.5357142857142857,-69.56057325042366,-70.12902804640149,,,6.273017010245474,12.948402705865659,,
PHE,-60,-60,325,450,0.7222222222222222,177.68330371672548,71.71746356941233,,,6.088333622952002,9.256606719673014,,
PHE,-60,-60,53,450,0.11777777777777777,-174.61347723093186,-81.35049096609916,,,6.96456242824398,6.371783356191799,,
PHE,-60,-60,14,450,0.03111111111111111,-82.58761862764607,69.17034883551078,,,6.513809783868854,18.66000321374304,,
PHE,-60,-60,58,450,0.1288888888888889,-69.3875792570281,-38.86763634641306,,,9.157373953604685,22.690595505679006,,
PHE,-60,-30,15,642,0.02336448598130841,67.50689245729959,83.35249206273946,,,8.979600734409125,2.719550017971639,,
PHE,-60,-30,21,642,0.03271028037383177,73.28681344009175,-80.83863932137449,,,8.928061663499967,5.140725256597056,,
PHE,-60,-30,264,642,0.411214953271028,-179.60108458301985,71.27510240113294,,,8.306682420163067,9.835240199581103,,
PHE,-60,-30,30,642,0.04672897196261682,-174.63732682746812,-82.73515573482678,,,8.15523581129595,6.5290865275075065,,
PHE,-60,-30,61,642,0.09501557632398754,-79.61233701775194,69.24436311605204,,,7.064558343638495,16.347626256484297,,
PHE,-60,-30,251,642,0.3909657320872274,-70.3197830990887,-57.9299766691333,,,8.25709596183577,20.142850219327368,,
PHE,-60,0,5,38,0.13157894736842105,64.58532473772712,-85.29295800668868,,,8.57892145189645,2.897978295267551,,
PHE,-60,0,12,38,0.3157894736842105,-73.43631174929969,79.30074604154244,,,6.590248291281553,8.523951075268913,,
PHE,-60,0,15,38,0.39473684210526316,-71.42728582030189,-63.78877011387549,,,5.204261917930894,18.996556326011465,,
PHE,-60,30,8,11,0.7272727272727273,-177.8713935691699,74.09055780750073,,,5.187030183327074,8.153170789288625,,
PHE,-60,120,41,78,0.5256410256410257,178.74692985260907,75.21151346101841,,,4.835687025058023,6.620211548741813,,
PHE,-60,120,7,78,0.08974358974358974,-171.70223512857675,-83.05465284797977,,,11.305627741653206,3.622063717297773,,
PHE,-60,120,25,78,0.32051282051282054,-68.97933605596945,-60.946081660236196,,,6.431149912172702,15.23298397067619,,
PHE,-60,150,37,116,0.31896551724137934,-177.41540497779496,74.36786693435477,,,5.445903783887903,9.351204870647486,,
PHE,-60,150,22,116,0.1896551724137931,-81.20121973585287,69.7012440503243,,,4.368065432490368,16.236836229598495,,
PHE,-60,150,48,116,0.41379310344827586,-67.69985902165992,-57.067477603742105,,,6.8848607478231,19.651154631223072,,
PHE,-30,-60,10,12,0.8333333333333334,-179.3674944990652,69.89006009038795,,,5.4947340192772245,15.847059893690734,,
PHE,60,0,7,8,0.875,-52.680489334650346,-69.09549212294768,,,3.0480343504536416,12.135788667769104,,
PHE,60,30,7,24,0.2916666666666667,-69.06232000826381,70.98597463949075,,,8.723081348762644,21.08230532049237,,
PHE,60,30,15,24,0.625,-61.45750504238845,-74.38910078696443,,,10.849544254144254,13.3326915709912,,
PHE,60,60,6,17,0.35294117647058826,-67.65504778359852,72.4293598305132,,,14.556192019832487,11.344831979667696,,
PHE,60,60,11,17,0.6470588235294118,-56.17126827561054,-70.98684227512696,,,10.851475207295962,9.804812214563237,,
PRO,-90,-180,82,89,0.9213483146067416,33.18915526516181,-36.13262544433788,,,3.473476150489981,4.4163064508550605,,
PRO,-90,-30,32,40,0.8,31.638550289044176,-35.681769359979896,,,3.5108918334172565,4.855032310592595,,
PRO,-90,-30,5,40,0.125,-16.32649080595131,36.966050181946535,,,4.105690115736131,2.4950610129931117,,
PRO,-90,0,5,93,0.053763440860215055,5.523068225025115,10.464539447924887,,,3.616151443229409,6.883461373037112,,
PRO,-90,0,71,93,0.7634408602150538,34.487089225156005,-36.70182468965689,,,2.9824351627656576,4.427205239358458,,
PRO,-90,0,16,93,0.17204301075268819,-9.979223576418711,28.153572639039037,,,7.5165147763601246,7.1110526281746465,,
PRO,-90,30,18,19,0.9473684210526315,33.55515439643363,-34.95023557828261,,,3.32057238236948,3.8128343590629834,,
PRO,-90,60,29,33,0.8787878787878788,32.83804085269732,-36.056536442463894,,,3.182091688913635,5.422730812336943,,
PRO,-90,90,10,16,0.625,28.494029112607954,-30.44774212288313,,,4.45516104482328,8.156466310935844,,
PRO,-90,120,6,50,0.12,8.85376078146607,8.951355066691521,,,4.18724636533495,3.724930663923527,,
PRO,-90,120,34,50,0.68,31.64664386666903,-34.47480417034456,,,6.031136670578923,8.478794051286998,,
PRO,-90,120,10,50,0.2,-13.675039044110768,32.074677804126104,,,8.807337785048544,7.534053237084285,,
PRO,-90,150,7,221,0.03167420814479638,6.1778425884421715,9.962380461717514,,,3.751454225586806,4.9777629545120154,,
PRO,-90,150,190,221,0.8597285067873304,31.520843893287477,-35.67506192218854,,,3.550645410730069,5.047241867179258,,
PRO,-90,150,24,221,0.1085972850678733,-16.663468412898048,35.604359972807565,,,4.469806846854533,4.235886774293167,,
PRO,-60,-180,53,102,0.5196078431372549,28.84006438037343,-37.058949808455715,,,4.336701901933535,4.878192984495621,,
PRO,-60,-180,48,102,0.47058823529411764,-21.7734074422794,34.226908924326025,,,5.516307702964202,4.3500252081077235,,
PRO,-60,-60,21,144,0.14583333333333334,22.659554766747426,-35.65748751422239,,,5.7149520997308105,4.7956098698740695,,
PRO,-60,-60,121,144,0.8402777777777778,-29.919905611017455,39.56411484359941,,,3.066183142183403,3.9250554101275505,,
PRO,-60,-30,291,920,0.31630434782608696,23.55573549436503,-34.92164861724092,,,4.331699341698653,4.1777149661012585,,
PRO,-60,-30,625,920,0.6793478260869565,-26.377633718825198,36.676128104345885,,,4.379565696438524,4.127025678020936,,
PRO,-60,0,81,127,0.6377952755905512,27.321079363907696,-36.90916798515566,,,4.126137639649521,4.102804591202718,,
PRO,-60,0,44,127,0.3464566929133858,-22.568339344314676,36.52950613460694,,,6.037607958040413,4.757260465917364,,
PRO,-60,30,7,12,0.5833333333333334,28.2202007878798,-40.27418368348958,,,5.39723557441492,4.1432167481754245,,
PRO,-60,30,5,12,0.4166666666666667,-19.828814118858855,34.75938372857006,,,3.579229832332034,3.7803780142991306,,
PRO,-60,60,8,16,0.5,30.075689280809527,-38.81036079438524,,,5.619894757805053,4.452501101939073,,
PRO,-60,60,8,16,0.5,-21.970532412183253,35.912488169193075,,,5.30703367564255,4.55827423325537,,
PRO,-60,90,6,17,0.35294117647058826,26.958854256100278,-35.88077015954687,,,3.852778786522015,4.757945452098083,,
PRO,-60,90,11,17,0.6470588235294118,-28.571834495482086,38.02507048124665,,,2.984091647784321,3.1567310162452915,,
PRO,-60,120,103,337,0.3056379821958457,24.384548440516088,-34.852045144406915,,,4.518552771598536,4.754979481131427,,
PRO,-60,120,229,337,0.6795252225519288,-26.690187356800593,36.98897562980552,,,4.739221790159772,4.85783617264767,,
PRO,-60,150,6,1091,0.005499541704857928,1.9489251764543545,10.524979456288102,,,1.1834935342619104,4.8044132780409905,,
PRO,-60,150,458,1091,0.41979835013748856,25.58598655195909,-35.15505257879956,,,4.64975584491401,4.544170834811693,,
PRO,-60,150,623,1091,0.5710357470210816,-24.090574691017125,35.25854580155392,,,4.8373964750535805,4.612822305169579,,
PRO,-30,-60,46,49,0.9387755102040817,-34.52055799630686,39.68990703607249,,,3.2595976787282375,6.5106205515034565,,
PRO,-30,-30,25,28,0.8928571428571429,-34.174516323022466,41.95466362875209,,,2.536312792414184,4.332203790331476,,
PRO,-30,120,8,14,0.5714285714285714,-34.37048837090124,39.307056851336796,,,1.7282639482323439,5.532997709643937,,
PRO,-30,150,12,13,0.9230769230769231,-35.02826858277047,41.45650720663387,,,2.4522870886316075,4.247522594201344,,
TRP,-150,-180,9,14,0.6428571428571429,65.33502149102597,-75.5244684607015,,,10.274107383875988,22.626456265793095,,
TRP,-150,120,5,11,0.45454545454545453,-170.3654754790596,-96.65003683870516,,,7.4342606918221,13.219158969396547,,
TRP,-150,150,5,38,0.13157894736842105,61.57969824161957,84.7149802802473,,,7.088550523203932,2.1125026845303982,,
TRP,-150,150,16,38,0.42105263157894735,62.6715256059836,-87.19686273656714,,,8.916390417161281,5.927995739064768,,
TRP,-150,150,7,38,0.18421052631578946,177.89176683391096,87.03222549230159,,,4.319567464589385,4.966823909885628,,
TRP,-120,-180,5,8,0.625,-65.77494551530602,71.43154668774015,,,7.981037181562887,12.991967836560091,,
TRP,-120,-30,6,10,0.6,-69.36191453641594,101.10355616800695,,,5.053864323752104,5.761908332976368,,
TRP,-120,0,5,15,0.3333333333333333,-69.53300283811303,103.68874526583788,,,9.354809803348715,3.3964206828487575,,
TRP,-120,0,8,15,0.5333333333333333,-59.09186506734852,-75.83529138465022,,,5.024699304619881,12.996364633924864,,
TRP,-120,120,5,43,0.11627906976744186,-177.99555978625816,78.97378201208502,,,3.892174076508064,16.854885275405223,,
TRP,-120,120,8,43,0.18604651162790697,-172.176413974391,-83.51010115473052,,,6.659835360114496,17.515574679131806,,
TRP,-120,120,17,43,0.3953488372093023,-66.60649172842109,78.03131277461034,,,10.667025899710913,17.188443139952867,,
TRP,-120,120,12,43,0.27906976744186046,-68.255729855695,-84.02642182572892,,,8.56728344146709,12.691913575944904,,
TRP,-120,150,33,51,0.6470588235294118,-66.94154951880508,82.44146399171106,,,6.457294572618009,9.013686336129334,,
TRP,-120,150,11,51,0.21568627450980393,-69.643912788711,-80.4124112305374,,,5.704295503543547,22.151851315974337,,
TRP,-90,-30,16,36,0.4444444444444444,-69.29751330636128,97.31976026687519,,,6.919422733015505,10.744681552430087,,
TRP,-90,-30,12,36,0.3333333333333333,-79.62397513610875,-53.00335800823192,,,10.796460349511538,38.12194037070061,,
TRP,-90,0,10,45,0.2222222222222222,60.99182703548445,85.77604398167335,,,5.196492806093205,4.784440848085445,,
TRP,-90,0,7,45,0.15555555555555556,57.77233800747782,-89.25514340167085,,,6.818264910684493,9.025938780921948,,
TRP,-90,0,17,45,0.37777777777777777,-66.32054894872944,100.34770621438763,,,7.845098708093652,9.093953745106722,,
TRP,-90,0,11,45,0.24444444444444444,-67.75728903433378,-27.606271146755272,,,5.22886344719064,16.6363454580832,,
TRP,-90,120,7,40,0.175,-174.69016578771624,75.31438228002837,,,8.652944912421194,13.392579394934323,,
TRP,-90,120,9,40,0.225,-171.00771312822002,-77.86739235469568,,,4.480396087138619,31.732396118610026,,
TRP,-90,120,18,40,0.45,-68.3483936606881,96.28230230732741,,,6.157750526342437,9.07907805989276,,
TRP,-90,150,5,54,0.09259259259259259,48.719400024301656,83.95679968459305,,,7.937580268664732,6.860253083992216,,
TRP,-90,150,35,54,0.6481481481481481,-67.12087568651516,89.58937719965854,,,8.219604006043287,14.733069407309507,,
TRP,-90,150,6,54,0.1111111111111111,-68.78308385814975,-52.29867980219623,,,9.706283506306049,34.50347621283844,,
TRP,-60,-60,74,124,0.5967741935483871,179.37972251397534,79.9609640377022,,,7.311700600685875,8.708417127791085,,
TRP,-60,-60,30,124,0.24193548387096775,179.3637957443663,-96.25621804156098,,,8.361363321157551,17.009219497227434,,
TRP,-60,-60,10,124,0.08064516129032258,-76.96070604928927,105.16690945466951,,,14.051758123617793,18.99677142554867,,
TRP,-60,-60,7,124,0.056451612903225805,-62.65753341798633,-18.672803628254172,,,10.052960162297788,14.663906597390685,,
TRP,-60,-30,36,256,0.140625,65.56766146099105,-93.93118498966413,,,5.959061997939349,5.288185151023346,,
TRP,-60,-30,46,256,0.1796875,178.4383945239237,84.4126573129434,,,6.835492187282645,7.622082560740288,,
TRP,-60,-30,16,256,0.0625,-177.03453898977963,-127.33728071541306,,,9.209396381218685,3.2790346054375568,,
TRP,-60,-30,33,256,0.12890625,177.38030207784777,-99.05204713251493,,,7.1356463401851595,10.94449122270796,,
TRP,-60,-30,78,256,0.3046875,-75.25337433651423,101.29396854933583,,,7.401998556437167,15.135029435942652,,
TRP,-60,-30,13,256,0.05078125,-67.69408522007329,129.59076077921063,,,12.272557669685188,9.516659331561476,,
TRP,-60,-30,34,256,0.1328125,-70.9762283514257,-14.451254651852192,,,9.869948861945186,10.94102905441388,,
TRP,-60,0,5,15,0.3333333333333333,52.140094676825086,-92.3014070991751,,,4.507204670340724,3.0352942749132477,,
TRP,-60,120,10,25,0.4,-179.7709662206481,76.26210460076902,,,4.8469694037380915,17.881552174347448,,
TRP,-60,120,7,25,0.28,-172.0995109523331,-95.7770238108963,,,5.175776584624333,7.460150798466027,,
TRP,-60,120,7,25,0.28,-75.01104065520202,100.8485371596078,,,4.613487150356204,8.378811099340519,,
TRP,-60,150,9,27,0.3333333333333333,-162.15751457096414,-92.86034876099649,,,8.824822302709515,10.84107158516866,,
TRP,-60,150,11,27,0.4074074074074074,-68.69568354075851,67.71749358356767,,,5.423591129596816,37.375581075723474,,
TYR,-180,-180,8,11,0.7272727272727273,58.744961514465786,74.9338726752782,,,12.936755481133137,11.26894270636736,,
TYR,-180,150,5,15,0.3333333333333333,64.90321104421047,83.63471078912019,,,9.126112806963778,3.658875001989402,,
TYR,-180,150,5,15,0.3333333333333333,70.40198620937083,-82.446217510566,,,7.849333190510672,3.5822491848290485,,
TYR,-150,-180,18,55,0.32727272727272727,56.385813589396705,79.34831095207288,,,5.33832532921056,5.920158632540728,,
TYR,-150,-180,30,55,0.5454545454545454,64.31967055178438,-79.2158215160266,,,5.715923683800675,7.924520901383329,,
TYR,-150,-180,5,55,0.09090909090909091,-62.74854669226483,-76.5220488615645,,,15.68987954622542,15.765280571030232,,
TYR,-150,120,18,41,0.43902439024390244,179.7919433432628,69.10085880495654,,,6.746440084127989,10.78998492675246,,
TYR,-150,120,6,41,0.14634146341463414,-173.01061516193366,-73.75947209819141,,,8.79825292349168,11.943134870469082,,
TYR,-150,120,9,41,0.21951219512195122,-59.3565491744697,-77.35322644236702,,,10.537338999886591,4.634414090226968,,
TYR,-150,150,37,134,0.27611940298507465,64.12859639619329,83.6274579316665,,,6.5556799707141415,3.9164576824862882,,
TYR,-150,150,44,134,0.3283582089552239,65.430263091361,-81.97226886156827,,,8.113591099330264,4.414150131573538,,
TYR,-150,150,14,134,0.1044776119402985,176.9485033452081,77.2727109612906,,,10.41041358292315,7.908453558522466,,
TYR,-150,150,21,134,0.15671641791044777,-60.047953274978255,82.20771552335492,,,5.045540183526919,3.891649870213243,,
TYR,-150,150,15,134,0.11194029850746269,-57.28757002381133,-78.30854654203107,,,14.311882990903078,14.89279480224674,,
TYR,-120,-180,8,22,0.36363636363636365,-60.72177240694323,79.78410274034627,,,3.4254762249972415,6.555494994100798,,
TYR,-120,-180,11,22,0.5,-61.87207939133635,-67.82215257421323,,,5.578239270717452,16.12246367526388,,
TYR,-120,-60,5,6,0.8333333333333334,-62.78137396053556,-61.5580407276696,,,5.803153787192799,9.502139088404027,,
TYR,-120,-30,30,39,0.7692307692307693,-60.02461110969499,-66.29783624259473,,,9.415878354829871,12.615523657106767,,
TYR,-120,0,13,61,0.21311475409836064,-66.19988805068878,82.73750968530672,,,7.593388199141066,4.613828526908708,,
TYR,-120,0,43,61,0.7049180327868853,-59.231106785739534,-74.52001278834162,,,7.122609077509595,9.816360987388874,,
TYR,-120,30,10,54,0.18518518518518517,-60.95994793714065,86.28578426229025,,,12.698853453866176,3.216538469709607,,
TYR,-120,30,41,54,0.7592592592592593,-58.93387776881655,-74.20654962124073,,,6.48429431814728,8.1543647530435,,
TYR,-120,60,19,22,0.8636363636363636,-53.245654536618574,-68.67109489791993,,,4.707025223742334,4.956280443045072,,
TYR,-120,90,5,24,0.20833333333333334,-168.27368084909486,-48.544980486343654,,,7.126477165891518,9.360247244036167,,
TYR,-120,90,5,24,0.20833333333333334,-62.44200033985892,85.25293041454542,,,10.434563031536431,3.45183129844146,,
TYR,-120,90,10,24,0.4166666666666667,-51.38824716288579,-70.97380782790219,,,9.139270232242461,5.282522873233548,,
TYR,-120,120,39,124,0.31451612903225806,176.5401678223393,71.70050450503119,,,6.983032843719994,10.439086998996643,,
TYR,-120,120,12,124,0.0967741935483871,-176.32619662646653,-77.5943388812138,,,6.851657224861696,13.18648126319765,,
TYR,-120,120,44,124,0.3548387096774194,-62.26976886361323,80.55879215011562,,,6.04021152493639,6.96338648649347,,
TYR,-120,120,29,124,0.23387096774193547,-62.44472420991432,-77.70905485468555,,,7.045679349989385,8.867184777571875,,
TYR,-120,150,11,240,0.04583333333333333,61.304174877634416,84.35674602806277,,,5.720442576032967,4.197376670461579,,
TYR,-120,150,10,240,0.041666666666666664,61.4510115181237,-84.61251681162085,,,6.557433381346398,3.3432269958733807,,
TYR,-120,150,8,240,0.03333333333333333,-177.7424827550166,79.32949999326928,,,2.615415666198768,8.130640089508487,,
TYR,-120,150,77,240,0.32083333333333336,-63.43908505044611,81.8174683487382,,,7.506822871958973,5.385135643598988,,
TYR,-120,150,130,240,0.5416666666666666,-63.5353220923128,-78.20279269474368,,,7.498869514013963,9.089133707055145,,
TYR,-90,-180,5,14,0.35714285714285715,-57.410634873843065,-68.15809691551638,,,9.304813321607316,8.61929408070738,,
TYR,-90,-60,14,32,0.4375,177.23004532233512,70.09855821594401,,,8.408922187777758,7.157035554538856,,
TYR,-90,-60,5,32,0.15625,-76.1165059681454,74.94696647413757,,,5.497362514158658,19.117310971042897,,
TYR,-90,-60,10,32,0.3125,-69.4655368834103,-71.60501182636665,,,12.005106540363562,8.230971790325688,,
TYR,-90,-30,5,114,0.043859649122807015,62.40705299384464,78.42005924608647,,,9.280936631463721,7.099796681180016,,
TYR,-90,-30,13,114,0.11403508771929824,175.3328998764609,69.16427596570456,,,6.847802945681083,7.675666547008451,,
TYR,-90,-30,7,114,0.06140350877192982,-177.51957598755993,-83.02163335665631,,,7.785451607151238,6.895106797081039,,
TYR,-90,-30,16,114,0.14035087719298245,-71.88452257310358,79.02879126322973,,,6.855064406707669,7.065809241929679,,
TYR,-90,-30,73,114,0.6403508771929824,-66.88559660986103,-67.55490715095831,,,9.061067465077313,11.480786396087796,,
TYR,-90,0,8,114,0.07017543859649122,56.716761139897365,77.70379057083518,,,10.816003071175256,5.706251712266549,,
TYR,-90,0,27,114,0.23684210526315788,-67.96586953319397,82.61563058959887,,,4.366582180112808,6.570169539012493,,
TYR,-90,0,72,114,0.631578947368421,-63.75860932354803,-73.68033771152837,,,8.205871148635131,10.342826456900045,,
TYR,-90,30,7,18,0.3888888888888889,-68.2931856225272,76.2973909674368,,,6.84451525647092,4.599080820923718,,
TYR,-90,30,10,18,0.5555555555555556,-63.02998183546045,-78.5637683775323,,,6.819913086117533,8.374670711835797,,
TYR,-90,60,5,7,0.7142857142857143,-58.02218580357937,-60.830714014254845,,,4.383120524990669,19.636081773322992,,
TYR,-90,90,5,20,0.25,-172.99884147662104,59.59214800842487,,,7.148128826872094,10.354716297469745,,
TYR,-90,90,9,20,0.45,-64.2037068773451,-72.23543236039463,,,9.050912899957948,16.522839461330715,,
TYR,-90,120,42,107,0.3925233644859813,-179.48342426320022,69.9719636234142,,,8.731277097615678,9.080548309197471,,
TYR,-90,120,10,107,0.09345794392523364,-172.66410124304554,-80.44953089349586,,,6.932411393931126,2.60123230084545,,
TYR,-90,120,29,107,0.27102803738317754,-73.28853381059852,79.19333501934342,,,6.268388117467969,10.991731310695906,,
TYR,-90,120,26,107,0.24299065420560748,-72.2798742152242,-74.42732431460848,,,7.938914167358201,10.867005629069167,,
TYR,-90,150,6,136,0.04411764705882353,61.54258108387764,85.77576823198496,,,4.115434613241921,1.9317345717920624,,
TYR,-90,150,5,136,0.03676470588235294,62.06794127964846,-76.62917438018005,,,10.799676199420805,14.56192399972648,,
TYR,-90,150,17,136,0.125,-173.0472743588071,75.7660500257851,,,7.602670908870884,7.277456030544457,,
TYR,-90,150,35,136,0.25735294117647056,-69.21482161150611,82.28673581635083,,,7.118511709566233,4.347374135402951,,
TYR,-90,150,69,136,0.5073529411764706,-66.42097636878817,-71.19485293353168,,,8.242412757444262,11.846333370541988,,
TYR,-60,-60,287,433,0.6628175519630485,178.5992582046252,75.59844464980843,,,6.928982812366429,7.927879854111805,,
TYR,-60,-60,73,433,0.16859122401847576,-178.07389125889227,-82.5378867262977,,,5.888131403441932,5.2904861325079455,,
TYR,-60,-60,23,433,0.053117782909930716,-81.64346634685856,70.38411925311136,,,8.6649132827401,13.772102556656568,,
TYR,-60,-60,49,433,0.11316397228637413,-74.77817862393026,-55.7094340621885,,,11.529198097730099,18.400412115610372,,
TYR,-60,-30,16,584,0.0273972602739726,66.51124777119136,80.39030849653642,,,8.609525090861407,6.8892888504620915,,
TYR,-60,-30,19,584,0.032534246575342464,74.54845132982423,-82.65147208691927,,,4.61159764964585,5.9052574060325265,,
TYR,-60,-30,243,584,0.4160958904109589,-179.74462189474264,73.86554877662644,,,7.093921757900761,9.118484804526704,,
TYR,-60,-30,50,584,0.08561643835616438,-176.94008367519018,-83.91481196742612,,,8.040244560912448,3.3375957966735577,,
TYR,-60,-30,49,584,0.0839041095890411,-78.27228309771876,65.64186576938809,,,7.727738844501166,21.93788879094392,,
TYR,-60,-30,207,584,0.3544520547945205,-70.3791080521041,-51.63323949048932,,,9.882247403336237,21.286862110183094,,
TYR,-60,0,12,31,0.3870967741935484,65.66211619917412,78.73473296159109,,,4.108948152512524,7.640902085962721,,
TYR,-60,0,5,31,0.16129032258064516,-75.5833203675184,68.81032586390144,,,13.83835620543501,15.16982595187643,,
TYR,-60,0,12,31,0.3870967741935484,-67.01091222740654,-40.13608355496367,,,11.447170539670676,29.675880230465594,,
TYR,-60,30,8,11,0.7272727272727273,-167.21491515961122,65.42316057055103,,,4.889165551907637,3.9669888290836375,,
TYR,-60,120,48,63,0.7619047619047619,179.7352252498048,69.66195874285924,,,4.75512169957716,8.662138765805672,,
TYR,-60,120,9,63,0.14285714285714285,-68.58483493070105,-62.128148956178116,,,11.288658039236946,12.656897460412315,,
TYR,-60,150,18,69,0.2608695652173913,-174.53531598792634,78.42036454568384,,,6.33996961935298,9.76338672214052,,
TYR,-60,150,15,69,0.21739130434782608,-73.0894650869673,77.90316445986244,,,13.464330260785411,9.143291451507075,,
TYR,-60,150,35,69,0.5072463768115942,-71.75386480771914,-69.87924716413995,,,7.298752709327909,9.321728404841572,,
TYR,-30,-60,7,15,0.4666666666666667,-175.82058912409127,68.50913896414792,,,7.947357881226731,11.96363828702997,,
TYR,60,30,7,23,0.30434782608695654,-74.72630103921345,79.31856439749357,,,2.1500121037248765,4.073957874030413,,
TYR,60,30,15,23,0.6521739130434783,-56.89310839297681,-69.49291269434333,,,8.213266540074306,8.907736954493254,,
TYR,60,60,9,12,0.75,-60.682995505723525,-72.92680438038519,,,6.65059196311153,11.166004665711775,,
CYS,-180,-180,10,11,0.9090909090909091,64.94724404657151,,,,2.7960969189582126,,,
CYS,-180,150,8,9,0.8888888888888888,75.4536714825803,,,,3.1696178876803667,,,
CYS,-150,-180,30,35,0.8571428571428571,63.53513233825421,,,,5.294303603892503,,,
CYS,-150,90,6,7,0.8571428571428571,-173.41266133823638,,,,4.592632302493794,,,
CYS,-150,120,29,31,0.9354838709677419,-178.62841846232067,,,,7.117236842624795,,,
CYS,-150,150,30,45,0.6666666666666666,63.906377678914325,,,,6.793138753125826,,,
CYS,-150,150,9,45,0.2,-176.27129623701006,,,,5.158885416391314,,,
CYS,-150,150,6,45,0.13333333333333333,-48.408222280113094,,,,23.760640879014915,,,
CYS,-120,-180,7,13,0.5384615384615384,63.29771682103741,,,,9.412511512637431,,,
CYS,-120,-180,6,13,0.46153846153846156,-53.206711158987794,,,,8.864377022025563,,,
CYS,-120,-30,6,9,0.6666666666666666,-60.063951778532896,,,,0.7562429759111151,,,
CYS,-120,0,11,16,0.6875,71.95335296632935,,,,7.680303981791103,,,
CYS,-120,0,5,16,0.3125,-63.634773610983835,,,,5.487263917278401,,,
CYS,-120,30,8,12,0.6666666666666666,-66.38470893855616,,,,8.521998818597888,,,
CYS,-120,120,35,64,0.546875,-178.47121088736668,,,,5.985194129940624,,,
CYS,-120,120,28,64,0.4375,-58.83985530962698,,,,4.554102250378269,,,
CYS,-120,150,11,67,0.16417910447761194,70.05877068948465,,,,7.861720850497925,,,
CYS,-120,150,14,67,0.208955223880597,178.31689870771692,,,,5.36590348730953,,,
CYS,-120,150,42,67,0.6268656716417911,-58.3076497866352,,,,7.516531322421454,,,
CYS,-90,-180,8,13,0.6153846153846154,63.45674262766106,,,,4.342699347840655,,,
CYS,-90,-30,33,39,0.8461538461538461,-68.32930900091334,,,,5.7903282930735855,,,
CYS,-90,0,11,42,0.2619047619047619,64.89067854573649,,,,5.091422784960889,,,
CYS,-90,0,30,42,0.7142857142857143,-65.46044911989489,,,,5.3695232384390765,,,
CYS,-90,30,9,10,0.9,-65.25108439963518,,,,8.813345012200948,,,
CYS,-90,90,5,10,0.5,-65.88129178135911,,,,6.638572676220953,,,
CYS,-90,120,39,53,0.7358490566037735,-176.89049965891348,,,,5.040925134846728,,,
CYS,-90,120,14,53,0.2641509433962264,-60.25716143779413,,,,4.3402139775372675,,,
CYS,-90,150,12,49,0.24489795918367346,60.873822509231196,,,,6.309673739677638,,,
CYS,-90,150,8,49,0.16326530612244897,-170.36790338442103,,,,6.4998394260606,,,
CYS,-90,150,29,49,0.5918367346938775,-62.41765315432264,,,,8.518666864790486,,,
CYS,-60,-60,30,120,0.25,-176.77130281457877,,,,7.524121646065586,,,
CYS,-60,-60,89,120,0.7416666666666667,-72.1614504505137,,,,7.697249205088555,,,
CYS,-60,-30,24,203,0.11822660098522167,61.84560260993185,,,,7.2121721564297125,,,
CYS,-60,-30,20,203,0.09852216748768473,-178.3011331119703,,,,6.726754691196708,,,
CYS,-60,-30,159,203,0.7832512315270936,-68.97508332637445,,,,5.456588329029748,,,
CYS,-60,0,9,19,0.47368421052631576,67.03987931227049,,,,3.8050255901166334,,,
CYS,-60,0,9,19,0.47368421052631576,-63.15281004546175,,,,4.807394028034336,,,
CYS,-60,120,36,45,0.8,-179.29185350250575,,,,5.440505919697856,,,
CYS,-60,120,7,45,0.15555555555555556,-63.708204971683735,,,,6.479639922509541,,,
CYS,-60,150,15,42,0.35714285714285715,73.99806608509276,,,,15.312916372579515,,,
CYS,-60,150,7,42,0.16666666666666666,175.61383709585382,,,,9.041761307418826,,,
CYS,-60,150,20,42,0.47619047619047616,-66.8227365805783,,,,10.641454535220273,,,
CYS,60,30,5,5,1.0,-55.480864703514484,,,,11.864789801300072,,,
CYS,60,60,7,7,1.0,-67.05871469392363,,,,6.539081863866196,,,
SER,-180,-180,15,20,0.75,70.43993340995999,,,,7.920137358183299,,,
SER,-180,150,13,25,0.52,68.66029835651939,,,,7.918762136221077,,,
SER,-180,150,11,25,0.44,175.50206088010512,,,,12.659594034457994,,,
SER,-150,-180,75,100,0.75,66.16004696583184,,,,8.578531625697837,,,
SER,-150,-180,15,100,0.15,-170.61972825000734,,,,6.8362077952439195,,,
SER,-150,-180,10,100,0.1,-57.29150426972412,,,,8.506437976659083,,,
SER,-150,0,5,6,0.8333333333333334,-51.78637167121252,,,,8.166803992656144,,,
SER,-150,60,5,6,0.8333333333333334,-170.94529331355304,,,,2.9015940753240264,,,
SER,-150,90,11,20,0.55,178.5404367030571,,,,3.0701101115189635,,,
SER,-150,90,6,20,0.3,-71.44968157285341,,,,10.749922654117528,,,
SER,-150,120,10,59,0.1694915254237288,68.25193575720438,,,,13.659883481451482,,,
SER,-150,120,41,59,0.6949152542372882,175.73707724827653,,,,9.087980224111675,,,
SER,-150,120,8,59,0.13559322033898305,-56.02835190251429,,,,6.072535271406764,,,
SER,-150,150,113,234,0.4829059829059829,66.48653053748541,,,,7.487767279893672,,,
SER,-150,150,91,234,0.3888888888888889,177.6105569322927,,,,9.400895561469444,,,
SER,-150,150,30,234,0.1282051282051282,-57.636757546609026,,,,15.734623197577795,,,
SER,-120,-180,41,58,0.7068965517241379,65.98360281256507,,,,8.206758649450618,,,
SER,-120,-180,9,58,0.15517241379310345,-177.8154789745146,,,,8.481715091457628,,,
SER,-120,-180,8,58,0.13793103448275862,-52.220984603164084,,,,9.613092473901627,,,
SER,-120,-60,5,10,0.5,-173.28819782586274,,,,5.168420169124647,,,
SER,-120,-60,5,10,0.5,-47.340510162327945,,,,12.253071371743747,,,
SER,-120,-30,15,26,0.5769230769230769,58.94064016881259,,,,8.532067909748328,,,
SER,-120,-30,9,26,0.34615384615384615,-51.02619275808234,,,,9.64066527695503,,,
SER,-120,0,46,59,0.7796610169491526,59.93806068709469,,,,5.318227723183562,,,
SER,-120,0,11,59,0.1864406779661017,-61.10258676594267,,,,13.649638205443402,,,
SER,-120,30,12,23,0.5217391304347826,61.90776124502308,,,,6.899607768549165,,,
SER,-120,30,9,23,0.391304347826087,-55.092853268436784,,,,6.504720715514461,,,
SER,-120,60,8,13,0.6153846153846154,-54.0801836378309,,,,18.882960108693606,,,
SER,-120,90,15,25,0.6,-179.5231339499584,,,,8.45880754560854,,,
SER,-120,90,7,25,0.28,-53.20148240268488,,,,9.747926753558845,,,
SER,-120,120,12,107,0.11214953271028037,59.78754772756219,,,,12.22435930569769,,,
SER,-120,120,60,107,0.5607476635514018,177.53044425457435,,,,6.400748791022284,,,
SER,-120,120,35,107,0.32710280373831774,-62.90250596005834,,,,8.190466735288664,,,
SER,-120,150,81,211,0.38388625592417064,63.86075523104878,,,,11.51509992956137,,,
SER,-120,150,61,211,0.2890995260663507,176.3396588597277,,,,8.780888803235596,,,
SER,-120,150,69,211,0.32701421800947866,-61.32618271748792,,,,8.881381803039426,,,
SER,-90,-180,55,71,0.7746478873239436,67.6109549511364,,,,7.203661808934111,,,
SER,-90,-180,5,71,0.07042253521126761,-172.33790070015624,,,,15.013882855266928,,,
SER,-90,-180,11,71,0.15492957746478872,-56.78913117173036,,,,24.11252118180738,,,
SER,-90,-60,5,25,0.2,57.972717010432426,,,,6.621171838440392,,,
SER,-90,-60,13,25,0.52,-179.36783929651506,,,,11.074005248278082,,,
SER,-90,-60,7,25,0.28,-58.5161874431407,,,,13.136594132664365,,,
SER,-90,-30,81,167,0.48502994011976047,64.11956711165966,,,,10.440284359043657,,,
SER,-90,-30,23,167,0.1377245508982036,178.7454100629178,,,,10.304385834389782,,,
SER,-90,-30,63,167,0.3772455089820359,-64.5979949564168,,,,8.210559565691163,,,
SER,-90,0,156,247,0.631578947368421,66.2035992996152,,,,8.767398794093863,,,
SER,-90,0,10,247,0.04048582995951417,-172.61243097683163,,,,11.584834571508708,,,
SER,-90,0,81,247,0.32793522267206476,-60.33052524786513,,,,9.417329077422046,,,
SER,-90,30,16,29,0.5517241379310345,63.02414148528416,,,,9.272617268960841,,,
SER,-90,30,13,29,0.4482758620689655,-60.11438470501863,,,,12.913727741571298,,,
SER,-90,90,5,21,0.23809523809523808,56.89904208175856,,,,13.438328981147501,,,
SER,-90,90,8,21,0.38095238095238093,-177.6423451563557,,,,5.115765882586765,,,
SER,-90,90,8,21,0.38095238095238093,-57.32345877668333,,,,16.26769678519442,,,
SER,-90,120,13,121,0.10743801652892562,56.70436817028083,,,,11.738799805842403,,,
SER,-90,120,72,121,0.5950413223140496,174.07168625073695,,,,8.831507527297779,,,
SER,-90,120,36,121,0.2975206611570248,-62.50107164418667,,,,11.811177012423483,,,
SER,-90,150,107,225,0.47555555555555556,63.513109391566275,,,,9.15881235317789,,,
SER,-90,150,61,225,0.27111111111111114,174.14236529938464,,,,9.30625711299158,,,
SER,-90,150,57,225,0.25333333333333335,-62.717792426371894,,,,9.743346084954643,,,
SER,-60,-180,36,41,0.8780487804878049,66.86787762422506,,,,4.728976416130211,,,
SER,-60,-60,65,354,0.18361581920903955,60.41318394474737,,,,11.851538627609933,,,
SER,-60,-60,133,354,0.3757062146892655,179.56478798661595,,,,9.868983317489583,,,
SER,-60,-60,156,354,0.4406779661016949,-64.27610772857166,,,,10.231609814859926,,,
SER,-60,-30,507,1099,0.46132848043676067,64.3980918802017,,,,8.38373313473867,,,
SER,-60,-30,210,1099,0.1910828025477707,179.05490536752055,,,,9.104481513486341,,,
SER,-60,-30,382,1099,0.3475887170154686,-62.75662677903484,,,,9.714296111904867,,,
SER,-60,0,73,90,0.8111111111111111,65.07407916894493,,,,8.657454929626645,,,
SER,-60,0,5,90,0.05555555555555555,-172.30544658806272,,,,18.139286514541283,,,
SER,-60,0,12,90,0.13333333333333333,-57.9835746708133,,,,8.935290792477497,,,
SER,-60,120,71,102,0.696078431372549,174.8005904956172,,,,7.510227479549517,,,
SER,-60,120,27,102,0.2647058823529412,-63.451553163759556,,,,16.516598715854272,,,
SER,-60,150,145,321,0.4517133956386293,67.68820696082147,,,,7.163876985689873,,,
SER,-60,150,106,321,0.3302180685358255,173.82482326528074,,,,8.34831468383167,,,
SER,-60,150,70,321,0.21806853582554517,-59.98409021376088,,,,12.74261129665784,,,
SER,-30,-60,6,14,0.42857142857142855,178.4303108659352,,,,12.076956708179974,,,
SER,-30,-60,5,14,0.35714285714285715,-49.10380455050324,,,,11.257677817547334,,,
SER,-30,-30,9,24,0.375,62.476095738664,,,,6.552904782583057,,,
SER,-30,-30,7,24,0.2916666666666667,172.75418228207675,,,,12.022461161759932,,,
SER,-30,-30,8,24,0.3333333333333333,-62.669798457924074,,,,12.27934066613481,,,
SER,-30,150,5,9,0.5555555555555556,169.37276369938056,,,,6.092513176264822,,,
SER,60,-150,5,7,0.7142857142857143,-167.54674375525346,,,,14.701811032019076,,,
SER,60,0,5,12,0.4166666666666667,-53.44448366935847,,,,21.818460748684142,,,
SER,60,30,36,41,0.8780487804878049,-60.884156274259176,,,,5.59799856462252,,,
SER,60,60,5,20,0.25,-169.19222273479073,,,,7.999161541016892,,,
SER,60,60,13,20,0.65,-59.964319202491964,,,,8.811834091231171,,,
THR,-180,-180,8,8,1.0,-168.3746385763297,,,,3.3513268850078135,,,
THR,-180,150,12,13,0.9230769230769231,-179.73254909781437,,,,6.56135146275756,,,
THR,-150,-180,46,107,0.42990654205607476,64.35354065968053,,,,5.858869224324156,,,
THR,-150,-180,51,107,0.4766355140186916,-172.20006044042137,,,,4.89612746504541,,,
THR,-150,-180,10,107,0.09345794392523364,-44.824499177690235,,,,18.394257278620824,,,
THR,-150,0,6,8,0.75,60.89416917648705,,,,10.557954698820858,,,
THR,-150,30,5,7,0.7142857142857143,62.51577641752297,,,,6.304419519586134,,,
THR,-150,60,7,8,0.875,56.19951432983789,,,,5.010135172638878,,,
THR,-150,90,6,8,0.75,59.38192514671977,,,,3.039670723487904,,,
THR,-150,120,7,35,0.2,49.83008628644544,,,,9.33072501332999,,,
THR,-150,120,7,35,0.2,177.92847685644293,,,,7.359749621308186,,,
THR,-150,120,21,35,0.6,-58.63556560710196,,,,7.427261988299744,,,
THR,-150,150,63,172,0.36627906976744184,62.83786587055734,,,,6.916343962239232,,,
THR,-150,150,82,172,0.47674418604651164,-177.89527768052358,,,,8.024114611993884,,,
THR,-150,150,27,172,0.1569767441860465,-55.52811502976128,,,,14.387310511128424,,,
THR,-120,-180,79,87,0.9080459770114943,67.23107902602307,,,,6.980326494805316,,,
THR,-120,-180,5,87,0.05747126436781609,-42.83460328982812,,,,18.038424690626655,,,
THR,-120,-150,6,6,1.0,57.82694097104099,,,,6.2423490374892,,,
THR,-120,-90,5,5,1.0,57.251036384768554,,,,2.528372614225529,,,
THR,-120,-60,10,17,0.5882352941176471,55.54686513807667,,,,4.368673406451452,,,
THR,-120,-60,7,17,0.4117647058823529,-59.340066748940394,,,,18.611501216170414,,,
THR,-120,-30,58,74,0.7837837837837838,60.327792148638295,,,,5.227144289241195,,,
THR,-120,-30,14,74,0.1891891891891892,-45.94350933654552,,,,10.214849349224014,,,
THR,-120,0,102,110,0.9272727272727272,59.632875618412676,,,,5.918065806580514,,,
THR,-120,30,45,49,0.9183673469387755,56.255925860873305,,,,4.318230633660107,,,
THR,-120,60,13,13,1.0,58.2173196398869,,,,3.599111364516251,,,
THR,-120,90,5,30,0.16666666666666666,64.41307941634437,,,,14.258286831985536,,,
THR,-120,90,23,30,0.7666666666666667,-54.95007521249414,,,,7.091714247731064,,,
THR,-120,120,18,208,0.08653846153846154,60.97049963956534,,,,9.741208289999548,,,
THR,-120,120,186,208,0.8942307692307693,-59.23315227707753,,,,5.257676475700148,,,
THR,-120,150,199,316,0.629746835443038,62.904445676153905,,,,7.823618338761345,,,
THR,-120,150,41,316,0.12974683544303797,-177.77467585168418,,,,9.164478273256229,,,
THR,-120,150,76,316,0.24050632911392406,-56.513014475272136,,,,8.943299351725809,,,
THR,-90,-180,74,82,0.9024390243902439,63.92089358811751,,,,5.5228573586629635,,,
THR,-90,-180,7,82,0.08536585365853659,-173.80292086502578,,,,8.751864668867814,,,
THR,-90,-60,8,25,0.32,60.734778221782534,,,,6.971186302932638,,,
THR,-90,-60,17,25,0.68,-58.30423047689179,,,,5.231566924173619,,,
THR,-90,-30,141,204,0.6911764705882353,61.474695961689086,,,,8.44160170305757,,,
THR,-90,-30,13,204,0.06372549019607843,-163.87266651074722,,,,15.15466784248084,,,
THR,-90,-30,50,204,0.24509803921568626,-54.60526098790026,,,,9.005904285587535,,,
THR,-90,0,166,188,0.8829787234042553,60.22448770984405,,,,7.01676408997964,,,
THR,-90,0,11,188,0.05851063829787234,179.12877005301897,,,,12.864123181292255,,,
THR,-90,0,11,188,0.05851063829787234,-40.482288710106786,,,,16.38038893401099,,,
THR,-90,30,29,32,0.90625,60.39344502593855,,,,6.152340329670662,,,
THR,-90,60,5,6,0.8333333333333334,55.830913512844795,,,,5.298011852059356,,,
THR,-90,90,5,19,0.2631578947368421,59.063040939245404,,,,6.205693866663601,,,
THR,-90,90,11,19,0.5789473684210527,-51.3971848214348,,,,17.507233409973942,,,
THR,-90,120,22,153,0.1437908496732026,56.4299689736536,,,,10.488776381056136,,,
THR,-90,120,127,153,0.8300653594771242,-60.14844675977527,,,,6.14953497938909,,,
THR,-90,150,132,196,0.673469387755102,64.86363738550371,,,,7.119871595271343,,,
THR,-90,150,18,196,0.09183673469387756,176.38965705254046,,,,13.345402620439973,,,
THR,-90,150,46,196,0.23469387755102042,-54.583778971352935,,,,9.902954043486348,,,
THR,-60,-180,23,28,0.8214285714285714,65.19171024017315,,,,5.8618984760289425,,,
THR,-60,-60,29,342,0.0847953216374269,59.71665527067026,,,,7.699038476889013,,,
THR,-60,-60,312,342,0.9122807017543859,-60.81377043846189,,,,6.255578868853278,,,
THR,-60,-30,239,732,0.32650273224043713,60.491497899713124,,,,9.07227338480835,,,
THR,-60,-30,30,732,0.040983606557377046,177.96671327908842,,,,13.845768947392603,,,
THR,-60,-30,463,732,0.6325136612021858,-58.07272276531462,,,,6.900549282807284,,,
THR,-60,0,45,56,0.8035714285714286,60.99952438087591,,,,10.243714299098636,,,
THR,-60,0,7,56,0.125,-50.87728158744065,,,,7.995161688597233,,,
THR,-60,60,7,8,0.875,62.6472231272125,,,,8.419690077459105,,,
THR,-60,120,10,90,0.1111111111111111,55.727362743910255,,,,7.557111792725032,,,
THR,-60,120,77,90,0.8555555555555555,-56.57287485442588,,,,6.538492279881031,,,
THR,-60,150,95,169,0.5621301775147929,62.35336895402362,,,,7.157634071066603,,,
THR,-60,150,25,169,0.14792899408284024,175.143455457975,,,,11.47126618086819,,,
THR,-60,150,49,169,0.28994082840236685,-56.935904352852674,,,,10.306488082349794,,,
THR,-30,-60,10,12,0.8333333333333334,-59.55356944084662,,,,6.355608276823715,,,
THR,-30,-30,5,8,0.625,-74.6431398619672,,,,20.903604149119907,,,
THR,30,-30,6,6,1.0,-64.7106700627935,,,,1.4983661037592217,,,
THR,60,0,5,5,1.0,71.2635260714497,,,,13.748825741528785,,,
VAL,-150,-180,17,23,0.7391304347826086,-64.03206249197274,,,,5.724298265008884,,,
VAL,-150,90,8,11,0.7272727272727273,178.11309370120279,,,,6.456649060143626,,,
VAL,-150,120,19,104,0.18269230769230768,51.6384245766272,,,,9.223610534630474,,,
VAL,-150,120,74,104,0.7115384615384616,175.4611679557961,,,,6.723531497867297,,,
VAL,-150,120,11,104,0.10576923076923077,-45.50235940694635,,,,28.624658279098323,,,
VAL,-150,150,64,217,0.29493087557603687,63.10480258352478,,,,7.990916117393292,,,
VAL,-150,150,56,217,0.25806451612903225,174.15865897177068,,,,12.113464930423172,,,
VAL,-150,150,97,217,0.4470046082949309,-64.61403727033486,,,,6.787533790745535,,,
VAL,-120,-180,69,71,0.971830985915493,-60.044636015361654,,,,6.119577365608599,,,
VAL,-120,-60,19,22,0.8636363636363636,177.57631529260317,,,,4.225109169648275,,,
VAL,-120,-30,7,56,0.125,73.0124675923088,,,,6.514258684916276,,,
VAL,-120,-30,25,56,0.44642857142857145,169.8716742156069,,,,12.205847870249885,,,
VAL,-120,-30,24,56,0.42857142857142855,-60.13527099464045,,,,7.22296828729325,,,
VAL,-120,0,9,72,0.125,83.6797324438498,,,,14.1954258185994,,,
VAL,-120,0,5,72,0.06944444444444445,179.21288682309404,,,,19.229491000082163,,,
VAL,-120,0,58,72,0.8055555555555556,-62.0517371504918,,,,4.769970989447306,,,
VAL,-120,30,25,29,0.8620689655172413,-62.75540876554122,,,,6.057350558019383,,,
VAL,-120,90,59,62,0.9516129032258065,178.86722382196842,,,,4.4971278902213685,,,
VAL,-120,120,47,808,0.05816831683168317,53.266648096487785,,,,7.825516851553301,,,
VAL,-120,120,725,808,0.8972772277227723,178.87342155214475,,,,5.455067470106465,,,
VAL,-120,120,36,808,0.04455445544554455,-60.56117833995151,,,,14.952967165666204,,,
VAL,-120,150,41,475,0.0863157894736842,62.14678651336835,,,,9.545177242354665,,,
VAL,-120,150,201,475,0.4231578947368421,178.56455526549163,,,,8.157024869760603,,,
VAL,-120,150,233,475,0.4905263157894737,-59.23691716251608,,,,7.530570563616257,,,
VAL,-90,-180,7,10,0.7,-56.134286558585565,,,,3.101954854614324,,,
VAL,-90,-60,71,77,0.922077922077922,176.24562897306,,,,6.347997794441046,,,
VAL,-90,-60,6,77,0.07792207792207792,-42.95898792010189,,,,31.391207369985924,,,
VAL,-90,-30,29,218,0.13302752293577982,65.67488791470356,,,,12.318174816252663,,,
VAL,-90,-30,121,218,0.555045871559633,174.82677595946555,,,,7.930313794572016,,,
VAL,-90,-30,68,218,0.3119266055045872,-59.07823189343322,,,,7.934703268138884,,,
VAL,-90,0,9,68,0.1323529411764706,81.21799381276865,,,,9.249301649428006,,,
VAL,-90,0,6,68,0.08823529411764706,-174.72801571601883,,,,11.57583863929958,,,
VAL,-90,0,53,68,0.7794117647058824,-57.186208613911326,,,,6.148126081307592,,,
VAL,-90,30,8,10,0.8,-61.178284168597166,,,,2.710519781525328,,,
VAL,-90,90,42,46,0.9130434782608695,-179.87208964886847,,,,5.864825974041852,,,
VAL,-90,120,19,502,0.037848605577689244,52.16730722624994,,,,10.467053648347733,,,
VAL,-90,120,468,502,0.9322709163346613,178.42173773173468,,,,5.02931369661551,,,
VAL,-90,120,15,502,0.029880478087649404,-49.83977234709873,,,,25.25624194674085,,,
VAL,-90,150,22,187,0.11764705882352941,59.15260993617035,,,,9.316321894858227,,,
VAL,-90,150,111,187,0.5935828877005348,178.32318653998144,,,,7.605565807217236,,,
VAL,-90,150,54,187,0.2887700534759358,-59.936191378113556,,,,10.825314758010808,,,
VAL,-60,-180,6,7,0.8571428571428571,-61.96112956416562,,,,3.0692963371847823,,,
VAL,-60,-60,13,655,0.01984732824427481,55.004091697140765,,,,10.003939354426038,,,
VAL,-60,-60,628,655,0.9587786259541985,172.2600071559924,,,,5.3305320564255965,,,
VAL,-60,-60,14,655,0.021374045801526718,-48.3353108905082,,,,28.724567971417173,,,
VAL,-60,-30,127,1105,0.11493212669683257,63.82264682019918,,,,10.08099336917501,,,
VAL,-60,-30,832,1105,0.7529411764705882,173.25422608989606,,,,6.094005407920706,,,
VAL,-60,-30,146,1105,0.1321266968325792,-58.32415914037625,,,,11.551881306377014,,,
VAL,-60,0,18,24,0.75,-55.80116248289486,,,,6.582740619462693,,,
VAL,-60,90,7,9,0.7777777777777778,175.4893063554964,,,,5.8180290696613035,,,
VAL,-60,120,11,152,0.07236842105263158,62.058411142210915,,,,7.014253206116249,,,
VAL,-60,120,128,152,0.8421052631578947,176.73071681105063,,,,5.0419603871460925,,,
VAL,-60,120,13,152,0.08552631578947369,-65.36259300001754,,,,23.07848470370585,,,
VAL,-60,150,16,117,0.13675213675213677,69.21182283230786,,,,5.142391656080623,,,
VAL,-60,150,70,117,0.5982905982905983,175.09456910201607,,,,7.6119737396290486,,,
VAL,-60,150,31,117,0.26495726495726496,-59.540584075260284,,,,9.488504333662435,,,
VAL,-30,-60,13,15,0.8666666666666667,175.9120906344335,,,,7.895116314841183,,,
