AA,PHI,PSI,_COUNT,COUNT,PROB,U_CHI1,U_CHI2,U_CHI3,U_CHI4,U_CHI1Sig,U_CHI2Sig,U_CHI3Sig,U_CHI4Sig
ARG,-150,-180,13,34,0.38235294117647056,69.73470229341633,-175.48864031170186,175.6006396097752,-175.93124279005292,7.265697387007784,13.454226723540394,6.0713239890677535,11.158004083110438
ARG,-150,-180,5,34,0.14705882352941177,61.09462964911792,-176.44954374543664,-174.04514685142016,-87.38803243883943,1.683842178837993,6.120017063282455,4.7749089761584464,3.1409815466073114
ARG,-150,150,5,127,0.03937007874015748,60.40657906032207,175.02276380201323,61.74352841756788,80.40122522133419,5.8583507263396335,22.812597106067344,12.138910996964103,13.610303197941091
ARG,-150,150,5,127,0.03937007874015748,66.32475804250336,169.1959711581106,67.5547410729215,-174.78232567387946,9.068875304884601,22.12387266864934,12.245028655776585,31.774468843015864
ARG,-150,150,7,127,0.05511811023622047,65.0932607308091,165.11158738288916,176.83125981466972,87.89752759228317,5.856164684641705,9.207994106125419,4.78085792131516,8.222660005511056
ARG,-150,150,7,127,0.05511811023622047,64.4637511181157,176.61777353826247,177.67464614478584,-177.85628484642197,3.9407380452272225,7.770041265191445,5.0811281316287245,8.694257350071123
ARG,-150,150,5,127,0.03937007874015748,64.49985470077164,178.9999491361355,175.16900310517835,-80.66384795867498,5.753323835804163,16.896964481584433,3.704587529893709,12.256155906162942
ARG,-150,150,5,127,0.03937007874015748,68.11539238587599,-167.3669445877996,-64.61592529630697,-176.27745822695783,11.444979745089137,6.791819097230044,9.178816005092255,24.358604102783534
ARG,-150,150,6,127,0.047244094488188976,-177.30632015601773,174.1141941416695,59.07276078767537,179.27542216481086,9.110245765382361,6.731401209008268,12.024399874882816,11.47360399719309
ARG,-150,150,6,127,0.047244094488188976,-173.7311191208345,177.63247884270186,-172.90757899805016,-176.44389776573885,9.93099012602637,18.641777780773193,12.08867644392928,11.243686810465018
ARG,-150,150,5,127,0.03937007874015748,-63.79897667172452,-178.49870556371854,62.131085295365025,170.10636375528745,9.398361768374135,15.077896855575705,18.070393772476873,30.252403303663776
ARG,-150,150,8,127,0.06299212598425197,-63.70292038352815,-170.89420146474265,-173.32777939102257,-172.92427960684668,7.059536077888858,13.664056815142306,12.927416551349003,14.751404784193392
ARG,-150,150,6,127,0.047244094488188976,-73.08520554816359,-176.38627084488016,-63.77108178932411,-179.01891437921398,10.962882544401099,6.703630880156398,8.118512986925646,14.411390019121884
ARG,-150,150,13,127,0.10236220472440945,-68.35211627104154,-71.46725227551839,-176.02702057367128,-84.4689209244751,4.815053124406915,3.7369838445307275,3.8563878193676873,7.04768502228349
ARG,-150,150,14,127,0.11023622047244094,-36.96631352727886,-38.09999931966017,-17.235709425928285,-25.690240506592463,27.90490980555775,38.29723631756412,24.31540178603827,41.38801314876239
ARG,-120,0,9,34,0.2647058823529412,-61.07666582877206,176.56004670912387,-176.96450341474306,177.8981760727293,3.142900906372352,7.818575992253332,8.644419681361578,8.175725739096052
ARG,-120,30,5,37,0.13513513513513514,-70.5126954970279,166.21590896294464,45.66729609713572,-147.84629980248593,7.042906165106099,7.169436529733867,14.929727456431573,15.363717892294908
ARG,-120,30,5,37,0.13513513513513514,-54.61724136840733,-161.73350292253974,-75.06504291495781,168.6006830765619,14.37810343205105,10.415540971419375,9.832221245745103,33.114254949176456
ARG,-120,120,7,132,0.05303030303030303,-178.20168229977517,172.11891651116872,61.77623452653661,75.56273315556004,3.818653063628941,9.702193774568514,7.133973507604885,8.052761800913508
ARG,-120,120,8,132,0.06060606060606061,-176.98939594745966,166.64779007970978,66.19036022347261,-169.52705899253434,7.508232513935333,13.503375558467871,11.143207392965595,14.62626912570267
ARG,-120,120,11,132,0.08333333333333333,179.81191067094244,178.53385421876112,-173.47156481456423,169.56186351894394,7.968324088933095,8.929821213767154,8.79746839756849,16.993750699152624
ARG,-120,120,6,132,0.045454545454545456,172.9561676844854,175.4225202154204,177.15549527519227,-90.50786353767542,23.974871822863598,11.455620247493398,12.769379355251468,8.060805372172931
ARG,-120,120,7,132,0.05303030303030303,-179.68739443790275,-179.9068899711583,-86.2329603434815,105.88846982628513,5.110519011559216,7.883400425136421,13.972028660772818,4.041415238495536
ARG,-120,120,6,132,0.045454545454545456,-176.95795972009088,-176.97792273375876,-67.5187708838528,162.9548397118095,7.249416545859277,10.090476652670084,3.9995340834877466,17.405320178707534
ARG,-120,120,9,132,0.06818181818181818,-176.69139225325614,-179.96417085433544,-72.51683187689427,-84.37490464743374,7.558432956652886,8.399299649315045,8.244783249943476,5.826999113709852
ARG,-120,120,6,132,0.045454545454545456,-65.12253610818466,175.501689414022,73.1162532472352,89.1703927887623,6.028407818389246,10.039967558514308,15.040714659119386,5.582500859567484
ARG,-120,120,9,132,0.06818181818181818,-69.22765798350143,174.2849528608166,66.48879319065188,-174.40253097388697,6.3745513959756686,12.422090651546807,8.772808048048631,14.367766048702816
ARG,-120,120,11,132,0.08333333333333333,-67.09852391325515,-176.49222342436775,178.81447381382512,178.74531670973863,6.501750948104744,8.836807851152319,8.393926103455751,12.445810918145929
ARG,-120,120,7,132,0.05303030303030303,-66.62226159564489,-70.7220418310424,-176.98390618688765,-84.99332179550838,2.6094737637841443,8.747803618418052,3.196842765549117,5.1310978236021585
ARG,-120,120,9,132,0.06818181818181818,-2.2880328207105105,-2.3892469979166693,-2.390365808612929,-2.265365157358171,11.833602552048724,14.117257588926915,13.708765036506048,15.748324695476674
ARG,-120,150,5,132,0.03787878787878788,-178.53584211474717,176.36235683153953,-69.143470038842,157.45412885313542,13.17691334498959,8.071250536939178,23.246629069583282,22.949093040438907
ARG,-120,150,5,132,0.03787878787878788,-61.82361684544872,-178.441898424027,61.63587651857102,74.66757577399831,10.177284785193148,8.631331219270582,5.59946086697772,7.591329006135827
ARG,-120,150,9,132,0.06818181818181818,-64.56624631154112,-177.34099316909013,-179.34423441554983,90.29705164189052,7.1944617378845805,13.091910047746502,10.843158059395961,7.347333103122063
ARG,-120,150,13,132,0.09848484848484848,-62.20541411846311,-173.33707160126838,179.41981285324815,177.679406233498,10.17652281539547,11.902883295061612,11.059950404074941,13.194515699076772
ARG,-120,150,12,132,0.09090909090909091,-66.32732406592156,168.58789060339313,-176.40414096543796,-95.99974894045222,9.915402651677896,16.296465771489984,8.246020852123564,11.883332396536007
ARG,-120,150,12,132,0.09090909090909091,-61.79888419646087,-167.23035681069976,-64.8856423594043,166.29449931179758,9.167447320075132,15.559755071158804,14.063812662057776,13.104898528710832
ARG,-120,150,8,132,0.06060606060606061,-65.55632635380161,-67.10474025328021,178.15285823554152,-88.9070078088573,3.332849748524709,4.367212541242528,1.834420839494306,3.268632641033536
ARG,-120,150,8,132,0.06060606060606061,-3.496616341773076,-3.633106233133345,-3.7451546312022947,-3.8925416689136774,13.55107702407057,15.701301699346544,20.207360100819262,20.146375165350168
ARG,-90,-180,7,25,0.28,-0.36647317654039935,0.0,0.0,0.0,5.493311557482906,0.0,0.0,0.0
ARG,-90,-30,6,125,0.048,-179.5926091317245,178.0823343055467,175.68356768761694,-173.278701320648,9.015630389669724,3.2084957644762166,8.014036084268563,5.661671077635959
ARG,-90,-30,9,125,0.072,-72.95644996309821,166.9405714879862,78.59259673967749,-172.1451308780846,8.850871285254543,11.9951169410157,9.030267994964928,19.026768853442935
ARG,-90,-30,8,125,0.064,-63.24411897356847,-171.56117935872322,171.1984641458384,88.60390244530024,5.799930978720904,4.578680595518805,14.45577187633018,14.283303542662365
ARG,-90,-30,13,125,0.104,-68.44721686130299,-178.65754302620826,178.48205999082322,-175.30291870193838,9.185059592789232,8.887949669572885,8.315103231242935,10.866988110627506
ARG,-90,-30,6,125,0.048,-62.16127460976638,-169.57278754275168,-168.03694540727298,-84.72692911781006,7.202254603037187,9.201931567075311,18.303066993708153,9.770207830286306
ARG,-90,-30,12,125,0.096,-64.66157580885613,-179.07518240311603,-63.7068600546032,174.44530834383696,5.012864745885022,12.457706268990641,11.694190161427949,12.038046454185778
ARG,-90,-30,6,125,0.048,-56.852222504242135,-55.256198937825395,-55.71614229968394,166.54064758329758,3.9414776744260993,13.320187073583902,9.591856474053365,3.1479141165865316
ARG,-90,-30,12,125,0.096,-0.01524430148658308,-0.015449006333881691,-0.015378284137127081,-0.01400058969626394,1.0179111718586626,1.1704055136800546,1.0533380907544085,1.3555097399362106
ARG,-90,0,15,116,0.12931034482758622,-66.29732835165643,179.11450316932184,70.01640917906148,-178.1842246523063,8.109513250570663,12.055154745577475,11.716735083870141,18.42274220400671
ARG,-90,0,10,116,0.08620689655172414,-70.20793986458841,172.58633978747577,179.71919717729014,77.48033981673832,3.2966906245538543,10.898209772751958,12.842109633400067,12.69712657978446
ARG,-90,0,18,116,0.15517241379310345,-65.51199903987427,175.84646261116615,-177.1397074060027,176.23971208464982,4.637240547411182,8.713612059523397,7.717832109849151,11.803456892680021
ARG,-90,0,5,116,0.04310344827586207,-68.41318886722338,173.59394776452098,-179.2596328290145,-84.4984737305189,9.556075262585033,2.3922075847706687,19.35122734888452,15.362804442953498
ARG,-90,0,5,116,0.04310344827586207,-68.83147359501112,-173.83271300507494,-77.15256382492332,92.18205597548172,5.573478459915829,5.51856149403567,6.453241435995383,4.198451285530758
ARG,-90,0,5,116,0.04310344827586207,-55.37689914136772,168.898077932615,-54.67439663842991,177.05754533862248,7.785119350578461,3.3729155028664803,9.867504571188359,19.899319662021924
ARG,-90,0,5,116,0.04310344827586207,-66.83475435844187,-174.30684334607116,-71.03256811892037,-85.52541903061802,7.8616958512409765,9.17449573286184,17.432345906503617,17.133331393051918
ARG,-90,0,5,116,0.04310344827586207,-60.998578135728806,-59.95496375709833,178.4414250705048,88.52140867719284,10.554282218923701,5.6841022734593425,4.307985062613439,9.694920425096777
ARG,-90,0,8,116,0.06896551724137931,-61.96691231245684,-70.43999709874174,-177.34626861974087,-178.65027479608082,6.41960681912975,9.419922176745027,12.560531426318029,8.251951688007022
ARG,-90,0,5,116,0.04310344827586207,-45.01080505173832,-60.50792501015314,-64.14066925401771,169.34128943011837,11.209708586050736,7.938414847289652,10.458277299099644,13.438877847162257
ARG,-90,0,7,116,0.0603448275862069,-35.26803491017321,-47.83065598678164,-29.917791424788735,-59.9053527352843,27.930255007784798,36.44948056127752,23.657081405726483,41.35211811776829
ARG,-90,120,7,119,0.058823529411764705,-176.83124524272066,-177.25600794245912,71.37059791402848,82.22967936548942,8.558776946036915,6.4768292699292935,6.981971329496319,12.345907472791401
ARG,-90,120,12,119,0.10084033613445378,-179.97491358432836,-178.90744950909672,178.60469712581747,-174.15612810508517,5.800777239059849,9.367965881968493,7.679296730571553,13.228248278344177
ARG,-90,120,9,119,0.07563025210084033,-179.9547899972988,173.852419060237,-175.45099822141958,-86.95979078535196,10.017672047431125,13.774874286357889,10.715460088707708,7.202684111126303
ARG,-90,120,9,119,0.07563025210084033,177.7265448303002,178.77364307506582,-59.66242342177909,169.7562715194212,8.994257253472167,13.838266443093405,10.359814379553299,16.725419459370613
ARG,-90,120,6,119,0.05042016806722689,-57.409296399964525,178.39176214559086,-175.37230648915687,86.77598355210878,11.327814750433634,7.723064180394715,14.490805231193141,6.317178584077012
ARG,-90,120,10,119,0.08403361344537816,-66.94556917329764,-177.00691098959234,169.82270149200636,178.66243827194967,3.8746338454563034,10.699512461342644,5.995013370652367,11.300524106177935
ARG,-90,120,5,119,0.04201680672268908,-65.300262285758,-168.8301714668043,-168.73576518199377,-105.70952458641574,9.852706419068545,15.852842700240547,12.978832234364779,5.874754694307238
ARG,-90,120,8,119,0.06722689075630252,-69.13783633924253,177.91940298280383,-69.62560749752514,172.24881808717032,5.3984511675709665,10.799979030893818,8.37974193887998,10.015401747980624
ARG,-90,120,6,119,0.05042016806722689,-60.34440902339039,-172.19253652517634,-73.65215710986878,-94.97563160547168,7.054386496991515,7.834870777547856,9.241394617656127,10.243743066789794
ARG,-90,120,7,119,0.058823529411764705,-0.3631483156398219,-0.3625223883038412,-0.3664823291423914,-0.34676197856646424,5.0959402615385985,5.851263610777961,5.469903281374432,6.263400775203369
ARG,-90,150,6,95,0.06315789473684211,-57.66694683558849,-169.23573163945977,-178.65673947054532,87.37612956323386,7.123615925616439,6.531781401376079,10.171323353072447,12.926047422822027
ARG,-90,150,10,95,0.10526315789473684,-64.1665883030481,-178.0111959806969,179.3601820607106,166.75778277625025,4.726443772075274,11.974967797140135,9.111770944817344,13.522131393054767
ARG,-90,150,5,95,0.05263157894736842,-62.91269507892457,176.5761233949889,-177.98944382173926,-81.75356872127156,9.284434828030454,4.526710805607701,10.03428619407716,12.286396418955999
ARG,-90,150,17,95,0.17894736842105263,-70.5080071290975,177.7716793021992,-69.58497269052165,-175.49277001770844,6.768105393792809,12.973640524300064,9.530756569553898,14.242547807384158
ARG,-90,150,6,95,0.06315789473684211,-60.13158971492392,-69.44940003479897,174.29191081644302,178.27415063987505,4.1715823781743415,8.808507250810422,5.661487994791251,5.279894860473053
ARG,-60,-60,6,358,0.01675977653631285,164.3586417693747,92.76649319001693,78.50888766043147,154.92178804786633,17.98829256689581,8.336171805401703,12.601574307033575,25.079737190819387
ARG,-60,-60,11,358,0.030726256983240222,-179.03937777576886,59.58011077232879,173.84607147069727,173.41215409314938,5.94053946818229,6.561500522895723,8.421569009044113,7.969011305463473
ARG,-60,-60,33,358,0.09217877094972067,178.59292388314336,177.1073069992344,68.51144666176769,79.25261380639645,12.067718471146412,17.504580233144246,15.164033866624923,13.376559134756542
ARG,-60,-60,26,358,0.07262569832402235,179.78957001369398,-176.85862333046205,68.61132819822106,-161.59028122483403,9.600243888187423,14.13890212771336,10.242185759742865,14.78257019287839
ARG,-60,-60,11,358,0.030726256983240222,-176.0299591162308,179.63742676720815,63.54187070442614,-100.34307937236629,10.938168300375395,9.985752892643896,12.87027843432868,13.541055796134833
ARG,-60,-60,19,358,0.05307262569832402,-177.88138977821228,178.0689715936659,174.0799295885968,78.8576771866803,10.066938009113397,12.46811530131814,6.31449927072621,16.399577263878683
ARG,-60,-60,27,358,0.07541899441340782,-177.9059887102429,177.7757578795258,-174.71538219933672,178.66233241026143,7.765627032128107,8.9322563556664,13.082000942924608,11.86519254424303
ARG,-60,-60,15,358,0.04189944134078212,-173.02400016332487,172.0978736628253,-179.4200852972295,-84.22220961534347,5.928769248942279,4.822840072222208,7.701593813432576,6.336189645038031
ARG,-60,-60,20,358,0.055865921787709494,-175.10840153403882,174.6201542995051,-63.98347812061882,106.32593674375296,8.333567069897802,9.899529455902686,8.875351635583844,6.176693215792738
ARG,-60,-60,14,358,0.03910614525139665,-177.6702081064095,176.8187424331735,-59.45570555890163,169.32454775539134,11.12488334430644,15.346896423964326,11.517522109013031,10.39516741965683
ARG,-60,-60,13,358,0.036312849162011177,-176.3520617847297,-178.67987894210236,-62.604176538075755,-73.61267096783756,10.376446288980345,8.884628575267074,8.060908322232287,5.624322977615076
ARG,-60,-60,5,358,0.013966480446927373,-169.63440467470264,-92.6340525509173,158.35504625424002,-177.31022831174892,21.126641026137065,16.715063727097952,15.491367800862891,12.734948815020244
ARG,-60,-60,9,358,0.025139664804469275,-64.76149528944906,172.5794507301202,65.78248532876079,89.2687189582581,11.197419979060117,9.142576424825398,11.060135694631501,11.694309596901503
ARG,-60,-60,12,358,0.0335195530726257,-79.2496778629704,178.62332242829353,64.67587625023742,-163.76172700799566,9.075042398808721,12.279274080320903,9.636520094723435,13.995259463795673
ARG,-60,-60,13,358,0.036312849162011177,-69.94654886265207,-159.45286247298856,-175.26219241090766,88.46900612413592,7.543588198010206,7.671304420213007,9.726437930606807,11.269164215005164
ARG,-60,-60,29,358,0.08100558659217877,-71.63280954038677,177.87811875899504,-177.44164163196675,179.18483580405757,5.5676816429302045,8.371972603988231,7.848285414564729,11.440567092779437
ARG,-60,-60,9,358,0.025139664804469275,-78.30967452877644,174.46303777915594,176.99409408960398,-79.25517268166843,4.741504864091713,16.19192943685962,20.98370757681278,16.972668184278987
ARG,-60,-60,7,358,0.019553072625698324,-67.37950991389727,-178.4792723955651,-73.63970781432694,177.6910141572458,14.1808207707783,8.62459478023986,15.454180951178682,23.14752942566691
ARG,-60,-60,13,358,0.036312849162011177,-70.16343407267527,-167.56516168280544,-62.64411401702615,-87.46347690334152,6.188500095090499,4.502006162637693,7.58617460441451,8.965744293245244
ARG,-60,-60,6,358,0.01675977653631285,-59.13627894816157,-58.505060460327236,-168.0864702853818,-172.05756553717464,11.489373720089677,2.2857511649486915,9.454917267302612,7.314230206884543
ARG,-60,-60,27,358,0.07541899441340782,-0.006379542160117007,-0.0071055810029641946,-0.007708431204820261,-0.008507983466058605,0.7673751377827213,0.8589114512335361,0.7050166721796638,1.0041492640109027
ARG,-60,-30,5,957,0.00522466039707419,79.03515910028149,176.82331244810317,68.18297412225408,91.3111298998491,16.255947815970995,6.2904682196759305,9.98706565663346,7.337743914424254
ARG,-60,-30,12,957,0.012539184952978056,65.6175594377019,-176.53254359627934,178.70587729823552,84.86250961435243,7.446248484674323,5.665301436078404,11.747791113555284,4.658615719818092
ARG,-60,-30,11,957,0.011494252873563218,68.8783676404857,-173.72038894262081,176.42223649620237,-176.64945141248592,7.462295213907047,7.343228712393175,7.768701841652036,20.526286201529828
ARG,-60,-30,8,957,0.008359456635318705,58.93397345750599,-168.1231164680994,179.29269329667267,-85.46200722255736,7.446657184760029,5.565396231439094,8.750821492774449,7.901486669602096
ARG,-60,-30,7,957,0.0073145245559038665,57.335230743602565,177.34021022255675,-68.11956901940506,157.10893774686085,10.36670199381009,11.065539030912706,5.621607851847244,20.68866102531466
ARG,-60,-30,6,957,0.006269592476489028,-171.2405241581691,57.791837897509396,56.84947470559803,83.02549721567053,11.783773097279257,8.823548018171364,6.7212084033154005,6.214038535097438
ARG,-60,-30,9,957,0.009404388714733543,178.01727775603396,54.11935165535693,59.47184263732575,-168.60080339198635,11.522884582262288,14.256907121614159,7.9910993427555175,14.692470413599514
ARG,-60,-30,15,957,0.01567398119122257,-177.48642254290868,65.15054140114954,177.9632159998673,86.02823396654729,7.575064113961826,6.892659204807737,9.173159632371846,10.552299756834971
ARG,-60,-30,32,957,0.03343782654127482,177.70873966184524,62.84488575895114,179.05883257852602,168.7382203062445,6.120705325404984,6.519191758332358,9.202326332864498,13.959543593278253
ARG,-60,-30,19,957,0.019853709508881923,-178.52784618423468,65.9839666741809,-169.37922409627922,-85.31805871423948,14.523766267619214,9.382758600942353,17.860032759344065,10.947026564485698
ARG,-60,-30,41,957,0.042842215256008356,-176.29884928687778,-178.89083446411667,66.85026966617801,80.54527021160162,7.5530490321386,11.742862889689444,11.540495039675163,7.5496180135022115
ARG,-60,-30,45,957,0.047021943573667714,-170.24678554665445,174.54829850460058,68.22491680547465,-165.4807528683444,12.613208556733593,15.336709045308005,12.27449995667452,19.849773258392393
ARG,-60,-30,16,957,0.01671891327063741,-171.16000544997098,167.54608343884544,58.72985325309908,-111.18615862886757,12.52825563211597,10.854939325510063,12.918723747436847,4.843091245848945
ARG,-60,-30,23,957,0.024033437826541274,-179.80483133389004,-176.2777677565545,171.7921810982728,80.44651223828082,9.344704637744176,12.18536619772245,10.793575636636648,12.109154539111746
ARG,-60,-30,39,957,0.04075235109717868,-175.45124063162285,173.17917137161535,178.63178482963454,177.23567384149703,7.469300961795508,8.753483190336658,10.06772757861159,14.08633162840932
ARG,-60,-30,36,957,0.03761755485893417,-178.96900286527097,174.79711781821996,-178.35029365825062,-84.10140248177743,9.630463206376943,10.038463710986884,8.402133988138905,8.922198006013355
ARG,-60,-30,16,957,0.01671891327063741,-171.6286030835801,178.41462785845357,-67.05500337181095,108.12036668066362,9.724877429833258,5.542313919177437,13.50617938433683,4.681899062751486
ARG,-60,-30,38,957,0.03970741901776385,-169.92272392604204,-176.41471415397237,-59.50766297538342,170.51597419125966,13.543714077387897,14.625694446772503,8.564521093844391,18.819068915863653
ARG,-60,-30,30,957,0.03134796238244514,-175.06435606825954,-179.8787324402086,-68.16404054359143,-85.71523314785085,10.021900217727616,8.363497863589357,8.221430033934247,10.329363118336873
ARG,-60,-30,7,957,0.0073145245559038665,-134.3228703816943,-72.31984507796696,-166.38617542761222,167.21968828772637,4.656241445061514,20.52693696698147,20.631390610107488,11.26168805119391
ARG,-60,-30,23,957,0.024033437826541274,-65.9611982344389,178.2762743201669,67.11733305855876,88.39364714278479,6.5245247131785336,9.16885712126019,10.532825137970102,8.513508094012746
ARG,-60,-30,59,957,0.06165099268547544,-70.33419139506348,178.6086011174808,66.56952674828972,-168.9264312977665,6.813074238818483,14.875714103443615,8.561336865986004,16.49676077855531
ARG,-60,-30,10,957,0.01044932079414838,-68.90222762075642,177.0308552230245,66.43820498042584,-106.90150637540333,4.637399754756443,4.516430412391014,10.01235546839176,7.228314272242307
ARG,-60,-30,42,957,0.0438871473354232,-68.93155679016688,-170.14966487790988,-179.72308127617907,93.10379923300808,6.125339722510996,11.388931366374958,10.189406250119198,10.991012279853562
ARG,-60,-30,90,957,0.09404388714733543,-70.07877215408959,178.37075273144757,-176.61823322287742,175.92122795609743,6.7043335277071225,8.871070099591186,9.522286642990597,16.988626583311866
ARG,-60,-30,59,957,0.06165099268547544,-69.44662542912785,179.1774534533037,-178.4172863236724,-84.43920401006608,5.449476299999043,8.123274107497382,10.004242424557424,9.25011290637927
ARG,-60,-30,15,957,0.01567398119122257,-70.4451543786141,-172.65069368827946,-73.58974663016815,108.38327931141662,5.842932631853481,5.180773025867806,9.565958381533747,8.220268186853781
ARG,-60,-30,37,957,0.038662486938349006,-72.1055314602261,-179.44569043441032,-65.50090925863964,173.7624293595772,6.141505374074911,11.45182704277496,10.899036968988263,16.526888627879227
ARG,-60,-30,54,957,0.05642633228840126,-72.85389423763088,-168.59359959251486,-63.54128919021967,-85.90427632561799,8.066464852716154,4.782428056300828,9.417756177301024,8.353682020392215
ARG,-60,-30,6,957,0.006269592476489028,-58.16722818852845,-70.61274361827053,76.54060514103793,72.75288708853006,2.0379771053957563,7.949281301616793,7.261248885138675,5.949965137830387
ARG,-60,-30,5,957,0.00522466039707419,-68.7028312674413,-53.49450312728975,85.52105569613805,-155.38021393374385,8.683287240754316,14.419101772811649,12.866660496154863,16.816588863116944
ARG,-60,-30,5,957,0.00522466039707419,-66.81249708385326,-81.6067657028014,-171.31850546214392,83.63029530113104,11.458623894795963,17.639565086133707,23.265334586215896,11.403824242908737
ARG,-60,-30,26,957,0.027168234064785787,-65.65245618978601,-67.27547995442757,-179.19332125921278,-170.89566083481907,5.600846967304856,12.67074557092615,11.95933745877361,12.581165958316367
ARG,-60,-30,20,957,0.02089864158829676,-65.12693045051982,-65.09556500039741,-70.42132700853638,172.58552903072976,4.411062381803235,11.092599124284808,8.35669596616467,18.179626169110872
ARG,-60,-30,47,957,0.04911180773249739,-10.256316946094458,-12.45800267526336,-11.944202662793831,-13.678678656849462,23.48147265721638,25.324430856165037,24.995567508634863,33.44482599302197
ARG,-60,0,5,43,0.11627906976744186,-70.38777175549453,-178.25217140056242,-179.9605183550239,-173.67962458749574,6.989997039353365,8.96875391925861,4.908833440675631,17.46922925462127
ARG,-60,120,6,66,0.09090909090909091,-176.36255407723357,170.05003229703775,68.76438997044231,92.96452880381631,7.772535917673699,5.911888303765718,21.27105349430711,9.306311327975317
ARG,-60,120,13,66,0.19696969696969696,-175.5964445397091,174.13893540052686,177.60789609793378,-178.18753616539277,4.444091711659563,7.0813616875105065,5.4627974908649755,7.703149837463837
ARG,-60,120,5,66,0.07575757575757576,-169.50867244728323,165.23146237049474,-65.23978732299645,164.62729331581204,14.896166843121124,14.533334551477758,15.346356989374046,26.189136179429468
ARG,-60,150,9,106,0.08490566037735849,178.1429537146761,175.9534231178224,-178.86771341796003,-179.61137769675472,3.3883926070588974,5.583454527518785,10.98949212736597,5.043853834568779
ARG,-60,150,9,106,0.08490566037735849,-67.1505212138037,-179.03136826594252,62.55622730504526,-169.95696046828957,7.564094530357524,11.114986220161581,10.057642979581242,22.545088488593812
ARG,-60,150,10,106,0.09433962264150944,-67.36343901589042,177.29527778693404,172.2931358406932,-173.4127380436237,5.898844427796682,11.400192524254967,13.008971220955246,18.336913532834924
ARG,-60,150,16,106,0.1509433962264151,-67.47770950794533,176.5744826793655,-63.75885510532209,174.68300061842965,5.5182188332346795,8.471786993464846,8.713592684028143,11.030299927398952
ARG,0,0,677,678,0.9985250737463127,0.0,0.0,0.0,0.0,0.0,0.0,0.0,0.0
LYS,-150,-180,6,19,0.3157894736842105,63.78024586199332,176.53148646950524,177.23643613292515,174.91047444825378,6.124147442539611,2.4623318620303203,7.113543574555613,4.463443790955539
LYS,-150,120,6,38,0.15789473684210525,-177.1562855754717,177.60866306764106,-178.3561168016092,55.56104474405765,5.15253965497328,7.970633900937456,6.324086011347493,13.85074121632226
LYS,-150,120,7,38,0.18421052631578946,-176.57631926294917,173.75665720259525,168.3777130337491,176.26522437582094,5.340760754066043,5.89547633026486,11.05854007657732,9.455802971077459
LYS,-150,120,5,38,0.13157894736842105,0.0,0.0,0.0,0.0,0.0,0.0,0.0,0.0
LYS,-150,150,15,78,0.19230769230769232,64.7023898274847,178.83901835283916,-176.0984988968692,172.89477527907587,5.964295221399211,10.471401216683564,7.432290749950722,10.873750432165277
LYS,-150,150,5,78,0.0641025641025641,-171.30179124782305,178.64822276373243,179.9265532063538,177.78312187368687,11.039941254364626,9.45362152746636,9.39577776769673,10.441774691899104
LYS,-150,150,9,78,0.11538461538461539,-66.78117846369295,177.2843508676519,-178.66171299289286,177.2906157308477,16.57860414561987,9.452519318024503,3.7752668204782407,8.372017457679668
LYS,-150,150,7,78,0.08974358974358974,0.0,0.0,0.0,0.0,0.0,0.0,0.0,0.0
LYS,-120,-180,10,28,0.35714285714285715,-63.898162781967514,-179.7290599905148,177.92152398453416,179.27471330781455,2.2158991501915275,7.289962121280614,5.857184893452822,7.540558981542664
LYS,-120,-30,5,47,0.10638297872340426,-65.8495741330568,-178.2345325845679,171.254131400033,69.81196182663469,7.363684161232152,7.486724872708422,8.540412274918005,11.078102625833138
LYS,-120,-30,6,47,0.1276595744680851,0.0,0.0,0.0,0.0,0.0,0.0,0.0,0.0
LYS,-120,0,10,35,0.2857142857142857,-67.46270408283766,-178.10787037448048,176.5400710294187,178.47050850408206,9.17771497732235,8.709685689564473,7.753704779956388,6.617708312275452
LYS,-120,30,7,34,0.20588235294117646,-65.56174503346084,175.5183541221045,179.22186167314578,-178.30876260649356,9.641378213230611,6.867843467874949,4.973086546977157,5.318610613629735
LYS,-120,30,6,34,0.17647058823529413,-72.44629405012603,-80.54528710121667,175.46453928746007,75.66376508236498,3.2909700894284337,11.01721653148516,21.20031187959159,12.469329525049538
LYS,-120,30,7,34,0.20588235294117646,-0.36648042244997,-0.36574011480343205,-0.25315000194392095,-0.3389266419721346,5.464338028636562,5.641878121141435,7.053512477525788,6.386361574397064
LYS,-120,90,6,22,0.2727272727272727,-59.51129667637433,-178.86540886539854,-178.62715988192832,-172.18655470901098,3.9275535691856764,4.823524313883275,3.881926796362575,3.05489271781282
LYS,-120,120,5,112,0.044642857142857144,179.91367705265029,78.0170374537661,173.90016477049335,-175.9774535179111,11.29923418530789,4.2259352857780526,3.9589793609922883,6.374385178797392
LYS,-120,120,9,112,0.08035714285714286,179.9910982958021,171.91538025688084,83.86264316555534,170.38707461967905,7.3402923219963085,9.447717456073168,11.482048435382655,6.936629933461632
LYS,-120,120,5,112,0.044642857142857144,-179.56568443832597,-177.52201422267706,167.328898124858,55.89364002477776,5.309516185061959,9.539264136652985,9.241871495037612,8.366345171230456
LYS,-120,120,25,112,0.22321428571428573,-175.4246899738242,174.9411788407686,177.7853449235409,-179.68444590121845,10.239668077787865,9.18123359186513,8.662618648068555,8.54639179142122
LYS,-120,120,5,112,0.044642857142857144,-169.3154920202095,-170.27623433888823,-57.07165622584135,-179.25404708777214,5.111170315210975,11.42976091411985,5.027582936601906,2.198658523497944
LYS,-120,120,18,112,0.16071428571428573,-63.623225185710645,-177.3070121146088,177.72630394814936,-179.21388154798524,6.830295481400252,9.176522059619606,8.183458065827974,9.803605002697996
LYS,-120,120,10,112,0.08928571428571429,-0.05185796517537758,-0.05205741039604249,-0.051893611274062695,-0.052210851486374034,1.9298691482997867,1.967968489521179,1.9359357237836192,2.126096061638644
LYS,-120,150,10,132,0.07575757575757576,-177.2983367785524,178.12924912387658,-177.3146718458107,178.19896369779056,10.735934307974452,15.492120596680804,10.091188413205279,11.960844354411742
LYS,-120,150,9,132,0.06818181818181818,-67.03714980440739,-176.00933202213903,65.29998292459226,171.9328870708273,6.156889873087638,12.792111669884283,14.528181330579905,6.798582781123623
LYS,-120,150,26,132,0.19696969696969696,-63.65532165192321,179.78672523059936,178.81142099897997,178.64000555779583,7.720176061155655,7.4100565468549995,9.638695089324466,10.513310383989035
LYS,-120,150,11,132,0.08333333333333333,-64.75424320716348,-179.13136826591185,-175.80244370220402,-61.995655572933714,6.907389284297386,7.651182381661763,8.324713214433507,7.754888780422155
LYS,-120,150,8,132,0.06060606060606061,-69.60298398193191,177.40881736974723,-65.00829254268515,-167.81648089172882,8.811971409024988,8.448232516272524,6.272647189183942,9.791735282556122
LYS,-120,150,14,132,0.10606060606060606,-61.1790228565268,-63.97585916777696,-177.9603682354713,-177.9633730395514,6.443677939729885,5.877170546336227,6.543583285542702,9.577386778805018
LYS,-120,150,13,132,0.09848484848484848,-7.441880978523745,-0.5540440588573885,-0.5710137459626887,-0.564138717024347,21.49531989025429,6.722265439964903,6.869971798492052,6.327016610523417
LYS,-90,-60,7,41,0.17073170731707318,-179.5167468399239,-172.0514337127406,-173.55041640353028,-179.44125545437643,13.200431024627926,6.982846220553354,8.217499628537634,17.379332307053897
LYS,-90,-60,6,41,0.14634146341463414,-79.27525038637233,173.11440665882913,56.18208066475897,-177.53112423293382,15.22481883031656,8.053249882228465,7.699913430801755,3.195840072570247
LYS,-90,-60,6,41,0.14634146341463414,-0.6650475740548805,-0.7228309756349751,0.0,0.0,9.24117522541926,8.580392192329754,0.0,0.0
LYS,-90,-30,9,222,0.04054054054054054,70.2426695663048,177.84659546634126,-176.89210959410588,173.76539826883874,7.212089608644559,6.913497101285613,4.909846305852054,6.746482016558015
LYS,-90,-30,5,222,0.02252252252252252,-173.57166896918733,166.69865276748624,175.95217937351077,54.84683346557609,18.370724541057452,17.748652735415313,6.088717397478288,7.458931150227261
LYS,-90,-30,13,222,0.05855855855855856,-179.48324763580914,176.7802225641811,-177.21557156513668,179.74871531164075,10.887796424575026,9.055458886938395,6.0951541282248245,7.135398467399744
LYS,-90,-30,7,222,0.03153153153153153,-166.28134794227228,-178.28410372546386,-64.75569635215884,-168.5986064024309,15.940054819838071,11.943231464893469,16.45860504385295,11.669965777362387
LYS,-90,-30,5,222,0.02252252252252252,-62.11215566188638,158.0892100850811,66.66940329489131,173.42005309186035,10.887573757399618,14.740067502640706,4.48036110649101,10.187548255636504
LYS,-90,-30,11,222,0.04954954954954955,-71.98937682534498,-177.02753463132365,-177.85591849875465,72.94841983880163,9.602502151838546,11.180098812425003,14.714974668334156,11.971836127061673
LYS,-90,-30,59,222,0.26576576576576577,-65.27309152872394,179.15616905339354,178.42348866469177,178.319151220919,6.328390388704502,6.836242359609683,7.261083224945911,8.611712995518904
LYS,-90,-30,6,222,0.02702702702702703,-64.15659849935885,177.65816434912844,174.4021778311181,-64.16203427652476,5.251434318566352,13.727170813549874,25.175633780851708,7.0743005062054065
LYS,-90,-30,8,222,0.036036036036036036,-59.6783849477697,-170.60079056295152,-82.38986887822381,-156.19685048247632,13.72362720115242,20.300637636906764,6.883266052396712,25.331879052804343
LYS,-90,-30,7,222,0.03153153153153153,-65.79087060427025,-164.24879383444917,-51.2057644931572,-58.13978246010436,11.48091735804839,12.143890185390088,14.125927534476768,13.553950828566252
LYS,-90,-30,5,222,0.02252252252252252,-57.49620542011397,-75.62214382434667,174.23838265264865,59.88787068953895,6.123365841177541,15.010078314221555,6.083385772179917,15.397446239724474
LYS,-90,-30,23,222,0.1036036036036036,-60.151947506706875,-67.84016248460124,-178.15348825774694,-176.46111102047925,8.578854636213054,10.065520181583413,7.695439614285034,10.707209080716597
LYS,-90,-30,6,222,0.02702702702702703,-62.25793006214397,-63.6277304451212,178.4564192349557,-65.90757276383897,2.944284731097821,8.761093261659589,5.9806957258346785,8.490651058199587
LYS,-90,-30,23,222,0.1036036036036036,-0.02258522210056831,0.0,0.0,0.0,1.2467572094173425,0.0,0.0,0.0
LYS,-90,0,13,160,0.08125,64.94823441389818,173.91950122090006,174.82472895974993,-179.25228711557082,4.349316927931435,10.677337933404301,15.660380994121544,5.116779735648014
LYS,-90,0,10,160,0.0625,-70.49224294558988,-174.75162054186177,65.5459605089746,179.26653887389648,12.296197173275388,10.931548127822241,7.250878748165684,6.688673419925548
LYS,-90,0,14,160,0.0875,-72.44971624154093,178.22883004759225,172.6697763835728,57.11823739559264,4.216029724176908,12.365609735229677,9.93034995074963,15.817024295410357
LYS,-90,0,33,160,0.20625,-65.14912891423917,-177.10684897088288,174.84494995202925,-179.18002889572196,7.135349154766814,11.999863267105768,8.473892587059492,10.42522091444199
LYS,-90,0,8,160,0.05,-76.52103828742169,178.35678519138708,-178.32421603518432,-64.66114153449581,9.502926636713418,17.01283815889156,15.12273470427428,17.81501313737628
LYS,-90,0,5,160,0.03125,-66.57441683695771,-168.99151308610584,-73.12852396791882,-176.4005366923792,9.979339992576351,4.127436738229502,7.012240380150981,7.420825470945235
LYS,-90,0,7,160,0.04375,-62.01844153876622,-63.26785119614488,177.1676451707249,52.09327814183046,5.652616637780118,4.028496407769645,4.947797526251762,13.712049105686775
LYS,-90,0,18,160,0.1125,-62.91579487799641,-61.84338683370773,179.82315776565244,-177.04037290152257,4.9131605966679555,7.46912377244853,7.218017239518118,8.214553062086699
LYS,-90,0,7,160,0.04375,-63.285900830993434,-64.79072668293546,-159.3105828571944,-61.40105194992852,6.971258798201927,16.418165454404278,20.69835957768661,11.368577048850208
LYS,-90,0,6,160,0.0375,-56.85241232812221,-61.56291284814342,-67.72155396416042,179.81406989524592,7.215008242380627,10.198445579011132,8.829713776487507,3.7352469156671497
LYS,-90,0,17,160,0.10625,-0.9829021386970286,-0.0008506486663080152,-0.0008071531308920737,-0.000797190065275034,8.418856652821733,0.24981276336054228,0.21501270151059024,0.2097673720345045
LYS,-90,30,6,24,0.25,-64.42589864426577,-174.81347318531112,176.31973208825312,166.80219866484046,7.219566415727261,5.73011799872211,3.2632916469281654,9.553053639308919
LYS,-90,30,6,24,0.25,-0.7074098570917602,-0.7415872244326717,-0.6965925617415047,-0.687536631694448,6.5119943226892225,7.586260199408783,8.949199422085227,9.043845548907132
LYS,-90,60,9,26,0.34615384615384615,-58.19096726829951,175.97403432524766,177.78942641945952,-178.95871082025246,10.14505502201502,4.924517239841346,13.440682497473336,6.304567634250977
LYS,-90,120,7,144,0.04861111111111111,-175.2649380500734,76.64816055988803,178.27178929822992,-178.48771700208593,10.694788619179306,16.034820946612133,16.20746544946936,5.955030246778599
LYS,-90,120,10,144,0.06944444444444445,-171.8480678009953,167.6675564538417,66.98945127376761,175.69091656319515,8.497517966057025,13.878103255310076,6.989809597990168,8.279304931424406
LYS,-90,120,5,144,0.034722222222222224,176.74666777592353,169.24028458991444,168.4294240494629,52.48999832637727,7.896606389432642,14.152533912083303,5.888935649695213,13.787533010724362
LYS,-90,120,14,144,0.09722222222222222,-178.45367574657647,-177.99524752712207,173.54378819801195,179.08554407453258,8.0707304893449,10.06873920987733,12.96112527610085,9.903501716241978
LYS,-90,120,7,144,0.04861111111111111,179.4737549794471,179.00173015386824,171.7931707510859,-64.48755084480716,8.111225788434213,4.29010786847292,13.841602605936167,4.969888029056454
LYS,-90,120,23,144,0.1597222222222222,-67.63276430061137,-175.59556540195098,-178.04179297973727,-179.7013606164421,7.462363034147858,8.858570981611589,6.368853123078969,12.3692244241799
LYS,-90,120,5,144,0.034722222222222224,-74.39986364882223,-178.52210782533407,-175.88409976071983,-60.392256905852406,6.603446932418249,16.79427492356435,10.886635056734185,13.887011249507003
LYS,-90,120,11,144,0.0763888888888889,-56.98240435287266,-68.09683593892323,-175.88634082888302,-179.10107696978756,6.511809640529348,9.476473994199925,7.536979091196551,8.488602772886368
LYS,-90,120,6,144,0.041666666666666664,-55.85946237999634,-60.54130846804957,-178.80781811257555,-62.6741355259125,9.182706018290002,9.637039343084412,9.47969422935678,13.387256032346675
LYS,-90,120,11,144,0.0763888888888889,-0.027247336409589817,-0.02773239539202946,-0.028246468477912245,-0.02690692031013128,1.2961163318507556,1.358870711474578,1.5696240981486538,1.748733364634749
LYS,-90,150,6,103,0.05825242718446602,-173.91301674064957,178.95069219968454,177.86253438151292,179.42985434839684,7.276920058544051,5.103592143871394,7.487128374729924,3.8079013869308205
LYS,-90,150,6,103,0.05825242718446602,-71.32164582303159,-167.75607029179832,174.1834946461667,74.60588376822463,10.358289578572958,11.545249084596806,11.402564929553344,13.094232325099625
LYS,-90,150,27,103,0.2621359223300971,-66.17783591790347,174.3882655878142,-177.8398035102369,174.0222194050602,6.786615533069472,10.214702824464228,10.008277967143394,8.253361798850396
LYS,-90,150,9,103,0.08737864077669903,-68.42973125793505,-178.2418381446083,-85.62051118243842,179.36148013170356,8.656079411779768,9.660251252798586,11.896136674925739,18.30101632286618
LYS,-90,150,6,103,0.05825242718446602,-64.52685319057454,172.51264691745703,-0.7341087246245938,-0.6968733135360687,5.216958490749361,8.394335674875231,8.318958223814333,8.94608059402424
LYS,-90,150,13,103,0.1262135922330097,-59.33390608967317,-66.89021096982717,-172.98940474839824,-177.8551192387725,6.031707513629202,8.711699027078696,6.293070540902017,8.620157352743941
LYS,-90,150,10,103,0.0970873786407767,-0.04127519151623215,-0.05135529675981823,0.0,0.0,1.2774314770448372,1.8611102138234403,0.0,0.0
LYS,-60,-60,11,458,0.024017467248908297,179.97176953932797,63.13488997893708,177.38843741533736,172.6979019309681,6.065777941567553,5.552212264146947,7.316305422761268,11.630926451476157
LYS,-60,-60,21,458,0.04585152838427948,-175.05009293487882,173.17776000838836,70.7981901991109,176.82196530960474,8.345490230974987,13.266359842054037,11.617408575417372,8.050082235240518
LYS,-60,-60,19,458,0.04148471615720524,-179.68803362311863,-173.6425131292801,171.44976910456393,64.21663262388091,8.319941742450354,8.643136033629698,9.992842896771934,7.564693892743815
LYS,-60,-60,75,458,0.16375545851528384,-179.02312388654985,179.49801874801275,178.03926342711716,-178.91733081933978,7.280238243562031,8.351246063868969,7.915102510457254,8.363994756893671
LYS,-60,-60,28,458,0.0611353711790393,178.65715752888056,174.06908122340747,179.12992871129904,-68.69289242649275,6.947696924574781,8.408596095130488,9.046967455232776,9.950366865039863
LYS,-60,-60,13,458,0.028384279475982533,-165.11013685869557,168.14763511618696,-57.87578282703523,173.57307146353904,9.500636541926932,9.976429438766452,8.646877404140863,12.6259946285794
LYS,-60,-60,5,458,0.010917030567685589,-173.93319345524083,-177.69445660806792,-41.97781561465047,-48.94891639305105,7.349655288480459,7.750202266024294,31.45540578985715,30.985954938711135
LYS,-60,-60,9,458,0.019650655021834062,-157.61237307811723,-83.0547173716953,178.00204610131024,-52.86972792228766,13.476314219115574,11.50476994084048,9.949024149460797,13.290352190422347
LYS,-60,-60,6,458,0.013100436681222707,-61.65134259002608,-164.8765625363508,74.47070315644437,73.06680276022996,13.095427272320876,19.833682303537536,4.453666721241372,8.352053654513233
LYS,-60,-60,20,458,0.043668122270742356,-71.29772071590595,171.55871420465687,72.24088945408495,178.56823660740704,12.906381511356763,12.854131034161181,13.75377827249541,6.016889265240023
LYS,-60,-60,10,458,0.021834061135371178,-64.54820294863251,-169.277546446312,-168.72438871469723,76.27264400797237,5.46266064697663,7.831934751963534,12.905714914390241,11.319436777152882
LYS,-60,-60,77,458,0.16812227074235808,-68.57905293186751,-178.28812269090957,178.13449847283292,178.24848224460303,6.551626665210801,6.829257371750327,6.203110796192973,6.821408198982263
LYS,-60,-60,12,458,0.026200873362445413,-62.46740050891445,-178.21102967938253,-176.86014893471278,-64.33611468693769,8.106363663570306,15.087927056234115,7.2495567839509905,8.551968190190241
LYS,-60,-60,6,458,0.013100436681222707,-71.77214636658269,-164.57309553202086,-63.20343400435095,-174.58278501168024,7.251119334943891,9.000781163082966,7.04806280855688,14.63568721641877
LYS,-60,-60,7,458,0.015283842794759825,-81.40540964570675,-164.22898474442542,-75.53743150930796,-76.26676472893244,11.939086631298178,10.990544171910178,16.80519293195495,19.99152296421535
LYS,-60,-60,14,458,0.03056768558951965,-72.08940471380043,-73.63366977384527,179.1597406923232,-177.36735661599073,11.773724873467433,9.541764671577099,13.127401867089144,19.31429633072099
LYS,-60,-60,5,458,0.010917030567685589,-77.10687292938108,-89.84887488337155,-63.306428322652636,-177.85165389251694,14.790737418452485,14.746342744641868,12.479282953633781,5.65979234520044
LYS,-60,-60,77,458,0.16812227074235808,-2.0618594275662454e-05,-2.5965001952502246e-07,-3.110687658991372e-07,-5.98859253774373e-08,0.03631358069927916,0.005179977259650333,0.004883164012944736,0.001910473295847424
LYS,-60,-30,5,1153,0.004336513443191674,70.00575190415185,174.24037474489293,72.62638492390721,171.26421775426496,7.853572703942574,7.997424458462144,11.057798546468298,8.163619933151061
LYS,-60,-30,6,1153,0.005203816131830009,64.33963600914697,-179.26732906381093,164.81527187169098,66.3496340929734,5.849313991392878,4.979201949737446,17.959693508380376,8.9597872219304
LYS,-60,-30,28,1153,0.024284475281873375,67.26020103800427,-176.2916539551961,176.8199669590902,179.96872176527572,5.168803817919265,7.820270753621851,10.97712402971078,7.55857370895434
LYS,-60,-30,6,1153,0.005203816131830009,52.49424589756387,-160.9225451499549,-70.100542464302,-174.6800393269155,17.218176378609176,13.530270572060862,8.985344580741671,12.07919832966441
LYS,-60,-30,18,1153,0.015611448395490026,-176.69396959009296,59.25617483109372,65.50728802030316,179.36432927034454,8.260061737299422,7.445647207395031,6.239498241113952,9.337207823052966
LYS,-60,-30,8,1153,0.006938421509106678,-176.09544192072917,70.10271190293113,158.1393750584789,59.659117636163,13.014357722841433,10.921128863889562,20.78885731026251,7.489020050093464
LYS,-60,-30,45,1153,0.03902862098872507,-175.55111741921814,61.991355098215756,178.03706871169368,173.85272032663286,9.380935922223003,8.176222494347627,10.618100201793,10.048409861718074
LYS,-60,-30,15,1153,0.013009540329575022,-173.33457222943773,69.40819664530746,178.4514153936145,-59.82679756227537,9.580986085499676,9.204279542908855,9.208490993950587,8.188318921291316
LYS,-60,-30,7,1153,0.006071118820468344,175.4279279632413,164.20893859237736,68.09425228809889,68.57970426212154,8.1753151466625,9.008915396777763,17.565921865131024,6.384603141970715
LYS,-60,-30,24,1153,0.020815264527320035,-175.742012529146,177.08333831740205,74.52479856010933,178.9082747473378,9.573092743704962,14.294473731866233,12.25384101484834,9.416934466319644
LYS,-60,-30,6,1153,0.005203816131830009,171.79367126419726,-177.1797127092274,87.65545661739989,-79.8593284704963,12.307671714941874,23.486353778939097,9.955109767462426,5.909671090463972
LYS,-60,-30,39,1153,0.033824804856895055,-178.45049751780616,177.65517366069207,172.08973204560667,62.85743198733331,11.07323722525775,11.960191356074763,13.879470732834593,10.812109755594594
LYS,-60,-30,122,1153,0.10581092801387684,-174.84958833078502,178.42530267149144,-179.75119693120948,-179.23995212717386,8.121206912821329,8.511982771715628,8.17267375168783,7.933462504534065
LYS,-60,-30,26,1153,0.022549869904596703,-175.90812023149323,172.36382830976575,-177.8869559861158,-66.2467085912155,10.087576317487445,12.114225363623287,9.017227835599353,12.369970754098746
LYS,-60,-30,5,1153,0.004336513443191674,-173.95876946972072,179.58569796612034,-71.69351251959253,64.86081218371731,9.45969027561415,6.855171915523197,2.422691557321073,6.926113003908913
LYS,-60,-30,33,1153,0.028620988725065046,-172.57693447979736,-177.1114564427926,-65.10095432462927,-173.46331713833868,10.691237888064464,12.161145423194235,15.343552204731207,14.742309412283745
LYS,-60,-30,9,1153,0.007805724197745013,-174.68815707257374,-178.08018748422109,-54.834908184748606,-56.196721589949945,5.892846877396009,13.911384518335455,26.88310540963486,28.016585269328466
LYS,-60,-30,8,1153,0.006938421509106678,179.26675468955455,-95.86071375323395,-177.59342992900514,179.8554244861301,10.636340600996528,7.536946730601687,7.870062421489586,11.441556346167165
LYS,-60,-30,5,1153,0.004336513443191674,-142.05101459598617,-62.218304368229525,-178.64055748345336,-92.60022364445156,9.317175387427628,18.35752531779387,18.30695054334503,18.756376551404202
LYS,-60,-30,6,1153,0.005203816131830009,-168.12115891959613,0.0,0.0,0.0,9.017871691210622,0.0,0.0,0.0
LYS,-60,-30,8,1153,0.006938421509106678,-88.99400820336399,63.44205227495832,-179.6307199792572,-170.2133464994374,17.080277527464755,17.56924009426384,14.275693873961908,11.932671714507793
LYS,-60,-30,23,1153,0.0199479618386817,-72.90754735734316,171.8148084803328,67.83985474935722,62.20518642682257,8.420046469448138,14.67981790057738,12.707737373775007,8.594367825543822
LYS,-60,-30,45,1153,0.03902862098872507,-70.07504259685908,171.13944174710574,66.7109348988371,177.03222286589886,8.161791024178465,10.910466305873419,8.892536136299402,8.036567865440048
LYS,-60,-30,6,1153,0.005203816131830009,-57.350137945858044,175.12609774613483,90.68810881749603,-62.59726995659757,15.0258016206655,7.8434072997659685,18.735360853363883,9.72674397610348
LYS,-60,-30,47,1153,0.040763226366001735,-71.06099621501323,-177.99314832344996,171.0336881492053,64.9228129380681,5.915436975727656,10.301832634468633,13.13246443291636,12.032288473043709
LYS,-60,-30,238,1153,0.20641803989592367,-70.23910120734622,179.8348259790605,179.79310221743478,178.51092582339862,6.698771522320566,8.466184898723103,8.54412651327022,8.746075389171205
LYS,-60,-30,56,1153,0.04856895056374675,-71.86996128783328,-179.1864046826382,-175.1043255700038,-65.1222930090368,6.749522974528849,10.719669572806929,11.641091501426818,11.31663894610906
LYS,-60,-30,42,1153,0.03642671292281006,-67.84979271440876,-171.14317225997934,-70.68565859751311,-178.77905890872935,6.149970154956085,10.278417773367364,12.367319926826577,10.680531890092842
LYS,-60,-30,16,1153,0.013876843018213356,-67.42261725850092,-157.67360050656634,-62.036078402693335,-60.08970907927167,11.01729427201902,10.675432736127258,28.87243572935658,26.15923807575433
LYS,-60,-30,5,1153,0.004336513443191674,-63.47242175961708,-74.11153989040622,93.1604628670791,159.78352728749533,12.868378137463806,9.711964934708933,18.205738762544236,17.136847026150054
LYS,-60,-30,14,1153,0.012142237640936688,-59.89406182408527,-62.98288480403806,174.47409504996344,61.151969968676944,11.591125638968153,19.30406490872477,15.002579381269934,13.066806164680836
LYS,-60,-30,38,1153,0.03295750216825672,-67.56102662015947,-62.90600946456736,177.96265571868764,-178.995089246121,7.362785860407238,8.543179606608831,7.965743187313402,5.6127343307900155
LYS,-60,-30,12,1153,0.010407632263660017,-60.495599079297875,-71.88338525756203,176.09658729472014,-69.7555613369275,10.076789362656724,12.065119038296798,10.97600067635451,6.936771958741044
LYS,-60,-30,10,1153,0.008673026886383347,-66.95962780009714,-71.0514898907526,-66.40124127191561,-176.40844057516927,11.63164401142356,12.844231464799051,9.490082862952027,5.231860399899969
LYS,-60,-30,135,1153,0.1170858629661752,-0.24674704030275382,-0.0033284900141796084,-0.003565810700850982,-0.0024867561603403717,3.3160827828083614,0.4812265657133043,0.5242201115003594,0.3855569072705031
LYS,-60,0,10,51,0.19607843137254902,-58.247547333697305,-179.47488111780325,177.26864096783763,-177.22397709295012,13.344723410514701,15.502956398005363,9.643543468276095,7.357803455827652
LYS,-60,0,6,51,0.11764705882352941,-62.325280416973904,-74.40143605821024,-159.18231397491306,-62.30277634183896,8.593313010886138,12.344973965754237,14.984958571627068,9.714595248885168
LYS,-60,0,7,51,0.13725490196078433,0.0,0.0,0.0,0.0,0.0,0.0,0.0,0.0
LYS,-60,120,5,92,0.05434782608695652,179.94854664847279,-174.53146086847553,179.12830667047118,64.26750421826257,2.5969298669330874,10.58967849980646,12.577064695745118,6.374080895342309
LYS,-60,120,26,92,0.2826086956521739,-177.73398626146587,175.49278123244736,-178.61546523717774,-179.58417235471615,6.723121152010776,9.733508793396195,7.143893066751578,5.569457631070364
LYS,-60,120,5,92,0.05434782608695652,-170.44297408794748,178.08980495412172,172.0996743345749,-75.0431702172623,8.617396635074897,23.19576206987878,29.410749298618907,16.28513440951772
LYS,-60,120,5,92,0.05434782608695652,-174.84506234388832,-170.07559776520284,-71.9772874982902,179.81594238496433,11.506139092383192,4.399448556308791,18.444938387426152,7.362192655723494
LYS,-60,120,6,92,0.06521739130434782,-62.69457535144626,-177.90696573887,-173.1689088546657,-179.69343969499954,9.335981396321484,7.40317299941042,12.266098426178749,6.466006976957982
LYS,-60,120,5,92,0.05434782608695652,-55.65277307434963,-86.94870662834285,177.10436757081382,-91.69373717017706,13.395955728423653,12.989682009879155,9.25888824941321,12.538621976500401
LYS,-60,120,12,92,0.13043478260869565,-0.015481605412023862,0.0,0.0,0.0,1.1022467827440685,0.0,0.0,0.0
LYS,-60,150,6,132,0.045454545454545456,-170.3041775767603,173.3661209488865,178.14911244423556,61.04102449526464,8.82845069337969,12.534249570697813,12.245076660275043,4.211804415225353
LYS,-60,150,8,132,0.06060606060606061,-178.94875728099206,-179.46216917055355,-172.69909653564864,-179.18371952345163,4.629614731292132,7.6683701156307995,24.005327125983456,13.67233503138583
LYS,-60,150,5,132,0.03787878787878788,-84.82020715305627,78.59710241543816,170.9475958269561,166.40293052625475,13.705926327570852,28.223620924332337,10.007162319760509,9.60923192272321
LYS,-60,150,6,132,0.045454545454545456,-62.70938983812882,-168.02926915566394,84.43721834078839,-174.38939332691868,10.169897876160363,25.352135612818042,13.714717983334678,17.34994869938526
LYS,-60,150,8,132,0.06060606060606061,-72.77407074401744,-171.99969789393546,179.73974993543968,68.7130891969452,10.86803725013722,10.186237672718937,15.646955800339276,11.282537700011172
LYS,-60,150,23,132,0.17424242424242425,-64.91876080495524,179.65558286781018,179.70175601875502,-179.97556829838962,6.871238458073783,9.546368928799405,4.740733256651925,11.015770025732301
LYS,-60,150,9,132,0.06818181818181818,-72.71894622951676,-175.86628972611587,-176.24147958608566,-75.67479756508246,5.6008634659017025,26.084294232951798,18.037460676099464,7.808855027495678
LYS,-60,150,5,132,0.03787878787878788,-63.989765890938976,-172.14132372224498,-76.53707315172346,171.5121538408233,9.565187341801773,14.452955094666526,19.97340875075649,9.880417322334216
LYS,-60,150,5,132,0.03787878787878788,-59.72665782349951,-67.83222362251732,174.98035945361434,-174.34464955519752,5.011567434227214,11.61620433588778,6.046375260009666,15.140314409483716
LYS,-60,150,7,132,0.05303030303030303,-72.61794695990105,-75.26748392213464,179.31255264584084,-67.66684328570689,19.05918261802542,6.4185029646507274,20.10568604374155,11.556272237666795
LYS,-60,150,22,132,0.16666666666666666,0.0,0.0,0.0,0.0,0.0,0.0,0.0,0.0
LYS,0,0,922,922,1.0,0.0,0.0,0.0,0.0,0.0,0.0,0.0,0.0
LYS,60,30,12,48,0.25,-59.324708994383414,-179.5781792421061,-179.1599485616238,178.41344685282095,4.237448202596678,7.5176830201946245,6.274467743209834,7.811903888299329
LYS,60,30,6,48,0.125,-58.87128684310954,-72.82115203495698,-177.33536670206428,-171.8151156464527,6.448543680167491,10.715650298501599,5.725095979802382,5.846533909928979
LYS,60,30,12,48,0.25,-3.70086930574381,-0.015118481211600846,0.0,0.0,13.641681858295003,1.2480659613778413,0.0,0.0
GLU,-150,-180,8,27,0.2962962962962963,59.599102107833865,-169.83604218906092,44.3336754146803,,9.680567115906923,4.5442073291336715,27.176254938061806,
GLU,-150,-180,10,27,0.37037037037037035,57.020737461665526,-179.85842335126438,-23.12959659587808,,11.55501883639537,7.667856748310037,18.56745673540264,
GLU,-150,-180,6,27,0.2222222222222222,-57.18103499712025,-63.684588748688576,-21.761782102990328,,17.053988552665633,15.70615565660458,11.249293147155727,
GLU,-150,120,6,45,0.13333333333333333,-176.06400652040492,71.23384767113177,48.81799998620783,,11.202837795358684,6.6700747846859425,8.40896191278441,
GLU,-150,120,15,45,0.3333333333333333,-169.28560865481214,173.9305777749078,33.54836597835749,,7.1052982675941365,12.282096722394641,16.8527000149478,
GLU,-150,120,14,45,0.3111111111111111,-179.8994319140833,-177.09766312400595,-45.108069704724805,,6.799093178770339,7.724215247794449,21.61569939744313,
GLU,-150,120,5,45,0.1111111111111111,-52.94349882412035,-175.38823203241972,-43.165887487091275,,9.24361743679219,6.928638899416882,26.323481908246432,
GLU,-150,150,14,103,0.13592233009708737,61.265262290078965,179.3035294021832,32.993728276233455,,5.99877856012572,7.566678193602005,15.649361741682492,
GLU,-150,150,14,103,0.13592233009708737,61.13695240699589,-176.924500283105,-16.583975863795942,,6.87863089221453,5.031962806212265,12.392870937184798,
GLU,-150,150,13,103,0.1262135922330097,-178.7741126784577,175.7920709618658,30.799489995712815,,10.352300116875655,7.437505934971772,16.71267398510947,
GLU,-150,150,7,103,0.06796116504854369,-169.97329268154445,174.38654610431362,-34.90474709053143,,13.849399137128135,6.68116823412347,21.58405138189332,
GLU,-150,150,11,103,0.10679611650485436,-64.71925815745172,172.28887477110004,36.156942870512765,,13.05281490619912,7.243884105990673,16.130045463717295,
GLU,-150,150,16,103,0.1553398058252427,-63.22686000122761,-175.9911570649452,-43.3386896676395,,11.87047685624608,5.231304698847434,19.085214243232386,
GLU,-150,150,16,103,0.1553398058252427,-61.56989927010467,-60.59177769047672,-10.004195082140043,,14.156629526501737,18.20265590283208,8.65802907427118,
GLU,-120,-180,5,19,0.2631578947368421,-53.112551262633,170.62666617082644,-29.258933435166956,,19.675784543899685,19.486511892441246,8.761037282775886,
GLU,-120,-180,6,19,0.3157894736842105,-65.79024846871165,-58.13603469322896,-22.51575624268067,,12.65353589885977,10.885908751980228,11.36586943779293,
GLU,-120,-30,5,35,0.14285714285714285,-170.02091762543898,63.16096023402951,21.417061633533475,,11.02309201285769,5.162853304826153,8.748351891072193,
GLU,-120,-30,8,35,0.22857142857142856,-63.30567270937928,177.7452289696033,37.30525549554932,,5.749105408305764,7.484117802660548,17.205297942187897,
GLU,-120,-30,9,35,0.2571428571428571,-59.89996847584424,-173.37573746494405,-38.588477305958804,,9.796726669107573,9.60266797178204,18.863314122271827,
GLU,-120,-30,5,35,0.14285714285714285,-57.970080241676236,-61.806311894311015,-29.375635568170956,,12.351365455309509,19.06985509135136,11.866031376468804,
GLU,-120,0,11,46,0.2391304347826087,-64.98530054709958,-176.78098767148427,33.56445709852183,,6.198041326149,15.063977881263707,24.878869682149165,
GLU,-120,0,15,46,0.32608695652173914,-59.49178034330482,-175.39524287501325,-41.49406333589758,,6.970689858335562,4.8529103118884525,16.810592152273813,
GLU,-120,0,9,46,0.1956521739130435,-56.17571331245194,-48.29264867607932,-33.95780126379831,,27.687232633300773,22.282871276228416,22.529544581523503,
GLU,-120,30,8,26,0.3076923076923077,-69.61120676519243,163.74527800278733,42.4142482512189,,4.9056348934520155,16.6351581002714,20.07899799885286,
GLU,-120,30,6,26,0.23076923076923078,-60.12389408067304,-178.078458998169,-55.91597327792079,,6.825215487179668,8.69570500259025,13.7790901172224,
GLU,-120,30,5,26,0.19230769230769232,-56.94050753859602,-67.75146970439673,-11.553620506848475,,12.875346547358152,11.058577923479442,5.415310053556429,
GLU,-120,120,19,119,0.15966386554621848,-176.43046005794085,177.3927537828122,34.25677319092355,,7.4089990247808215,7.3183798302855925,20.177250447234833,
GLU,-120,120,28,119,0.23529411764705882,-172.94179100586095,178.6626065084067,-36.2528079413771,,11.139374364566358,7.788832934919976,18.465413966598998,
GLU,-120,120,19,119,0.15966386554621848,-63.88826054643787,179.19857739274553,41.00253021946456,,7.6525368315568025,10.914267030988237,16.378887007046487,
GLU,-120,120,20,119,0.16806722689075632,-67.61722837860745,-178.21459643483576,-38.01806707691884,,8.184632171225724,9.335384693359575,19.710537629907677,
GLU,-120,120,21,119,0.17647058823529413,-49.47173009066875,-59.00456613819371,-15.599475940809564,,28.331916657905243,27.28133319898738,15.116747330429563,
GLU,-120,150,11,133,0.08270676691729323,58.8110240397666,-179.35245546068484,34.47382223791651,,10.360962881779098,5.169321147837594,18.776830546565233,
GLU,-120,150,5,133,0.03759398496240601,64.97902898949808,-173.1370125433109,-19.095137746384395,,10.542630030506976,7.070502200273432,24.45171001511547,
GLU,-120,150,14,133,0.10526315789473684,-172.2310506728354,177.70013525699034,-36.07495514984915,,6.24866043464957,11.793761466550546,17.992035912244884,
GLU,-120,150,21,133,0.15789473684210525,-59.5221705958241,-179.7511452080659,51.47474236381971,,9.919917091798677,9.70220098274175,17.001698671510397,
GLU,-120,150,33,133,0.24812030075187969,-62.84095530603411,176.00666531749036,-32.70099940744666,,5.915233598925797,10.585109826537357,16.523512050090535,
GLU,-120,150,10,133,0.07518796992481203,-56.222162142133215,-80.31794171151515,13.01661145493548,,4.765646999578664,6.1116588476932465,11.239064402828184,
GLU,-120,150,25,133,0.18796992481203006,-43.904403343962855,-43.706149311588824,-10.97919522966937,,26.33845916513798,34.828320364406764,13.693192051875652,
GLU,-90,-180,5,19,0.2631578947368421,-43.24685115480151,-51.11932497490351,-10.585214824480333,,31.276295049517046,31.35866870504925,10.36593162026835,
GLU,-90,-60,5,29,0.1724137931034483,-179.75898308054073,178.88674631302547,58.413166383110536,,11.73565524549848,8.01418235796016,22.219046277625367,
GLU,-90,-60,7,29,0.2413793103448276,-20.82859250038309,-16.0908480641942,-19.21967044726238,,30.531763654205758,23.139106287205514,27.467126292004313,
GLU,-90,-30,7,234,0.029914529914529916,71.43842208527563,171.30938922744184,-68.0068058504093,,10.697990882358368,7.780753937547386,11.758589256038125,
GLU,-90,-30,5,234,0.021367521367521368,29.269391739321993,-69.58978007740691,-48.043213842041546,,16.170803258400205,13.8975969323446,8.315259252739994,
GLU,-90,-30,17,234,0.07264957264957266,-161.8596577335201,67.42345559996039,42.15918041767388,,13.10248787649318,6.7176665153204524,12.970874727259634,
GLU,-90,-30,18,234,0.07692307692307693,-169.15875469533407,-179.27026965917813,24.179665526502802,,11.671833007792282,8.715752826370606,20.203497218781724,
GLU,-90,-30,21,234,0.08974358974358974,-172.40611885531766,-178.76475726919332,-30.429162963213592,,8.812983939631067,11.85676822348837,17.73384702580344,
GLU,-90,-30,8,234,0.03418803418803419,-162.27109347027326,-79.26833294495322,-29.823355552477466,,10.137974021989411,4.367084225917239,11.844276659544747,
GLU,-90,-30,14,234,0.05982905982905983,-60.966076834030495,82.20929407407829,22.220496394612685,,7.123522230165992,8.355208407543891,23.05668640526842,
GLU,-90,-30,6,234,0.02564102564102564,-70.69656847699648,81.75577832771675,-31.959267061939503,,18.44713940303745,22.234206411264584,25.603626217183876,
GLU,-90,-30,24,234,0.10256410256410256,-70.31519553304135,176.42605504574038,19.030378581712565,,11.16677817670145,9.310540736495067,12.294904872167761,
GLU,-90,-30,42,234,0.1794871794871795,-63.64748655037349,-178.8448262725446,-29.329431702067446,,7.790877281180656,9.23921833345342,17.106239634811597,
GLU,-90,-30,9,234,0.038461538461538464,-59.09256774155393,-82.47978125100386,47.28555144482648,,6.8840062700534945,8.277153376806762,15.074455598297705,
GLU,-90,-30,53,234,0.2264957264957265,-58.38128650058476,-51.966109417177826,-28.872076255011844,,21.352380953485927,18.46362023899748,20.339517735084137,
GLU,-90,0,10,176,0.056818181818181816,73.37517899452361,-174.0801020512526,32.45018160101458,,8.801348942675629,8.359669542923193,21.033350808996687,
GLU,-90,0,9,176,0.05113636363636364,64.27105648755874,178.7412601254144,-48.6996887478258,,4.557406820472092,32.43979494127663,18.99657940123513,
GLU,-90,0,7,176,0.03977272727272727,64.85848361862416,-74.7346650388862,-47.72826002505166,,13.601042726242742,7.524155924111928,20.4712627161881,
GLU,-90,0,5,176,0.028409090909090908,-143.30035056136447,66.6449304989619,46.56286428854487,,9.146526756923432,12.575650315473235,6.638610796782673,
GLU,-90,0,11,176,0.0625,-64.50158015674278,75.1606882323599,52.72528096653171,,12.709651623511665,8.77730021557748,13.669962931415483,
GLU,-90,0,29,176,0.16477272727272727,-60.8294411629417,177.77738708636792,27.054817380348947,,7.747117670568301,9.092811526031328,15.227075095515238,
GLU,-90,0,33,176,0.1875,-62.97039577999418,-179.3366615071199,-29.451889019170764,,7.980334587578673,7.449528090486141,19.769166628213263,
GLU,-90,0,7,176,0.03977272727272727,-62.28704146994558,-66.27684944770743,22.42551260705679,,10.621825029822922,7.856645381263587,26.22866742029806,
GLU,-90,0,55,176,0.3125,-57.13246694042002,-56.278498690692366,-29.909021719164798,,18.84217873009072,18.202597468612357,20.73879393132408,
GLU,-90,30,9,21,0.42857142857142855,-61.82374179432563,178.46786148003045,31.34848994808145,,10.402579930003744,13.572943572488075,17.07544264885038,
GLU,-90,30,6,21,0.2857142857142857,-63.712585108754766,-58.09368613420304,-31.123825604690683,,13.624777104538609,11.54549374234204,11.224240738015833,
GLU,-90,60,7,12,0.5833333333333334,-68.70465347464985,177.3899508534192,53.667436428381556,,11.881090244532423,21.221010523068614,20.051436098032255,
GLU,-90,90,6,29,0.20689655172413793,-155.44509867322483,175.48097019617896,61.39811184220571,,8.30873528276112,12.481554807042421,21.9886865335125,
GLU,-90,90,6,29,0.20689655172413793,-26.10437624577722,-34.129764189108535,-25.52862727876172,,27.41823869239458,34.67226268242142,25.726436571730186,
GLU,-90,120,8,131,0.061068702290076333,-172.83266018307398,67.76008112208909,27.89060040389884,,6.164476202826524,5.061301660750967,7.519968743667279,
GLU,-90,120,30,131,0.22900763358778625,-174.15583780040305,-177.76559312033442,32.83919236779043,,7.572976973355666,7.0662275590532255,20.119445053841197,
GLU,-90,120,34,131,0.2595419847328244,-177.45476535711947,178.41829371218608,-29.348107383323086,,7.004546693484055,8.592715055056072,18.86619975783865,
GLU,-90,120,18,131,0.13740458015267176,-61.189178052720216,174.6211841997942,42.59507966773384,,7.163320937421932,8.439114436752664,22.02683871215837,
GLU,-90,120,10,131,0.07633587786259542,-65.90143649873745,-172.7722345025371,-67.23832988332668,,10.46505922687948,14.848308858881207,14.682315460485258,
GLU,-90,120,21,131,0.16030534351145037,-46.718077275012476,-40.93000109367644,-24.541870150876175,,33.363506165310014,30.405937180932984,25.05434885510648,
GLU,-90,150,8,149,0.053691275167785234,63.871644210216,-167.2853116917156,15.714289838010863,,19.65531266104984,4.015599028657026,19.02947567494093,
GLU,-90,150,9,149,0.06040268456375839,-168.8678730663191,170.5979776510358,24.165394646297536,,12.267340516931782,9.544233311763268,21.226070997707993,
GLU,-90,150,34,149,0.22818791946308725,-64.5228133876257,-178.66545219263696,29.584791107458162,,8.746661023514624,8.379811959624325,19.786416083376707,
GLU,-90,150,29,149,0.19463087248322147,-62.99587520638047,-178.20312668871424,-28.03385620691423,,5.841306219451415,7.161617645637839,15.844182479026111,
GLU,-90,150,45,149,0.30201342281879195,-62.83212247265796,-63.48753435229278,-32.409508545044304,,13.592962021734525,13.761007861868991,21.15796683873039,
GLU,-60,-60,30,544,0.05514705882352941,-176.282553808765,62.85436580929498,24.82300706136652,,8.960207498156976,7.373950083281862,12.60090649998296,
GLU,-60,-60,9,544,0.016544117647058824,-177.4857313623746,82.78171458728309,-22.339874051046085,,11.386643572642004,13.783929936174252,19.433517933182067,
GLU,-60,-60,89,544,0.1636029411764706,-174.8970581190501,179.11834572606793,33.32487817234669,,7.895568175485308,8.15651400093891,22.079489308661387,
GLU,-60,-60,86,544,0.15808823529411764,-174.94386633892606,-179.4677509965552,-22.836751947901252,,10.9326062244514,10.134607460114962,18.16022744847021,
GLU,-60,-60,12,544,0.022058823529411766,-166.7316382366184,-80.60071751809924,-38.749142679528944,,10.471026695878225,26.198427551129864,25.679692711408077,
GLU,-60,-60,19,544,0.034926470588235295,-72.71743927098916,72.36382557129251,45.910405290561364,,12.763224855187227,9.56815716410113,20.211402707560524,
GLU,-60,-60,18,544,0.03308823529411765,-67.16961100390805,83.95536057472584,-29.48559939714879,,10.491287258376008,8.373384663280877,20.930322559903434,
GLU,-60,-60,89,544,0.1636029411764706,-71.41231841856057,177.10239260733454,29.358871754444976,,9.745399162836867,9.654513657642829,17.8801492322984,
GLU,-60,-60,72,544,0.1323529411764706,-70.64431061518307,-179.4644955608816,-29.795006300901804,,8.178782935798873,8.475330984831357,16.543785918799507,
GLU,-60,-60,18,544,0.03308823529411765,-68.76792415210154,-86.57740655848666,30.12322314330334,,11.934639276729198,12.48374784881412,16.64144275390673,
GLU,-60,-60,90,544,0.16544117647058823,-41.313687076907875,-34.2065146632524,-16.272581575044697,,33.81901881439042,29.949583912373583,22.94246813727295,
GLU,-60,-30,11,1507,0.0072992700729927005,75.93391586902625,82.06765106438749,45.755910038574555,,17.961130555964175,8.597887649364743,15.526138873637155,
GLU,-60,-30,25,1507,0.0165892501658925,63.05841335376206,-174.74122206752415,36.501147823554525,,10.119320014469675,10.15199805767138,20.022066618033836,
GLU,-60,-30,30,1507,0.019907100199071003,68.97667396737366,-176.93183498509848,-27.755543120104676,,7.781718272158977,7.98470933471473,24.65104559936853,
GLU,-60,-30,19,1507,0.012607830126078301,60.52889038543738,-90.10222966040868,34.52204688458048,,10.213226243668734,3.4674259541973904,13.574364507865987,
GLU,-60,-30,13,1507,0.008626410086264101,49.360591169367,-73.96420625991736,-33.91146256585961,,22.6060302920894,7.859734745199972,14.204808274857184,
GLU,-60,-30,157,1507,0.1041804910418049,-172.99827028879835,62.398119615485946,32.229988661331895,,10.919957206958626,7.529844852395578,15.91522119809941,
GLU,-60,-30,24,1507,0.015925680159256803,-170.11409716595475,76.33890736344911,-28.471787710518235,,12.076640264918215,5.788772276974231,24.68473987103123,
GLU,-60,-30,147,1507,0.09754479097544791,-177.25797832555247,176.4710553539381,34.53142599820779,,9.848969867897608,10.305031524568149,19.144025990548467,
GLU,-60,-30,183,1507,0.12143331121433311,-173.69399996189355,-178.45151031177417,-31.659917219297558,,8.564261240452822,9.503511364632208,18.473286679917496,
GLU,-60,-30,5,1507,0.0033178500331785005,-177.38830096048275,-100.51447922004955,31.440668314538176,,1.2949700923485403,3.032899353952081,11.760554935804718,
GLU,-60,-30,30,1507,0.019907100199071003,-162.62208143747958,-73.51730356177654,-30.134404824924953,,16.51263482854706,23.61197966290288,21.48447905764702,
GLU,-60,-30,69,1507,0.0457863304578633,-67.41332863992221,75.23592959293312,36.656305479602885,,11.084051765173347,7.520472684722991,19.27359230087121,
GLU,-60,-30,42,1507,0.027869940278699403,-64.25938308185147,91.23595308060763,-21.956484908706287,,4.598149386691368,6.648337633982139,13.831387728410531,
GLU,-60,-30,232,1507,0.15394824153948242,-69.85153145289455,175.2750274172345,25.4600677430917,,8.701589058483583,10.452987773198002,19.25687934842202,
GLU,-60,-30,268,1507,0.17783676177836763,-67.36819610656124,179.73806813438273,-31.188006224561406,,6.871820303126614,9.423868010772354,17.608570597544364,
GLU,-60,-30,29,1507,0.019243530192435302,-63.41692199512899,-86.12286559436478,32.40215657303313,,7.978788831360417,12.380588776294132,18.915672577475497,
GLU,-60,-30,223,1507,0.1479761114797611,-50.235958293610565,-43.541072997964086,-22.33204512579166,,31.105276906458908,27.808241844089554,22.740263815152154,
GLU,-60,0,8,83,0.0963855421686747,65.77115239898308,172.30592469880108,34.40762887215316,,8.44546101128493,9.514868030555808,21.949003911654607,
GLU,-60,0,10,83,0.12048192771084337,48.78001762108611,175.25518438363673,-43.68870979736559,,12.093455678442023,8.866233077615254,17.528697679680207,
GLU,-60,0,12,83,0.14457831325301204,68.79314198673565,-87.5532365949818,22.922756797202922,,3.1301284961948714,4.202847720173157,12.86229221726147,
GLU,-60,0,7,83,0.08433734939759036,-162.85365690658261,175.50399791431659,29.995463596181462,,10.791049433702252,10.757945895206255,22.91126421774413,
GLU,-60,0,12,83,0.14457831325301204,-73.4142842461797,178.4669905383635,24.88339360687361,,10.957746825792277,13.35676591544101,19.844607928800603,
GLU,-60,0,8,83,0.0963855421686747,-62.33359627347815,-179.45057909904557,-22.51845012031335,,6.811986777189798,5.0262004064427845,14.160509110454957,
GLU,-60,0,14,83,0.1686746987951807,-52.395614509918744,-48.51840168865822,-21.61509726207027,,28.29371738620026,25.98073657075498,24.063843307819916,
GLU,-60,30,6,9,0.6666666666666666,-73.82133872664201,-168.12588824176171,7.071599256792826,,10.889883330314213,10.265994546505805,7.785948233967282,
GLU,-60,90,6,11,0.5454545454545454,-7.769616250606442,-9.948072195596058,-7.5698217598437685,,17.403876534897382,25.708652233487552,16.856095529517912,
GLU,-60,120,8,100,0.08,-175.47751698405324,73.6391205037254,27.61375465346107,,6.257281387535773,5.647760411258351,14.398874238679435,
GLU,-60,120,19,100,0.19,-173.78406035033302,179.61789446567462,31.65673163113755,,7.84498121989288,9.2240669972087,18.151566736446316,
GLU,-60,120,20,100,0.2,-171.61318827002233,-179.7753371670359,-25.208775951755356,,6.444374888945399,7.768671841646606,18.20547095238956,
GLU,-60,120,11,100,0.11,-72.31861976521309,-179.264248370856,29.592926719623534,,16.064454243746646,13.649131456258342,13.32486631067804,
GLU,-60,120,14,100,0.14,-68.86476210687378,179.9721374361894,-31.72368537511209,,9.494062454682464,8.07201391057298,15.804958054287528,
GLU,-60,120,12,100,0.12,-59.18464991103869,-61.361976783329936,-10.92712103604751,,30.17543141841591,28.84677511549907,13.878218655675852,
GLU,-60,150,5,149,0.03355704697986577,68.64592013470582,178.46964647341045,46.78748781114497,,3.909346930753079,18.490783587239633,30.12525963820426,
GLU,-60,150,10,149,0.06711409395973154,65.02664939523187,176.0976035760182,-50.089048795555314,,9.52200502070282,9.470661044979021,24.077478666437802,
GLU,-60,150,18,149,0.12080536912751678,178.7090207877165,-178.14023940903547,30.939106015545647,,5.594407320814881,8.849562976132308,20.426964341665798,
GLU,-60,150,16,149,0.10738255033557047,-172.34860704806536,176.96449828497427,-19.026499943051075,,14.993867655548417,7.140866369680875,16.71545260689765,
GLU,-60,150,7,149,0.04697986577181208,-47.85844198246469,86.50920381929073,51.033029883312174,,23.835621053220674,7.717287222327388,14.871122324507528,
GLU,-60,150,21,149,0.14093959731543623,-64.27723952351039,179.17649615725998,27.084185494210757,,8.86155007098605,8.26677439495534,17.331350322766102,
GLU,-60,150,25,149,0.16778523489932887,-68.76724655168084,-178.64120022649388,-46.822894763325195,,9.288197988656592,9.421066487594205,19.54480780590544,
GLU,-60,150,29,149,0.19463087248322147,-37.542569358143346,-32.11630311043223,-21.563659727076583,,30.36517184292188,30.50689418965834,24.95193236211136,
GLU,0,0,1025,1026,0.9990253411306043,-1.663863097972553e-224,-1.6625497914308409e-224,-1.0666374483096723e-224,,1.152751504571878e-111,1.1395098963294217e-111,5.512007853262325e-112,
GLU,60,30,7,29,0.2413793103448276,-58.35214434000533,174.8923332145558,32.899116048209216,,7.457241906740214,4.1178204503077565,15.130403675416641,
GLU,60,30,9,29,0.3103448275862069,-58.389201075462886,-170.92475372367954,-29.253292971233726,,9.458744338491703,6.157248269022872,19.570263446168127,
GLU,60,60,5,20,0.25,-65.59497194449159,-171.39433341436086,29.020585940653593,,12.378960183903022,8.118463145235417,12.68346151211807,
GLU,60,60,5,20,0.25,-54.681755083457,-174.46121743746218,-38.235263102109485,,4.127430723478977,7.562425366395023,19.39491154519599,
GLU,60,60,5,20,0.25,-46.71463262649646,-71.11565313687437,-31.007543545394988,,21.18385749715494,13.789050875092169,6.658889703124874,
GLN,-150,120,12,33,0.36363636363636365,-174.80241716001444,173.02958306915707,-36.059058028334015,,7.458389520309694,11.256194564616463,18.219876644665458,
GLN,-150,150,8,45,0.17777777777777778,65.296948218629,-176.6069032631939,62.69045861275421,,6.743314750301557,11.636871186492678,20.016748541349084,
GLN,-150,150,8,45,0.17777777777777778,-170.27930458967325,176.53849508853708,62.60000724580646,,6.828790071279575,5.505040081822048,20.145487736949224,
GLN,-150,150,6,45,0.13333333333333333,-165.77880593050625,-171.66063180047038,-32.040586440012234,,5.785065019389758,9.773857968540785,18.33794582268287,
GLN,-150,150,5,45,0.1111111111111111,-64.222754090204,-169.65213614632881,58.37548491967534,,6.4945067635657985,15.682910344016422,15.835639742740026,
GLN,-150,150,5,45,0.1111111111111111,-71.27670042974653,178.238473774284,-63.35506720916138,,9.808638212043448,3.73165902312171,18.247090388777913,
GLN,-120,-180,5,9,0.5555555555555556,-57.6924220650144,-176.72827554044937,73.09319485744659,,7.443863365204739,12.379484712126128,24.408104824612167,
GLN,-120,-30,7,24,0.2916666666666667,-49.4133615292931,-49.12960090130304,-32.70755929362874,,18.54714241471967,23.090637180715184,22.30571886141434,
GLN,-120,0,8,28,0.2857142857142857,-63.36858220249188,172.6722940895379,48.00136379280683,,7.333758453142391,9.349802245246217,22.44837374562301,
GLN,-120,0,5,28,0.17857142857142858,-64.46252252565249,-172.1230096357962,-29.546254206975114,,12.178597292563703,16.192303080302032,13.69164884701021,
GLN,-120,0,5,28,0.17857142857142858,-39.54129590097778,-43.14112528736608,-35.2172363905052,,26.287485611879976,29.323767572653672,27.229565413009055,
GLN,-120,90,7,23,0.30434782608695654,-59.67276987272428,-172.88239431026608,-29.098819333073504,,9.578558509888767,4.250441877759708,29.412202612944274,
GLN,-120,90,5,23,0.21739130434782608,-64.10871084965983,-66.86712965157663,-27.9723649267179,,4.988577670245399,15.32778608586594,22.774424596592876,
GLN,-120,120,5,58,0.08620689655172414,-174.05961919311875,173.66012227553455,64.25207110364931,,3.9609664570991274,5.8503822981333125,29.562538995113766,
GLN,-120,120,6,58,0.10344827586206896,179.25213147329168,-179.42196155109988,-75.5424853096532,,3.2185568450753763,5.703131600371672,21.132014865650003,
GLN,-120,120,11,58,0.1896551724137931,-63.003413222328554,-175.1745885876413,50.56169582712963,,8.162310234794234,7.588406102426529,23.76547970603785,
GLN,-120,120,8,58,0.13793103448275862,-64.25106233468455,-179.9348627723949,-36.860361573375535,,2.86313554718117,6.871676217819018,18.05347827902682,
GLN,-120,120,8,58,0.13793103448275862,-64.96418963826483,-62.97585847476106,-38.97804871935179,,18.553137678912687,18.269912782567975,18.998593466802134,
GLN,-120,150,8,106,0.07547169811320754,56.63517931689861,-178.61048404327235,46.35163911568149,,16.264596238473516,8.420930714929035,20.96153101221939,
GLN,-120,150,7,106,0.0660377358490566,62.93925705836439,-173.91943678118272,-75.16672319960212,,4.751720498344233,6.338295630899745,24.477405872506075,
GLN,-120,150,5,106,0.04716981132075472,-57.985887489980406,77.16285137862508,25.676293243738296,,7.611269953782482,4.823758588990731,10.471210974312148,
GLN,-120,150,15,106,0.14150943396226415,-69.37513093377584,174.71199351348366,42.601237687984685,,9.48848987422102,10.837217343597903,24.791766340695492,
GLN,-120,150,32,106,0.3018867924528302,-64.46072605219014,-178.05232432907718,-56.05320161253203,,6.946112841318,13.324584902254735,18.605668135510136,
GLN,-120,150,5,106,0.04716981132075472,-71.48829499212738,-58.19181609050568,75.04544881330203,,5.165275522728126,9.21001423995998,22.63664885340309,
GLN,-120,150,5,106,0.04716981132075472,-51.29558738382583,-65.29497790509986,166.03029330508235,,9.246334713574948,5.20169501090632,15.69777226459571,
GLN,-120,150,13,106,0.12264150943396226,-61.05354340252785,-62.43289171941752,-32.95364056144919,,8.633105500493636,18.016616050588073,19.078376903855506,
GLN,-90,-180,5,15,0.3333333333333333,-61.00725917381061,177.07882311167364,-69.85220715208824,,5.82301782566164,3.6155931118536215,22.790324556313887,
GLN,-90,-180,5,15,0.3333333333333333,-16.714309954187872,-16.156442887101086,-4.377843185025911,,28.00498644276516,26.950313911350456,10.292439074906673,
GLN,-90,-30,5,90,0.05555555555555555,57.66007625029985,-174.160987583476,-30.942236034968374,,16.363303681625176,6.179378752140072,44.91082215480224,
GLN,-90,-30,5,90,0.05555555555555555,-171.5932553312989,70.1117542119127,58.97223185757506,,13.304580763897556,10.247080433447621,31.467698659187764,
GLN,-90,-30,8,90,0.08888888888888889,-174.48282690928093,174.54533151319822,-18.576388634439194,,11.72845368548981,9.12975008724082,16.097594810995766,
GLN,-90,-30,15,90,0.16666666666666666,-63.08576720457647,179.18139283790103,40.66378213228537,,3.890525963256303,7.53460952033435,22.7738581426154,
GLN,-90,-30,15,90,0.16666666666666666,-68.69239663152443,-177.14023626022956,-46.89654087375452,,6.557770130599992,9.910355190629623,25.307947366537967,
GLN,-90,-30,18,90,0.2,-61.65161601684536,-59.475132840143054,-47.873780475898954,,7.3353075288094605,10.847548415210413,15.67838742629412,
GLN,-90,0,6,116,0.05172413793103448,52.682750306936306,177.8770157538426,43.43890076880296,,20.65395123449335,7.740132307890903,11.501095561185892,
GLN,-90,0,11,116,0.09482758620689655,-72.84882952941582,69.01934062212078,56.029624747529944,,7.690950067374427,4.103937547235522,8.238215809862911,
GLN,-90,0,21,116,0.1810344827586207,-63.20145208864668,177.3374594632049,47.728245007807224,,5.82471641234473,9.402731889042908,13.078673662389784,
GLN,-90,0,16,116,0.13793103448275862,-65.0549242913578,174.3469143898061,-35.627889270148565,,4.849006231897504,7.927402529939112,22.43741427925808,
GLN,-90,0,5,116,0.04310344827586207,-62.84867447821695,-59.42519258849718,130.35586211694587,,9.125572619056948,4.942296205488753,9.490191829414012,
GLN,-90,0,29,116,0.25,-59.9658464048311,-57.3225304489286,-46.74568508603362,,14.301091764432536,13.121638314397233,15.941467074603125,
GLN,-90,120,8,75,0.10666666666666667,176.83316530154323,65.44361578395221,51.531162356931496,,10.691122887762212,3.3708035718622344,14.08136788576828,
GLN,-90,120,6,75,0.08,-178.28192922937347,66.56472013729817,-96.71618831440632,,8.709421709073865,12.4214463903023,26.217232873986827,
GLN,-90,120,11,75,0.14666666666666667,-178.57500253433804,-176.39226729405428,41.052981229782084,,8.131392546881509,9.92621528404371,16.810004565747324,
GLN,-90,120,6,75,0.08,-177.6618120768522,179.17211427638708,-175.49048695171192,,4.78002605023458,6.462996191768441,14.075330642554675,
GLN,-90,120,5,75,0.06666666666666667,-176.00695303337918,-168.9343951660698,-40.11972491033861,,1.4080867478218424,6.929796490730114,11.71903251348405,
GLN,-90,120,12,75,0.16,-68.09694881057509,176.5256916925322,-53.03045560914996,,6.589840020886008,7.1812272579509395,39.69803919355584,
GLN,-90,120,10,75,0.13333333333333333,-61.14917110005923,-52.33141486149281,-39.78892319989195,,15.292313377917905,15.962403296438898,18.227576736537564,
GLN,-90,150,6,86,0.06976744186046512,-158.39678948512423,-179.39204619683326,-23.328897363808384,,11.734073178608147,11.462216046665278,7.464659632374929,
GLN,-90,150,19,86,0.22093023255813954,-68.1322567344228,-173.70160101704377,35.52062117418657,,10.56360091315164,12.245577076438714,23.68052986907746,
GLN,-90,150,5,86,0.05813953488372093,-58.89257771028178,178.14293981941043,-155.12621978861867,,12.211032702108678,8.367253491262927,13.207060463532578,
GLN,-90,150,16,86,0.18604651162790697,-59.95863066399612,-178.13933840989444,-63.867614619395596,,5.708726476170011,12.647819336770677,12.530751514439588,
GLN,-90,150,5,86,0.05813953488372093,-65.73000035213107,-60.72492652783778,112.84684787298609,,12.201122963258099,4.6883453962564525,6.90562002203726,
GLN,-90,150,13,86,0.1511627906976744,-55.359545566954004,-53.58882312897811,-26.243647324424355,,13.431297823789643,16.340006974687178,18.324342532655137,
GLN,-60,-60,18,214,0.08411214953271028,-178.6889913979959,63.07548778171086,54.24019368538025,,5.08625872266234,7.341434683038296,15.6215479905914,
GLN,-60,-60,6,214,0.028037383177570093,169.06663265873587,66.82942610969756,-169.88506265911028,,11.075832360893262,9.410095700458314,23.011547687801574,
GLN,-60,-60,7,214,0.03271028037383177,-148.0211145320918,70.23718461043232,-81.93612402120387,,24.296355382339925,13.39883646357268,33.85338612976295,
GLN,-60,-60,19,214,0.08878504672897196,-176.6473648459728,172.215671740025,36.68415758566344,,7.653416236930348,9.468083129930855,22.77314893083552,
GLN,-60,-60,7,214,0.03271028037383177,-178.11547612688037,-175.06579706717343,159.88372140736874,,10.599009315818302,13.959892598139632,25.02443937099521,
GLN,-60,-60,19,214,0.08878504672897196,-178.97748863105647,177.20696393329757,-42.902841883748366,,7.4083534376974,7.542944019654225,23.323428358394228,
GLN,-60,-60,6,214,0.028037383177570093,-176.32451634397722,-67.95769209418056,-26.909156432917182,,15.117211801391901,35.00313620573154,25.916971338560625,
GLN,-60,-60,37,214,0.17289719626168223,-74.00515015241182,175.83689733649527,26.538141184268476,,6.037008487543956,8.699935167985831,13.738903876553618,
GLN,-60,-60,9,214,0.04205607476635514,-77.02545025492046,-179.43732724384336,172.2188145357953,,10.634877129860017,11.357856086560654,25.60988869072238,
GLN,-60,-60,42,214,0.19626168224299065,-71.07815018474582,175.7859743529344,-38.04731861003473,,7.9421774948015464,7.046431018749681,17.215143427973786,
GLN,-60,-60,6,214,0.028037383177570093,-62.54216581178276,-65.25418011302538,78.56227271566983,,6.3905091136917145,12.43635674350659,21.578726817063398,
GLN,-60,-60,20,214,0.09345794392523364,-46.47248541443204,-41.56988220069918,-33.820175016518235,,28.59586754891361,24.518488112764697,25.42959033138829,
GLN,-60,-30,8,671,0.011922503725782414,78.62883046767533,178.41871672445615,62.84710833073932,,13.265523483135631,9.788997638151505,23.893013184493018,
GLN,-60,-30,5,671,0.007451564828614009,59.920212257288846,179.3738691112861,-173.61270340460274,,14.788243172786137,13.580714025176533,12.535937986361283,
GLN,-60,-30,16,671,0.02384500745156483,64.35360908983849,-179.985325644555,-54.42589814238162,,5.695590548333082,9.022923964301885,16.139772791587195,
GLN,-60,-30,87,671,0.12965722801788376,-174.52960368067525,61.74507512429476,47.608315228185326,,6.216920310607567,7.060940021336579,16.149000262427034,
GLN,-60,-30,10,671,0.014903129657228018,-173.7043994224351,62.85022819310994,-134.4946662219724,,9.97654409217138,3.8679347256849055,11.91180531513585,
GLN,-60,-30,19,671,0.028315946348733235,-173.09014130732527,70.16165305504452,-76.63696651314203,,8.775492518864027,7.554214492529433,26.70029050164135,
GLN,-60,-30,51,671,0.07600596125186289,-177.67900768610045,175.5061429359143,36.7293738450821,,8.34343015661279,9.994507513041636,18.18916941947656,
GLN,-60,-30,14,671,0.020864381520119227,-174.8475828532619,-174.6020074525602,153.16035860422133,,8.189170711569597,7.1665486859169905,20.66860721292687,
GLN,-60,-30,58,671,0.08643815201192251,-179.1589957274143,177.15040132708882,-42.43672829885843,,7.5509215282154,10.294509477216454,25.027746420783064,
GLN,-60,-30,16,671,0.02384500745156483,-167.4390606510853,-86.22099753085357,-28.626455499894202,,6.774367797949601,8.53261228814101,13.27945340223779,
GLN,-60,-30,8,671,0.011922503725782414,-66.7778701732113,75.13772664790353,35.62061227593993,,5.318545405100317,8.994511700450317,22.163518320530912,
GLN,-60,-30,14,671,0.020864381520119227,-66.72320925222479,90.89694531924538,-29.623014110745334,,7.858282161929278,7.300716167213511,13.802199355900454,
GLN,-60,-30,76,671,0.11326378539493294,-69.6317928855536,176.14322298719216,39.49349703336867,,6.862795196227323,11.355705578721448,18.270769077527262,
GLN,-60,-30,34,671,0.05067064083457526,-70.02663801939192,177.10760443972566,-178.55421526002812,,7.436524484125609,8.686681246038374,19.864358024024455,
GLN,-60,-30,125,671,0.18628912071535023,-69.7908545390065,176.52122902354466,-43.73225051559225,,6.562492150900291,7.313848851911348,18.996793078108805,
GLN,-60,-30,25,671,0.037257824143070044,-68.50072536674183,-66.36754492627078,85.33614712767049,,5.858545051596651,9.625617660765592,34.36117417624431,
GLN,-60,-30,13,671,0.019374068554396422,-66.46176546572737,-58.11789645420463,133.36067473285564,,7.654835166348656,6.32094919857551,11.172031669621195,
GLN,-60,-30,80,671,0.11922503725782414,-65.11191687276933,-58.921364786975026,-35.79752631515147,,14.029611205975607,14.687560458703572,20.21862053514875,
GLN,-60,0,7,24,0.2916666666666667,-64.93713699718174,177.3840269086717,-30.68566536245854,,7.002994405946138,7.42921583879958,18.177100674687335,
GLN,-60,120,5,49,0.10204081632653061,169.70215867055444,63.35539374018602,44.33733364366957,,17.91422722021086,2.1255661645496318,15.21697107132531,
GLN,-60,120,8,49,0.16326530612244897,-176.01726031392712,-175.81319346502144,34.78745894462862,,6.490101503402613,3.8966450320122616,14.773078071683884,
GLN,-60,120,5,49,0.10204081632653061,-164.24780345741988,-79.45437932517686,-44.30609435748799,,11.884434022196427,14.971154683522034,15.432726606115772,
GLN,-60,120,10,49,0.20408163265306123,-68.55626968592394,-64.06341476814944,-30.306495556063393,,7.499870079904349,7.002536749617976,13.544745654151146,
GLN,-60,150,5,45,0.1111111111111111,-178.60306293366884,65.18361734399618,41.640332615899034,,14.322992531622198,9.111496742370468,13.081468980262152,
GLN,-60,150,6,45,0.13333333333333333,-30.322582435311748,-32.35011327515885,-4.53184759722385,,30.323953351271104,33.92544944806132,9.05497934839389,
GLN,0,0,374,374,1.0,0.0,0.0,0.0,,0.0,0.0,0.0,
GLN,60,30,6,20,0.3,-68.17109176444589,179.18934249247644,61.27063198474236,,4.4729575975980875,13.29768536870942,16.236693356094886,
GLN,60,30,8,20,0.4,-66.83669608945735,-178.37141662316347,-57.1135892498651,,6.22294993920673,13.195599949697144,24.0602661517803,
GLN,60,60,9,22,0.4090909090909091,-62.80337170746009,-179.22554720625917,-48.7094949453644,,6.65731523243861,16.700735132440585,24.436687145984493,
MET,-150,150,6,38,0.15789473684210525,55.56493739569147,-172.5205490708432,67.46950413025964,,8.225829210578748,13.13306205206776,22.417982483483485,
MET,-150,150,6,38,0.15789473684210525,68.77662063973408,-179.55516143102645,-68.6044252487641,,11.040146203353451,9.571635125513204,7.632637947240389,
MET,-120,120,7,53,0.1320754716981132,-174.53953327830382,170.28380848293384,63.41917523946054,,4.395018423311116,21.574927491152206,10.389758992831139,
MET,-120,120,7,53,0.1320754716981132,-166.31962760318638,-179.41826302520198,-67.84344293814276,,10.153949144120375,7.4335094585075865,19.00040626280832,
MET,-120,120,5,53,0.09433962264150944,-173.17050480434986,-1.4089207550985325,-1.2446932539990563,,6.276444491612988,13.527092644143089,14.252779555849905,
MET,-120,120,5,53,0.09433962264150944,-59.940943531749994,179.27996866597925,78.63024383271866,,10.088968108164954,6.043442253519075,7.607049588559344,
MET,-120,120,7,53,0.1320754716981132,-61.437431657546185,-176.33138456865026,-66.35118150606338,,6.8294166547709745,13.597916959529046,13.611215911656789,
MET,-120,120,6,53,0.11320754716981132,-57.50981025211464,-32.96116458060968,-21.591393356149208,,10.452282040537728,35.46029856630906,26.60954939334742,
MET,-120,150,7,47,0.14893617021276595,-63.068956598466315,-179.42957092724012,68.13644225034521,,4.858982897131958,11.380948739787799,6.209891578720504,
MET,-120,150,7,47,0.14893617021276595,-67.78637820670973,-176.60366103888137,-71.53167392565607,,8.704802500975513,11.679438182767333,5.828054813406326,
MET,-120,150,12,47,0.2553191489361702,-60.796701496696734,-47.73706160390165,-50.52915431213509,,7.144307661738907,32.479310481264534,36.04916538382276,
MET,-90,-30,8,67,0.11940298507462686,-63.300892364067764,175.35227843676714,66.3880011217352,,4.966056903889958,7.67209744582698,7.765316497906564,
MET,-90,-30,8,67,0.11940298507462686,-62.66715299079999,-167.11447891777766,-66.34730158277868,,9.174093024119031,5.822729816678584,15.974693061464842,
MET,-90,-30,5,67,0.07462686567164178,-65.92501917620163,-62.188930171496644,94.25888188783651,,3.440329001155739,4.416939176788648,8.167012401532327,
MET,-90,-30,19,67,0.2835820895522388,-66.33810630418235,-53.129903878625775,-60.09443201337456,,6.8648353547487675,23.475240295812398,26.354188208658726,
MET,-90,0,13,62,0.20967741935483872,-62.33947123273813,175.5373834178553,68.49046148417776,,12.233766786427974,4.653886078905296,11.22564159056303,
MET,-90,0,11,62,0.1774193548387097,-67.2716757010139,-178.90152916900567,-71.04964588197646,,8.225500833460325,6.883611511195355,19.551380761634125,
MET,-90,0,21,62,0.3387096774193548,-65.58809412715182,-43.87992535067506,-50.93589285488678,,5.086117314904412,26.972874396953006,31.476800231816934,
MET,-90,120,6,41,0.14634146341463414,-179.92852863728962,60.590728525893866,78.80140484915334,,3.812563360133316,3.436820432106476,10.004819332581347,
MET,-90,120,5,41,0.12195121951219512,179.93874353427282,-1.5723203718297123,-1.5816461018700931,,6.0763861026477874,11.946847840241553,11.583525808999068,
MET,-90,120,5,41,0.12195121951219512,-74.66558049032842,178.12827731583835,62.74032350954467,,12.969865649863332,5.107663828665296,10.442550864643856,
MET,-90,120,5,41,0.12195121951219512,-60.86195935655708,-171.81498403084566,-88.51572270188325,,4.062384108154361,11.557562788460016,17.344008049353906,
MET,-90,120,11,41,0.2682926829268293,-61.15059054257957,-53.527561783460094,-66.2099071468578,,6.829341681719841,20.639691195927558,24.97297378553382,
MET,-90,150,7,45,0.15555555555555556,-63.78240234891543,-166.6490785926042,60.17855190279193,,7.4228105945759655,14.237271493824016,11.597912220814091,
MET,-90,150,11,45,0.24444444444444444,-61.84253302408228,-56.34338538852619,-60.9515252554382,,4.454869514541451,18.36556301612019,20.865004543060078,
MET,-60,-60,6,123,0.04878048780487805,-169.92826835022072,57.452412524712834,77.2635559302319,,7.794040555552537,5.370311558932067,12.132013179883245,
MET,-60,-60,17,123,0.13821138211382114,-177.44482531055417,-177.91090737605543,73.31050688081338,,7.088495429427448,8.44601462759498,10.29235644243846,
MET,-60,-60,10,123,0.08130081300813008,-172.50138993807036,175.0646743675454,-69.10304574739904,,9.569580904947852,7.302544030253355,9.578945483023944,
MET,-60,-60,10,123,0.08130081300813008,177.28333275774142,-42.007985548780745,-34.130307455437105,,6.331641700870014,42.4353620512853,35.96119958120591,
MET,-60,-60,14,123,0.11382113821138211,-66.7241874811097,175.21431800682407,69.2702052286912,,5.256459151496508,9.139127637683082,5.064970106507154,
MET,-60,-60,18,123,0.14634146341463414,-75.89807192720457,-179.05191927609286,175.66721299489745,,5.839120241832181,4.79909108965764,10.237689393599757,
MET,-60,-60,11,123,0.08943089430894309,-74.93836472412006,-168.7599728175926,-81.77081785809291,,8.632004786564323,9.179360459116001,15.359862046688265,
MET,-60,-60,8,123,0.06504065040650407,-69.96317725691527,-60.7892129127915,97.01663086274426,,3.577536075496613,5.653487325799129,4.968288142191267,
MET,-60,-60,18,123,0.14634146341463414,-69.84637479582989,-24.98215497973053,-30.027255113129677,,8.14747108402331,26.46431723212202,31.655655267275403,
MET,-60,-30,8,347,0.023054755043227664,67.92925007674678,177.2648432315431,76.34597989806947,,8.84496133983271,2.7510215636524116,11.75394549208233,
MET,-60,-30,23,347,0.06628242074927954,-173.59977135239092,59.90143243878153,70.21569312377386,,7.256095466153153,4.692194541647906,10.11480577226439,
MET,-60,-30,19,347,0.05475504322766571,-177.57555386943173,-177.6503861502722,62.95279609180922,,6.922705791651225,14.27831410214462,11.061313690127706,
MET,-60,-30,9,347,0.025936599423631124,-176.09195813976908,176.97898088926888,-179.77831203699125,,5.708223133545234,10.086735058788687,7.520748620472847,
MET,-60,-30,15,347,0.043227665706051875,-175.93122917396823,-179.56097079996815,-62.09980463257064,,10.614464520722318,11.84871696458391,10.121299334260714,
MET,-60,-30,19,347,0.05475504322766571,-174.42891514990976,-1.8572599364986877,-2.093550275262487,,10.895151243544147,14.80735931884056,10.295610375791604,
MET,-60,-30,55,347,0.1585014409221902,-69.19677557566675,176.16915154040302,69.50356599981978,,5.706351809335609,8.138360556416593,8.791571133583739,
MET,-60,-30,27,347,0.07780979827089338,-69.04481660996531,179.355501437211,-178.38425754373813,,5.698043765171753,6.413386611150713,16.134475065339352,
MET,-60,-30,26,347,0.07492795389048991,-68.41012983393045,-171.97908541115027,-71.74953222707053,,5.3610562657154945,4.445378368654914,15.620632015845597,
MET,-60,-30,26,347,0.07492795389048991,-66.41994752635851,-61.024052822930265,97.03628688180095,,5.76990690251652,8.226690838132635,8.650048740543202,
MET,-60,-30,6,347,0.01729106628242075,-64.38918190746075,-54.167998796716304,155.42097761026352,,13.084942283942333,6.885163775600613,19.422822877458387,
MET,-60,-30,102,347,0.29394812680115273,-70.15342510644908,-44.43972771697803,-49.67469565645408,,8.644568015719289,26.11656257651618,29.552061753655423,
MET,-60,0,14,20,0.7,-67.91823267035268,-46.94117129121438,-47.79489940197381,,7.063301974763732,27.728081424814363,28.54964789314152,
MET,-60,150,7,41,0.17073170731707318,-67.20768496275802,-166.49413026697465,-69.25735404965255,,9.018838897338034,2.506010709014656,4.000127792473923,
MET,-60,150,10,41,0.24390243902439024,-60.05398676178822,-58.21997019823656,-68.48664997369647,,12.407362140850118,13.20814592766921,21.641805008371293,
MET,0,0,239,239,1.0,0.0,0.0,0.0,,0.0,0.0,0.0,
ASP,-150,-180,17,34,0.5,55.63017668460702,34.05094927896605,,,5.392259189835006,12.826668843699004,,
ASP,-150,-180,6,34,0.17647058823529413,77.83750501126235,-66.8959874128422,,,4.750550215576519,15.161187694718311,,
ASP,-150,-180,5,34,0.14705882352941177,-158.07312273531238,-13.901797632924989,,,1.6963971196083196,3.069118444161219,,
ASP,-150,-150,8,12,0.6666666666666666,64.30053927359126,28.960352127736304,,,7.192195618061762,18.172210267258965,,
ASP,-150,60,6,12,0.5,-164.93237666029583,20.737398780806224,,,3.8258683833489218,12.69010006500398,,
ASP,-150,60,5,12,0.4166666666666667,-164.40718157459673,-7.933924254836645,,,3.232665480210945,7.061470012899259,,
ASP,-150,90,15,30,0.5,-177.5084763067326,25.211938560133262,,,6.082349318815491,11.924033308876062,,
ASP,-150,90,12,30,0.4,-167.78997778973823,-14.6817677155701,,,3.4510020500927987,11.867036754065573,,
ASP,-150,120,6,36,0.16666666666666666,-173.16083785249313,30.06961958251527,,,2.9955155612360196,16.829008665330896,,
ASP,-150,120,30,36,0.8333333333333334,-173.8110426969335,-37.384991563373134,,,5.283633844096598,17.75004220796461,,
ASP,-150,150,5,33,0.15151515151515152,58.50974409939388,66.77371699501435,,,7.632018605941053,6.140214963365108,,
ASP,-150,150,9,33,0.2727272727272727,-178.51906636112682,32.843011624817116,,,8.572160425512973,27.614454400758003,,
ASP,-150,150,10,33,0.30303030303030304,-162.94415946942362,-61.5583297301796,,,7.5838660270784555,21.862239216766312,,
ASP,-150,150,6,33,0.18181818181818182,-61.812600504539226,-53.14077646502515,,,14.779291457268565,22.309430014338492,,
ASP,-120,-180,12,23,0.5217391304347826,62.43614904024007,16.061711716041014,,,3.6881352595561623,9.58608607183579,,
ASP,-120,-180,5,23,0.21739130434782608,62.70169695286419,-10.930834128242338,,,6.2819233231802025,17.549346586445612,,
ASP,-120,-30,10,16,0.625,-66.51854571766715,-40.3801695124925,,,9.356159103334264,20.30904884207521,,
ASP,-120,0,9,53,0.16981132075471697,54.45424072844063,9.065566129194687,,,5.169285552944817,6.03223509889202,,
ASP,-120,0,9,53,0.16981132075471697,65.44729341900151,-22.335737623049308,,,4.6417375376660335,9.687618590115607,,
ASP,-120,0,5,53,0.09433962264150944,-163.1541137340618,24.00796214186822,,,5.060278738349658,6.998563123216612,,
ASP,-120,0,27,53,0.5094339622641509,-65.70678034276267,-42.50992595453908,,,11.909642876201332,12.710479524032493,,
ASP,-120,30,7,39,0.1794871794871795,49.6002492639253,23.091016248620157,,,5.7266184709291705,7.737515032640071,,
ASP,-120,30,16,39,0.41025641025641024,62.06999084633266,-23.421542763306828,,,4.647154351122587,10.95944787134688,,
ASP,-120,30,5,39,0.1282051282051282,-155.5820795858731,35.01859158605021,,,8.694345744944465,28.396442499899656,,
ASP,-120,30,11,39,0.28205128205128205,-72.15598391924478,-20.086497761529817,,,20.5483407915108,17.00050597856856,,
ASP,-120,90,21,55,0.38181818181818183,177.99791507740994,22.374329970311127,,,7.194795576111431,11.311917149092737,,
ASP,-120,90,27,55,0.4909090909090909,-173.95485859584306,-16.820338023525647,,,4.900540392632222,11.390974937895173,,
ASP,-120,90,5,55,0.09090909090909091,-56.40446986823103,-49.667556814040246,,,13.409090571087997,24.81464472439386,,
ASP,-120,120,27,96,0.28125,-172.0256485091084,32.14204761614647,,,7.5034248331612075,27.195633076929376,,
ASP,-120,120,46,96,0.4791666666666667,-172.50180515678932,-23.5508460995251,,,4.950271621504791,15.024051592359728,,
ASP,-120,120,17,96,0.17708333333333334,-64.2003827232026,-47.05011370195229,,,8.967496130329115,21.389898831038636,,
ASP,-120,150,13,49,0.2653061224489796,-173.37475511593416,55.0214973120665,,,9.796151576734804,19.2777828192457,,
ASP,-120,150,6,49,0.12244897959183673,-152.58239443726146,-32.53890526889031,,,14.029374544554413,29.30479993221208,,
ASP,-120,150,11,49,0.22448979591836735,-68.56831973785569,25.436095304887715,,,14.104754416968172,16.212814819020128,,
ASP,-120,150,13,49,0.2653061224489796,-64.22989524863169,-31.061050898823368,,,12.38868351936269,20.1404509469705,,
ASP,-90,-180,26,53,0.49056603773584906,64.2681808539411,19.626803116866174,,,4.93127236735097,5.728410127684653,,
ASP,-90,-180,12,53,0.22641509433962265,67.43809926775708,-18.70925295785352,,,9.06711931085864,11.077034783812193,,
ASP,-90,-180,5,53,0.09433962264150944,-86.58870931318846,19.177071940637695,,,15.23464115454052,8.082322046096225,,
ASP,-90,-180,6,53,0.11320754716981132,-71.84154165662825,-46.431679018843134,,,15.10808566978635,20.703702479810346,,
ASP,-90,-60,5,20,0.25,-73.11815717696439,47.49772577842054,,,11.684160611662106,24.78906748951042,,
ASP,-90,-60,11,20,0.55,-69.32941374524755,-38.70993268502805,,,7.391729706296488,14.069859374144475,,
ASP,-90,-30,12,157,0.07643312101910828,56.5116565352105,-32.25565794002037,,,6.803966696175302,17.084668694968535,,
ASP,-90,-30,9,157,0.05732484076433121,-165.6668444505311,57.52442233179311,,,4.985483115780719,11.860880984888007,,
ASP,-90,-30,5,157,0.03184713375796178,-133.1915861279499,-70.86092899010892,,,12.853916937613654,11.377187745575512,,
ASP,-90,-30,12,157,0.07643312101910828,-77.48187393870076,36.19841433105419,,,9.843054805921145,22.80633900435616,,
ASP,-90,-30,115,157,0.732484076433121,-66.06053527410955,-37.02798009884135,,,8.117303466724747,16.49522560615646,,
ASP,-90,0,28,171,0.16374269005847952,60.8756057007387,16.607270845493947,,,5.978656700096437,12.176995382024531,,
ASP,-90,0,38,171,0.2222222222222222,61.72348875418889,-33.545560164240044,,,5.8051988647981325,17.051090381950555,,
ASP,-90,0,10,171,0.05847953216374269,-76.23342328261693,44.173504461011476,,,17.168500197848786,17.962831380627325,,
ASP,-90,0,90,171,0.5263157894736842,-65.22981442891722,-29.1568215074186,,,8.052796179058952,12.572771571108643,,
ASP,-90,30,10,48,0.20833333333333334,59.666160754653184,14.05607314181115,,,4.601102021734806,12.816045055567365,,
ASP,-90,30,17,48,0.3541666666666667,63.598005996179026,-13.80103903260521,,,3.795531848467852,7.942080510469345,,
ASP,-90,30,17,48,0.3541666666666667,-61.956073659348064,-46.059380996828615,,,10.484750499700477,16.636846240029907,,
ASP,-90,60,7,32,0.21875,-174.36735858372336,17.92523926036642,,,5.658109818312581,6.816305307383317,,
ASP,-90,60,8,32,0.25,-164.14290827385938,-12.731676812965029,,,5.463444100347303,6.290855845920704,,
ASP,-90,60,13,32,0.40625,-66.3829646186739,-30.227807501421864,,,16.28019793839217,12.368718635026754,,
ASP,-90,90,37,99,0.37373737373737376,-178.28465465312533,18.83112647035364,,,5.152701030557776,12.096146289818636,,
ASP,-90,90,47,99,0.47474747474747475,-174.06485942092175,-16.178062702846876,,,5.666740100590936,9.598073496744785,,
ASP,-90,90,12,99,0.12121212121212122,-48.17533148314262,-5.527269043457821,,,34.68731445214001,14.340443189854119,,
ASP,-90,120,38,161,0.2360248447204969,178.33924846810024,22.927306700599118,,,5.638964169927898,20.35367732233882,,
ASP,-90,120,83,161,0.515527950310559,-173.23186570295132,-21.942153986970755,,,5.97537236328298,15.20450598965714,,
ASP,-90,120,32,161,0.19875776397515527,-66.91664370857542,-28.732074164086107,,,5.750666597295381,15.682705785869844,,
ASP,-90,150,5,95,0.05263157894736842,60.28251047337931,-67.70839893067583,,,5.251452793947416,16.272583877435085,,
ASP,-90,150,22,95,0.23157894736842105,-173.19147211647305,61.793359472307316,,,4.974129693982123,23.6117597555979,,
ASP,-90,150,9,95,0.09473684210526316,-156.26414257484126,-48.606568484947665,,,11.227804241566764,28.363243562166744,,
ASP,-90,150,5,95,0.05263157894736842,-82.08180570533717,8.067769680315923,,,6.020644133433778,3.8564320776126215,,
ASP,-90,150,52,95,0.5473684210526316,-64.31315813789202,-35.01929091238173,,,9.632020714804064,13.282686450924373,,
ASP,-60,-180,6,12,0.5,76.29923350182484,10.53799014810409,,,7.762424449974615,8.59334228483323,,
ASP,-60,-60,37,252,0.14682539682539683,-173.94144583587533,47.85643071681774,,,8.74597015372388,18.03752980430752,,
ASP,-60,-60,20,252,0.07936507936507936,-161.86960086076473,-57.619588437217104,,,15.41322108249221,24.65880422257097,,
ASP,-60,-60,38,252,0.15079365079365079,-71.40275286809869,25.82242017379438,,,13.153974917181266,20.4960013707422,,
ASP,-60,-60,154,252,0.6111111111111112,-69.72509887825488,-21.29138287041369,,,7.351907489738644,12.089683967285472,,
ASP,-60,-30,14,786,0.017811704834605598,50.24240915494219,47.10633822732935,,,6.319276308639737,16.602401171519478,,
ASP,-60,-30,37,786,0.047073791348600506,58.284974763407206,-44.35639280191325,,,6.685975445684744,17.650131921912514,,
ASP,-60,-30,109,786,0.138676844783715,-171.6732485387695,59.25872628675069,,,8.663664840069547,15.812210451177547,,
ASP,-60,-30,26,786,0.03307888040712468,-162.98793896243325,-53.96540568580196,,,10.963748976660648,25.4654115085874,,
ASP,-60,-30,106,786,0.13486005089058525,-75.93943883347322,18.63543319311027,,,7.474361622754001,15.227369755913113,,
ASP,-60,-30,494,786,0.628498727735369,-69.4695208379576,-21.652296079871267,,,7.017097047027452,11.802125574482112,,
ASP,-60,0,16,69,0.2318840579710145,52.761147608377925,27.47600020884801,,,9.867482691098305,15.80439500297564,,
ASP,-60,0,13,69,0.18840579710144928,62.098119629033995,-29.88100689448612,,,6.733316150257878,18.868859164421956,,
ASP,-60,0,6,69,0.08695652173913043,-79.71455301175868,25.16055757675908,,,8.228299794062309,8.08244052674974,,
ASP,-60,0,32,69,0.463768115942029,-66.34925522045918,-22.55370371449009,,,7.652869605926702,13.305562310854176,,
ASP,-60,90,10,23,0.43478260869565216,-173.66465349710396,15.453241475808207,,,6.444468772292145,8.967987259680816,,
ASP,-60,90,10,23,0.43478260869565216,-162.92228736522284,-23.618177577013327,,,6.653569918109741,7.213216409827212,,
ASP,-60,120,46,132,0.3484848484848485,-179.65088164670064,35.976106425826714,,,6.985897711081903,22.07576976977702,,
ASP,-60,120,59,132,0.44696969696969696,-169.88014341786382,-40.2203995418957,,,5.685650693631256,20.91983254182092,,
ASP,-60,120,7,132,0.05303030303030303,-67.74776721370662,37.6331962945921,,,11.041169346883782,19.45752572101286,,
ASP,-60,120,18,132,0.13636363636363635,-67.0890884238804,-34.21577330350221,,,5.016832703184613,13.127014266753138,,
ASP,-60,150,5,127,0.03937007874015748,64.7502670379411,60.437362910852386,,,10.591340134483028,15.90668159727437,,
ASP,-60,150,5,127,0.03937007874015748,62.0961754418884,-64.50073381539164,,,5.183391612218052,12.117210956924412,,
ASP,-60,150,12,127,0.09448818897637795,-175.4098181279589,64.54880316019597,,,4.026215895637518,15.239345890281928,,
ASP,-60,150,12,127,0.09448818897637795,-168.34206491166367,-71.33749234661391,,,8.585682329817844,19.125187560449756,,
ASP,-60,150,24,127,0.1889763779527559,-73.35647127378867,15.20574885783559,,,7.646383336384154,14.818329654732095,,
ASP,-60,150,69,127,0.5433070866141733,-70.91918480144116,-22.55953092430409,,,8.837854758203957,12.150107357969551,,
ASP,-30,-60,7,12,0.5833333333333334,-62.95299742933959,50.15528188095458,,,5.653681968918873,29.45474334948488,,
ASP,0,0,711,711,1.0,0.0,0.0,,,0.0,0.0,,
ASP,60,30,18,50,0.36,-161.57917429153784,30.95453600813939,,,5.489737091858957,10.741290866544748,,
ASP,60,30,31,50,0.62,-64.49068525707345,-38.414296778043266,,,8.545541568126824,16.971954260680793,,
ASP,60,60,11,31,0.3548387096774194,-162.28335588435172,24.70490796672161,,,7.673812934552179,6.833304166178335,,
ASP,60,60,6,31,0.1935483870967742,-87.95365716300759,32.50368413883804,,,18.368719762526563,18.666793817874293,,
ASP,60,60,11,31,0.3548387096774194,-54.45016812930813,-37.72860189267496,,,11.575351630195419,20.76852380108208,,
ASN,-150,-180,12,20,0.6,61.20118778967854,53.06712300368615,,,5.365495932488636,19.11215218370879,,
ASN,-150,0,6,11,0.5454545454545454,54.0799661070503,41.395250631019614,,,4.54315607101795,17.817337625086143,,
ASN,-150,30,5,14,0.35714285714285715,-69.64257290270508,-78.1065132280788,,,3.0948389229320346,9.67634533758253,,
ASN,-150,90,5,18,0.2777777777777778,176.76540400575453,11.682124027059025,,,3.050661630521297,10.967641705890268,,
ASN,-150,90,9,18,0.5,-170.0018263032294,-29.44343047402966,,,4.623307118718643,13.885138416135028,,
ASN,-150,120,6,18,0.3333333333333333,-175.77603136110056,40.9914513962187,,,9.955835444362828,31.08306445015943,,
ASN,-150,120,6,18,0.3333333333333333,179.77742817298298,-27.610965370574714,,,6.822464539506979,20.598308696534772,,
ASN,-150,150,13,34,0.38235294117647056,70.71268672651483,76.42363456761417,,,2.7950678211932414,7.096062207986722,,
ASN,-150,150,5,34,0.14705882352941177,-173.64687574482903,54.68767575818244,,,7.1817037538511945,25.674388320213687,,
ASN,-150,150,6,34,0.17647058823529413,-66.43183239981276,-66.2469032787853,,,14.225626198241933,22.67132484093973,,
ASN,-120,-180,5,14,0.35714285714285715,56.832261414482375,31.19314384258033,,,3.776515824410472,19.629689584968684,,
ASN,-120,-180,5,14,0.35714285714285715,-59.03345005289302,-60.476470155146394,,,8.376996452339304,4.261010322106806,,
ASN,-120,-150,6,8,0.75,-82.91411686084427,-76.79645045051876,,,3.590259996309502,5.1246227205254735,,
ASN,-120,-30,7,9,0.7777777777777778,-61.840371459545544,-71.50736373196546,,,9.743485096079024,16.977191444034112,,
ASN,-120,0,5,72,0.06944444444444445,52.660565923527926,19.92971260307424,,,6.912185367295708,15.056316235153387,,
ASN,-120,0,10,72,0.1388888888888889,66.83533414302497,-26.427404249022654,,,6.759577303830138,12.298874670781819,,
ASN,-120,0,8,72,0.1111111111111111,-64.7732448267716,60.244050462145154,,,10.664429793134786,35.66435253353875,,
ASN,-120,0,41,72,0.5694444444444444,-64.67072041395159,-56.64834226811963,,,8.398087201345806,13.816500933481727,,
ASN,-120,30,9,46,0.1956521739130435,65.30598430279412,-25.433222418963734,,,3.6957454234474296,8.864761554198246,,
ASN,-120,30,5,46,0.10869565217391304,-67.86424285861183,85.99970460765537,,,9.692695936084181,17.853458139789605,,
ASN,-120,30,25,46,0.5434782608695652,-64.83904108383892,-61.10610370663915,,,7.1356637936632,16.314404854099568,,
ASN,-120,60,9,17,0.5294117647058824,-60.02253074016979,-58.40649399974949,,,7.721327563521898,20.35904059294388,,
ASN,-120,90,5,31,0.16129032258064516,-171.613630222467,37.45150631858356,,,8.562252717280234,14.677714967726775,,
ASN,-120,90,14,31,0.45161290322580644,-170.16094528127752,-17.552110038603427,,,6.83544056973358,8.113199136084846,,
ASN,-120,90,8,31,0.25806451612903225,-64.55843885875841,-40.91518328098272,,,23.45655327465003,24.011526533105194,,
ASN,-120,120,9,62,0.14516129032258066,172.30828438767506,41.969145751160184,,,6.186363144476328,15.38464747995716,,
ASN,-120,120,5,62,0.08064516129032258,178.90595895847625,-163.3788207969777,,,11.249620521765255,27.17987665281244,,
ASN,-120,120,20,62,0.3225806451612903,-170.14188449149773,-27.001106129037666,,,5.490790579162608,14.503023904560223,,
ASN,-120,120,8,62,0.12903225806451613,-68.28235684980581,78.51752903275802,,,5.962231317950516,25.75896502998303,,
ASN,-120,120,15,62,0.24193548387096775,-62.58965002192188,-49.66846089237073,,,9.007993204650646,18.204378242642566,,
ASN,-120,150,5,42,0.11904761904761904,-61.846883202682996,69.17901931265796,,,9.698200600518383,23.220742852612243,,
ASN,-120,150,6,42,0.14285714285714285,-72.46516474890214,138.79499304891692,,,3.968050419220587,12.06606277965878,,
ASN,-120,150,20,42,0.47619047619047616,-64.7878978982194,-43.27907464452226,,,8.936115758770782,15.405177504120537,,
ASN,-90,-180,23,44,0.5227272727272727,63.63527506326849,34.63230836365823,,,5.08353725043704,14.071520107679493,,
ASN,-90,-180,8,44,0.18181818181818182,70.44999534050389,-24.48921154203071,,,5.6002935473157915,16.577607082912746,,
ASN,-90,-60,9,14,0.6428571428571429,-73.06073963177816,-27.95465566677044,,,7.87960879783191,10.059041582867444,,
ASN,-90,-30,6,84,0.07142857142857142,-177.78530082218032,42.23891161690544,,,13.848971572947338,18.785537825819993,,
ASN,-90,-30,9,84,0.10714285714285714,-66.05878693363795,72.5447236795156,,,10.538355519784192,33.45613227331606,,
ASN,-90,-30,9,84,0.10714285714285714,-67.57596190203633,139.3069669181785,,,4.2984062492497825,14.231615639415097,,
ASN,-90,-30,55,84,0.6547619047619048,-70.26078888794969,-42.237111152798,,,8.872162342421701,20.026971315530776,,
ASN,-90,0,15,189,0.07936507936507936,58.521523652439896,22.835553975990226,,,8.764307633018223,16.958288953453668,,
ASN,-90,0,27,189,0.14285714285714285,69.31355778038751,-29.74567019697879,,,5.6750692145823525,12.188131619073372,,
ASN,-90,0,5,189,0.026455026455026454,-162.06273116257844,39.78096136831571,,,11.476291302710019,15.682221140086938,,
ASN,-90,0,24,189,0.12698412698412698,-73.47317768329162,51.997149143374976,,,11.12368808941581,33.75359066029706,,
ASN,-90,0,16,189,0.08465608465608465,-62.719993923743424,142.80140642412022,,,3.807065497924853,10.846410222794585,,
ASN,-90,0,99,189,0.5238095238095238,-68.13784877387496,-48.22093256224142,,,7.671916306268348,19.16175925534718,,
ASN,-90,30,7,42,0.16666666666666666,70.14749198897006,-35.224038880942615,,,6.647614446278102,9.320700957937085,,
ASN,-90,30,21,42,0.5,-62.193557274209745,-40.08760377281509,,,9.654526272172685,20.59107086600183,,
ASN,-90,60,8,25,0.32,-167.76941346992433,29.09145406844942,,,6.5449522325879,10.566510014388664,,
ASN,-90,60,7,25,0.28,-49.83614549479168,-66.03289846064578,,,15.538144726948481,26.88265053980688,,
ASN,-90,90,14,43,0.32558139534883723,-175.97961703507667,17.401415649375444,,,9.979933339641335,14.787386937639466,,
ASN,-90,90,12,43,0.27906976744186046,-172.35500834488712,-16.323351554774543,,,2.8450598469107073,10.983557911193454,,
ASN,-90,90,9,43,0.20930232558139536,-55.89450945804111,-28.94469980055948,,,26.966453568632588,14.327673715057449,,
ASN,-90,120,22,100,0.22,178.1435891176392,24.18710325463863,,,5.028800919459744,17.27194864417014,,
ASN,-90,120,5,100,0.05,178.62747842976586,-168.01296673261967,,,7.152179550207211,22.091628119058146,,
ASN,-90,120,43,100,0.43,-173.50775062625854,-34.3695426190667,,,5.451594436955908,18.11619531985496,,
ASN,-90,120,5,100,0.05,-70.53218709282334,57.539841922996885,,,14.619443051488462,39.851246170428944,,
ASN,-90,120,6,100,0.06,-77.91719473262057,165.62049156162115,,,5.217897564197235,39.067033329139356,,
ASN,-90,120,17,100,0.17,-61.73949489096326,-48.96976361545616,,,7.060743924799264,9.237538274319586,,
ASN,-90,150,6,60,0.1,-167.3592596959438,49.76544402495,,,14.204712298181516,12.947808695586305,,
ASN,-90,150,5,60,0.08333333333333333,-171.68009495164202,-73.09972309624962,,,19.326898022617485,16.495284409132577,,
ASN,-90,150,6,60,0.1,-63.00542717719839,76.22305197693213,,,9.050013249878775,27.989524830414105,,
ASN,-90,150,32,60,0.5333333333333333,-65.11741561030458,-41.34943909801252,,,10.099733103871456,18.093009329501335,,
ASN,-60,-60,22,140,0.15714285714285714,-171.70581298639252,41.97119317479214,,,8.002987214641577,12.952264761355574,,
ASN,-60,-60,6,140,0.04285714285714286,-174.13246695779526,-166.3538138572636,,,4.103324663937759,41.08622279224367,,
ASN,-60,-60,19,140,0.1357142857142857,-172.876081246943,-74.64130474664104,,,10.006093027820759,16.87550725213114,,
ASN,-60,-60,20,140,0.14285714285714285,-78.87356365147207,26.505001707115444,,,8.756487031721404,22.450901719839877,,
ASN,-60,-60,13,140,0.09285714285714286,-71.93175668964594,154.66514135671386,,,4.0595988156636515,11.506890350021838,,
ASN,-60,-60,60,140,0.42857142857142855,-71.19254922784835,-22.098437662423347,,,9.925831046297493,12.060327263086505,,
ASN,-60,-30,8,487,0.01642710472279261,63.07042398453224,44.76327289106089,,,8.153232523281124,22.106280618231892,,
ASN,-60,-30,16,487,0.03285420944558522,62.75016023793947,-43.319825521598595,,,7.873613887106646,12.871909019278872,,
ASN,-60,-30,51,487,0.10472279260780287,-166.08637051289028,60.9104243089917,,,11.796689823172988,16.84437453545807,,
ASN,-60,-30,5,487,0.01026694045174538,-169.05424046920945,-137.7400357082193,,,6.716001912976685,9.611530561658784,,
ASN,-60,-30,31,487,0.06365503080082136,-174.25146943170984,-90.19634276964904,,,9.79795778677557,15.61411885249772,,
ASN,-60,-30,53,487,0.10882956878850103,-73.32291574595942,35.50908042757867,,,11.489927086326365,29.192661530850057,,
ASN,-60,-30,44,487,0.09034907597535935,-72.710780046344,157.22845724040312,,,7.298634243233463,17.56032447668007,,
ASN,-60,-30,279,487,0.5728952772073922,-71.86267576435846,-25.54411414294538,,,7.331127922075391,12.58517363143732,,
ASN,-60,0,9,37,0.24324324324324326,61.81639066817833,22.651557144270537,,,5.807049322719315,12.202706743830577,,
ASN,-60,0,5,37,0.13513513513513514,64.86346132670494,-36.279742340059194,,,1.714962345905254,29.212218773536396,,
ASN,-60,0,14,37,0.3783783783783784,-70.60548525596262,-28.555913715601058,,,12.396785003295976,16.903575501681612,,
ASN,-60,120,14,66,0.21212121212121213,-175.33923656733592,20.813954963569504,,,8.238788072268619,14.007412648526996,,
ASN,-60,120,30,66,0.45454545454545453,-172.5820433548492,-53.1796260905966,,,5.322895454400038,15.815903580225811,,
ASN,-60,120,6,66,0.09090909090909091,-53.25708322531275,71.74627599183908,,,5.495166532784782,15.066983351371466,,
ASN,-60,120,11,66,0.16666666666666666,-60.1521111798563,-19.258640157723367,,,22.113956403518937,13.744313446557905,,
ASN,-60,150,9,64,0.140625,-174.6383355240843,-64.65963558982766,,,8.038746281370862,14.01631557198212,,
ASN,-60,150,8,64,0.125,-64.19501585700267,38.04540284028169,,,18.390049423084527,19.992751002440762,,
ASN,-60,150,5,64,0.078125,-78.71452250611534,-175.50234061508658,,,5.055735688437128,13.79083291842292,,
ASN,-60,150,32,64,0.5,-65.50370490712744,-36.254415649034776,,,7.494456257259034,19.26610309779631,,
ASN,0,0,478,479,0.9979123173277662,0.0,0.0,,,0.0,0.0,,
ASN,60,0,9,15,0.6,-65.97787369522915,-15.154315969349042,,,15.164485086839687,12.876256600286203,,
ASN,60,30,21,106,0.19811320754716982,-158.1496432621174,40.24633796007173,,,6.136619691275261,11.508557413414213,,
ASN,60,30,7,106,0.0660377358490566,-144.38153477517906,-51.952794230380654,,,6.1216488849704165,31.387730102451997,,
ASN,60,30,15,106,0.14150943396226415,-72.81662967504398,88.30929543126243,,,15.361746755433094,31.464564973198485,,
ASN,60,30,11,106,0.10377358490566038,-59.6665845466905,144.5453297250615,,,9.1233180818226,11.82711163136582,,
ASN,60,30,49,106,0.46226415094339623,-61.875312764462166,-40.690924238800754,,,10.69635242095651,19.42750809716566,,
ASN,60,60,19,55,0.34545454545454546,-165.737138973197,32.46371954208957,,,5.873205872901278,11.2525689079792,,
ASN,60,60,5,55,0.09090909090909091,-70.54402010127811,83.89849379877865,,,12.159508630556573,24.340109127081035,,
ASN,60,60,21,55,0.38181818181818183,-62.557722783218566,-44.54574379542727,,,9.952055015537754,18.994206989891925,,
HIS,-150,-180,7,14,0.5,58.32805078662045,85.71199932555014,,,5.718654974306935,11.218396106681777,,
HIS,-150,120,5,27,0.18518518518518517,-179.47301628693785,65.33217441194111,,,6.637482590522528,22.406538022992198,,
HIS,-150,120,9,27,0.3333333333333333,-171.22132942824857,-81.79127371170712,,,6.019493711840972,16.200559311269817,,
HIS,-150,120,7,27,0.25925925925925924,-59.91684422481873,-76.56032261513963,,,7.271472025893941,12.797463869744044,,
HIS,-150,150,7,41,0.17073170731707318,64.05189483958901,79.91311852810483,,,8.595622630432429,7.4501889780388035,,
HIS,-150,150,6,41,0.14634146341463414,63.063793833304636,-83.23147975414206,,,5.490731886680083,4.019508965451788,,
HIS,-150,150,9,41,0.21951219512195122,-167.84912778878316,-93.36515227172669,,,5.996632591798545,8.177078508812412,,
HIS,-150,150,6,41,0.14634146341463414,-62.28456557707883,77.82984812749349,,,4.253311772644733,7.110001184421599,,
HIS,-150,150,9,41,0.21951219512195122,-55.38915578394109,-75.95051785874017,,,9.553406559345772,10.57007291211102,,
HIS,-120,-180,5,13,0.38461538461538464,-62.312102896807936,-56.77182083285211,,,10.770712906503904,8.075856192648551,,
HIS,-120,-60,6,6,1.0,-63.67290558635148,-65.09197268630545,,,10.383607184629895,14.148921032336974,,
HIS,-120,-30,14,19,0.7368421052631579,-58.160932758340905,-73.12973574227041,,,2.7263427457897733,9.59841245702756,,
HIS,-120,0,11,51,0.21568627450980393,-61.50158041314751,81.69987632865617,,,7.130260376788507,12.942265072029048,,
HIS,-120,0,5,51,0.09803921568627451,-70.02829431240863,151.67704794842686,,,5.818600996328292,25.579794582732916,,
HIS,-120,0,33,51,0.6470588235294118,-58.67600857117463,-73.02269081830538,,,6.818579568336294,12.173936149614287,,
HIS,-120,30,6,30,0.2,-71.19467753561484,83.3759330867417,,,5.574499487669607,8.46870151072141,,
HIS,-120,30,5,30,0.16666666666666666,-64.09698874953878,155.01000697611425,,,7.446279694308452,20.061600091602,,
HIS,-120,30,17,30,0.5666666666666667,-60.00969907011627,-72.93966064828477,,,7.996100256217887,12.07930009502503,,
HIS,-120,60,6,11,0.5454545454545454,-60.12589898554388,82.87333202863056,,,6.965249623606978,9.648172715486387,,
HIS,-120,90,5,12,0.4166666666666667,-57.74152234387592,-66.70104995137157,,,1.6759173777011167,3.884969461661376,,
HIS,-120,120,7,62,0.11290322580645161,177.6288654879564,80.98381010068537,,,5.32204380325942,17.969593363432026,,
HIS,-120,120,5,62,0.08064516129032258,176.72350522798135,-159.1348201362987,,,3.0810156371423068,11.283721512622595,,
HIS,-120,120,9,62,0.14516129032258066,-170.9286172076899,-80.67939380424255,,,8.5645788355872,16.523453482806307,,
HIS,-120,120,8,62,0.12903225806451613,-64.54686455486654,84.55788920756434,,,4.546492404133578,7.629276310288342,,
HIS,-120,120,29,62,0.46774193548387094,-55.432419626580064,-84.47979010009162,,,7.378963108284257,12.448328544715446,,
HIS,-120,150,6,59,0.1016949152542373,-168.1542297144938,-80.53321536470686,,,7.642851415848889,8.381575392542059,,
HIS,-120,150,15,59,0.2542372881355932,-65.9101850456872,78.32361285044557,,,6.5053735824874295,13.044156525009043,,
HIS,-120,150,5,59,0.0847457627118644,-69.49596614119892,-160.94924848437978,,,9.354321104101674,15.836433203086424,,
HIS,-120,150,28,59,0.4745762711864407,-54.84589351285432,-84.42001731184648,,,7.824395822247533,12.685454229905574,,
HIS,-90,-180,5,11,0.45454545454545453,-64.24018970789247,17.675784408504217,,,2.156862247269758,16.82076111562742,,
HIS,-90,-30,8,43,0.18604651162790697,-166.33991576448005,69.69289479285366,,,10.489596269806876,8.899859864445629,,
HIS,-90,-30,11,43,0.2558139534883721,-71.00118922834895,82.35563526022293,,,4.118432160606052,10.342530347637998,,
HIS,-90,-30,8,43,0.18604651162790697,-68.52577638134451,156.22344662162206,,,4.283427832079493,21.963583265476753,,
HIS,-90,-30,11,43,0.2558139534883721,-67.53242981637969,-89.79351868058028,,,6.001811375025964,13.702825208714604,,
HIS,-90,0,12,75,0.16,61.24959047119152,-71.32236702716352,,,5.923137743648267,11.003560693989586,,
HIS,-90,0,12,75,0.16,-66.95696823840797,83.24720947671221,,,4.253281834311416,10.627087220283368,,
HIS,-90,0,16,75,0.21333333333333335,-63.94183729373541,172.74216390615598,,,5.177936750427516,30.36579679822882,,
HIS,-90,0,32,75,0.4266666666666667,-61.2186360261269,-70.28712304900058,,,6.320678709177257,11.958478006009482,,
HIS,-90,30,6,11,0.5454545454545454,-60.590211842486575,-68.3369917977684,,,8.703756492733154,29.854095569602926,,
HIS,-90,120,6,42,0.14285714285714285,176.15715440760377,60.01612115377731,,,6.821102940757156,19.45659347890607,,
HIS,-90,120,6,42,0.14285714285714285,-177.92121743368287,-161.97068378228474,,,3.623802162469268,14.214243620989809,,
HIS,-90,120,10,42,0.23809523809523808,-173.701864358094,-84.74363888825737,,,12.413252048955977,18.978221422670497,,
HIS,-90,120,15,42,0.35714285714285715,-59.15649847518233,-79.39239372950331,,,6.609067013387829,9.854292686699178,,
HIS,-90,150,10,51,0.19607843137254902,-166.81348483500537,-89.81022864512093,,,5.235453302244718,6.812760448850021,,
HIS,-90,150,10,51,0.19607843137254902,-60.52942138726448,81.1734474485485,,,9.714796213649445,10.876845872056956,,
HIS,-90,150,20,51,0.39215686274509803,-61.681350956746805,-73.30013785711661,,,8.758989704904128,9.398043248585024,,
HIS,-60,-60,34,101,0.33663366336633666,174.95435367110383,72.4980597500643,,,6.310727727688537,9.476757025289134,,
HIS,-60,-60,11,101,0.10891089108910891,-175.04890389189507,-150.05389930802198,,,6.1312658927677495,17.492704320815402,,
HIS,-60,-60,24,101,0.2376237623762376,-177.66183578968622,-91.33762010289114,,,6.299114663011156,10.650406460588675,,
HIS,-60,-60,7,101,0.06930693069306931,-85.0377852278018,88.27011946309125,,,6.822972128666323,7.912930321340742,,
HIS,-60,-60,10,101,0.09900990099009901,-74.82103102463836,165.9363341817816,,,7.5122711340665,16.91369149822342,,
HIS,-60,-60,14,101,0.13861386138613863,-71.69790214776245,-56.07502311637109,,,5.717256589276652,13.527474093804406,,
HIS,-60,-30,8,287,0.027874564459930314,67.06730841773464,96.24857483492032,,,7.087738893151445,7.916543611755459,,
HIS,-60,-30,27,287,0.09407665505226481,69.88621580914642,-82.73695165548502,,,9.099872401005824,9.756939449305495,,
HIS,-60,-30,60,287,0.20905923344947736,179.0049633658721,67.97308778710276,,,8.150882877813542,9.33166710069072,,
HIS,-60,-30,7,287,0.024390243902439025,-175.90964146266342,-158.7532407391556,,,3.098796032291601,18.632857162410136,,
HIS,-60,-30,38,287,0.13240418118466898,-174.19084302811174,-92.24237877948484,,,7.660862339242243,11.030856532685519,,
HIS,-60,-30,37,287,0.1289198606271777,-70.96243787310559,96.25765634417118,,,7.895283175464413,14.539834977741014,,
HIS,-60,-30,37,287,0.1289198606271777,-70.72836883750517,169.34703231276725,,,6.481333874733178,16.076308875708293,,
HIS,-60,-30,72,287,0.2508710801393728,-72.40493846549808,-61.89894986096396,,,7.637904724044188,13.592656602990447,,
HIS,-60,0,5,24,0.20833333333333334,-69.01989120844523,92.00344726084519,,,2.623820076147739,7.840679134745116,,
HIS,-60,0,5,24,0.20833333333333334,-75.49252348271813,138.47377187904507,,,15.763838596785241,13.991551251402178,,
HIS,-60,0,6,24,0.25,-71.7939617699947,-49.15779294833583,,,9.262066251839672,21.294569280460763,,
HIS,-60,120,11,19,0.5789473684210527,-171.8497585145707,-64.02567665777481,,,7.297187338394093,11.69969100402798,,
HIS,-60,150,8,58,0.13793103448275862,60.806840322455685,-69.86324733861672,,,4.847712086415176,8.097698472169297,,
HIS,-60,150,5,58,0.08620689655172414,-166.29743919628274,88.00077962579105,,,12.134137836296432,5.675943654984779,,
HIS,-60,150,22,58,0.3793103448275862,-170.99755346345933,-80.95229042128577,,,4.404559337164284,6.0948618411801165,,
HIS,-60,150,7,58,0.1206896551724138,-73.66348582921327,148.49298821177766,,,8.178125491718967,9.661031380184985,,
HIS,-60,150,12,58,0.20689655172413793,-72.54872235668573,-68.52118294916977,,,7.8139711842130914,16.2822467357769,,
HIS,0,0,253,254,0.9960629921259843,0.0,0.0,,,0.0,0.0,,
HIS,60,30,5,16,0.3125,-69.69133905044906,161.36924965943967,,,5.172029950866204,24.908322487272837,,
HIS,60,30,7,16,0.4375,-56.11714125051966,-72.91835427577332,,,8.486248594951642,7.939619944422901,,
HIS,60,60,6,14,0.42857142857142855,-61.13598404768754,105.10154484864012,,,4.815861713875425,5.406490938931675,,
HIS,60,60,5,14,0.35714285714285715,-61.4084693382589,-75.91554601480095,,,10.207224111034412,9.829763521639975,,
LEU,-150,120,31,46,0.6739130434782609,-179.22465646770462,64.82836383996825,,,6.862369954865055,5.92062153493434,,
LEU,-150,120,9,46,0.1956521739130435,-173.99551427837335,149.72609310529805,,,6.401909324163233,8.705077000901133,,
LEU,-150,150,10,64,0.15625,53.4937600872588,73.95921306606076,,,13.95287773813384,8.870982322484732,,
LEU,-150,150,10,64,0.15625,69.99701587234756,158.4620615842269,,,6.404849023032427,14.81340265559896,,
LEU,-150,150,11,64,0.171875,178.62653411944683,66.6989382221229,,,11.146645877819985,8.189866016445212,,
LEU,-150,150,5,64,0.078125,175.66284937070884,149.007024687476,,,6.338009662892752,3.4929273019130367,,
LEU,-150,150,24,64,0.375,-64.57262195805657,171.39687879041364,,,6.361508306269852,4.768873028903433,,
LEU,-120,-180,18,22,0.8181818181818182,-61.54078738945145,174.91859693994556,,,7.152400318849885,8.855414811659715,,
LEU,-120,-60,6,11,0.5454545454545454,-57.98168211327921,172.9762642999869,,,7.601212444832502,4.81872421818435,,
LEU,-120,-30,21,29,0.7241379310344828,-60.95752042098467,171.01747832952927,,,6.6813521635695,8.121312023562785,,
LEU,-120,0,68,72,0.9444444444444444,-61.63484504276514,172.69373978507718,,,7.007041924411225,6.116393012463324,,
LEU,-120,30,39,41,0.9512195121951219,-62.384029603558496,173.9152312054425,,,5.908615433786414,6.421329344551912,,
LEU,-120,60,11,12,0.9166666666666666,-63.54473329694765,172.45145019528803,,,4.98765870468619,6.74854742624746,,
LEU,-120,90,12,42,0.2857142857142857,179.77129120772875,62.54692506357709,,,6.53853398709411,6.109190806553382,,
LEU,-120,90,8,42,0.19047619047619047,-165.84715453282467,175.81773228726726,,,9.74386419609742,14.043689192323303,,
LEU,-120,90,21,42,0.5,-59.511254399288916,176.649095676395,,,6.305634558585736,5.675477318237889,,
LEU,-120,120,123,249,0.4939759036144578,179.8974549541712,62.87336854194581,,,6.8032990099492885,5.153789620158114,,
LEU,-120,120,18,249,0.07228915662650602,-164.81912962060002,161.9633819182205,,,8.672221749737744,19.06163862798682,,
LEU,-120,120,17,249,0.06827309236947791,-87.36977890278867,56.69702328013583,,,9.98771712970102,13.100309652065986,,
LEU,-120,120,84,249,0.3373493975903614,-61.33331200605937,175.14362933902427,,,7.165441699686416,7.4683576554879485,,
LEU,-120,120,6,249,0.024096385542168676,-32.06707204605881,-25.818349399712343,,,34.75576968222239,27.27893143763965,,
LEU,-120,150,16,251,0.06374501992031872,179.06097796586116,70.07883927957427,,,7.508006695697252,8.339034679385183,,
LEU,-120,150,22,251,0.08764940239043825,-89.37952622365749,61.638638964480435,,,12.619286236564303,18.70011587361212,,
LEU,-120,150,202,251,0.8047808764940239,-60.36948237770704,174.81585817580384,,,6.150371482320894,6.3731802552884265,,
LEU,-120,150,8,251,0.03187250996015936,-43.89811539460049,-33.06371338190524,,,25.460244746416944,20.166674703135392,,
LEU,-90,-180,22,25,0.88,-57.061315908116036,177.37397708548605,,,5.527984160110096,9.049135017775747,,
LEU,-90,-60,9,42,0.21428571428571427,-177.7628748144424,65.15602952997024,,,4.285752915825713,8.382257551260617,,
LEU,-90,-60,23,42,0.5476190476190477,-65.09042725340417,173.4783573638419,,,10.44836516942812,9.379602605322408,,
LEU,-90,-30,28,276,0.10144927536231885,-173.70581018641533,61.20268923037463,,,16.222945187559585,9.08778834727553,,
LEU,-90,-30,12,276,0.043478260869565216,-97.7887579409408,55.777739343330715,,,16.194569722406534,18.34152441250976,,
LEU,-90,-30,220,276,0.7971014492753623,-65.58612433433623,175.80173551908922,,,6.560736686629163,7.101367130528578,,
LEU,-90,-30,8,276,0.028985507246376812,-85.57363275612357,-62.66422622343287,,,13.65091612031918,18.611562557330036,,
LEU,-90,0,5,229,0.021834061135371178,-152.569526915806,55.59770497764325,,,15.100081237900392,6.7478456872111865,,
LEU,-90,0,25,229,0.1091703056768559,-91.39942554545225,46.45955343064005,,,9.752108597511082,17.765970850025916,,
LEU,-90,0,188,229,0.8209606986899564,-63.57027547047068,175.7068017538902,,,6.360855419597334,6.525853869295463,,
LEU,-90,0,6,229,0.026200873362445413,-35.49708418544584,-7.6495310355888195,,,36.39154819723044,14.236966018901574,,
LEU,-90,30,21,24,0.875,-62.85806271231064,174.91716070401574,,,3.8587702135347244,5.122380163870824,,
LEU,-90,60,15,19,0.7894736842105263,-59.798571842047686,176.48472536783098,,,6.564059758198724,4.002235289519599,,
LEU,-90,90,16,51,0.3137254901960784,-175.9801045924903,62.65905315037809,,,6.7046486300272425,8.867685956691842,,
LEU,-90,90,5,51,0.09803921568627451,-86.04941387249056,32.691556004844436,,,1.3746752558653257,8.580748406974642,,
LEU,-90,90,25,51,0.49019607843137253,-59.42822548141807,176.1947457137737,,,5.811055170589484,7.312164682888393,,
LEU,-90,120,106,267,0.3970037453183521,-179.53443600867337,62.68236251191434,,,7.429674389299912,5.012690526236423,,
LEU,-90,120,9,267,0.033707865168539325,-153.49913141188344,175.39978768945025,,,13.649584598081825,23.921478029757903,,
LEU,-90,120,19,267,0.07116104868913857,-82.04032399684559,65.61271751939587,,,9.830862009592048,18.96482366519513,,
LEU,-90,120,122,267,0.45692883895131087,-62.300271251984455,178.97622290908058,,,8.326227257633098,7.17523659297455,,
LEU,-90,120,9,267,0.033707865168539325,-23.53141648734971,-23.14844085480593,,,32.486640268095606,32.110115386813895,,
LEU,-90,150,15,312,0.04807692307692308,-170.77219133229679,62.79862186141608,,,13.47032176796931,6.5135908189130545,,
LEU,-90,150,39,312,0.125,-87.20403486645446,59.31336595657179,,,11.859769975342717,13.500353214420791,,
LEU,-90,150,245,312,0.7852564102564102,-60.12866858174658,177.1548287427885,,,5.069873745373127,6.640510611317187,,
LEU,-90,150,8,312,0.02564102564102564,-69.8121989921746,-39.45621379617006,,,26.001330660166346,20.028675988164935,,
LEU,-60,-60,261,632,0.4129746835443038,179.47733772920645,59.851025119748186,,,6.749506354267672,5.91717749979071,,
LEU,-60,-60,56,632,0.08860759493670886,-153.43792169158283,-175.4608663087596,,,13.156305558305293,25.410855421554565,,
LEU,-60,-60,9,632,0.014240506329113924,-147.0124779522293,-83.02426204823288,,,20.376426891209324,14.409780158113476,,
LEU,-60,-60,26,632,0.04113924050632911,-97.59507151590451,40.302946737318024,,,9.425286064304487,18.11765651342049,,
LEU,-60,-60,264,632,0.4177215189873418,-72.04385954642653,175.25869577022374,,,7.842378080978331,7.885452575844677,,
LEU,-60,-60,16,632,0.02531645569620253,-88.51248653523821,-35.06805851229805,,,28.1152090179239,23.900050466040053,,
LEU,-60,-30,6,1662,0.0036101083032490976,70.72605133522524,83.06168202864292,,,10.822002598743572,7.337370156529462,,
LEU,-60,-30,438,1662,0.26353790613718414,-177.72048156124458,59.691764483959844,,,7.560025223901305,6.914332861446286,,
LEU,-60,-30,57,1662,0.03429602888086643,-156.85759885734214,173.71743255827514,,,17.596973207761387,21.5104176537545,,
LEU,-60,-30,20,1662,0.012033694344163659,-158.6416199699541,-76.08213762750933,,,18.331000894076112,9.5533933640479,,
LEU,-60,-30,74,1662,0.044524669073405534,-95.35230828923335,48.091297085865904,,,7.580365097859663,14.209297362502145,,
LEU,-60,-30,1019,1662,0.6131167268351384,-68.91689103825455,174.5713253894388,,,6.044876506143797,6.779612500524154,,
LEU,-60,-30,44,1662,0.026474127557160047,-33.624830163283534,-16.527367196094836,,,40.34857482582951,21.263510743229865,,
LEU,-60,0,6,80,0.075,-92.36812575769241,43.9343812493595,,,8.244482023599309,8.111745203872186,,
LEU,-60,0,67,80,0.8375,-68.39574837823416,173.9066593164346,,,6.201539480504035,7.222565496382689,,
LEU,-60,120,81,149,0.5436241610738255,-174.0180722804737,65.42354563498819,,,8.770736023985183,5.390290407919921,,
LEU,-60,120,8,149,0.053691275167785234,-158.01513189589764,171.58117127141878,,,16.513131628513072,18.7407343994721,,
LEU,-60,120,5,149,0.03355704697986577,-87.78873854476129,50.49511564652893,,,4.336170844490233,24.565786178125204,,
LEU,-60,120,51,149,0.3422818791946309,-66.26179450178049,176.66583352756976,,,9.835287760285208,6.528861652505737,,
LEU,-60,150,26,188,0.13829787234042554,-175.45000142719843,64.66077478871026,,,10.522071769759082,5.914712777527711,,
LEU,-60,150,18,188,0.09574468085106383,-87.02792097520435,47.57942649104952,,,7.349183902869773,17.70890731218124,,
LEU,-60,150,133,188,0.7074468085106383,-65.0069604634791,174.73020001440327,,,6.44539792814099,6.2196954104088045,,
LEU,-60,150,7,188,0.03723404255319149,-23.48996758959243,-5.442661835180421,,,36.42048662085471,8.323917915995557,,
LEU,-30,-60,5,13,0.38461538461538464,-178.62805764868696,51.59978556681182,,,7.853975270502546,4.9123423806994415,,
LEU,0,0,1139,1139,1.0,0.0,0.0,,,0.0,0.0,,
LEU,60,30,19,21,0.9047619047619048,-55.11518014223435,-178.56435202329763,,,7.799844433334481,5.574454673648684,,
ILE,-150,-180,7,10,0.7,61.9994547864326,168.70657734970712,,,6.460264815933722,8.827231946945982,,
ILE,-150,120,9,31,0.2903225806451613,-177.47116053047642,172.0469078127185,,,6.213057828857638,6.857230019762762,,
ILE,-150,120,16,31,0.5161290322580645,-64.41966306521604,172.43714420924996,,,7.690164180290863,9.527871665022028,,
ILE,-150,150,15,56,0.26785714285714285,58.22322355959,171.78133925193566,,,5.277479979708998,8.015333583169504,,
ILE,-150,150,22,56,0.39285714285714285,-173.7496433995977,166.77334285642448,,,8.051532690153898,10.186032741969305,,
ILE,-150,150,8,56,0.14285714285714285,-73.54934375155226,-178.6975571592838,,,12.532164337817,9.91374662090272,,
ILE,-120,-180,24,29,0.8275862068965517,64.90786924603395,170.74874573053535,,,5.146361009797745,6.191836214261431,,
ILE,-120,-60,12,18,0.6666666666666666,-63.25212392999494,172.40683775681924,,,4.319843038939076,7.725107524452564,,
ILE,-120,-60,6,18,0.3333333333333333,-57.947390282731256,-57.12077603126424,,,10.797190318518206,8.975263118556636,,
ILE,-120,-30,8,21,0.38095238095238093,61.09604377717568,178.2823651003925,,,5.859976666268989,11.836313892793871,,
ILE,-120,-30,6,21,0.2857142857142857,-62.97064852318106,160.60412766993724,,,6.346176743005364,9.872333668140536,,
ILE,-120,0,30,36,0.8333333333333334,62.49226206511847,169.5635505525359,,,4.51077663686558,7.9356268215578,,
ILE,-120,30,16,18,0.8888888888888888,59.08728758809912,174.595948714655,,,6.472175586190598,4.412339776653849,,
ILE,-120,90,18,28,0.6428571428571429,-57.47733856957142,175.40239960875473,,,7.200454377573824,7.800364438898991,,
ILE,-120,90,6,28,0.21428571428571427,-51.06830958837444,-67.55070582218802,,,14.257328675619338,11.970719746503189,,
ILE,-120,120,6,392,0.015306122448979591,49.467590380111474,179.98439061229996,,,8.863861030014128,11.975703272684948,,
ILE,-120,120,13,392,0.03316326530612245,-177.0926765134269,164.3961442652182,,,6.065583827081149,5.818573069725314,,
ILE,-120,120,18,392,0.04591836734693878,-61.862980677558966,96.48970376146316,,,4.150886680940115,9.99752542521986,,
ILE,-120,120,284,392,0.7244897959183674,-59.792067931737996,173.75258275485646,,,4.953691099442705,6.942487045024023,,
ILE,-120,120,65,392,0.16581632653061223,-56.04472069326219,-63.13768945787095,,,7.31060398789144,8.159922873633935,,
ILE,-120,150,5,193,0.025906735751295335,72.86665624817195,106.10304299275727,,,4.09236010825313,12.641317827895092,,
ILE,-120,150,91,193,0.47150259067357514,59.719978320142665,172.43751759180594,,,5.932319988429621,6.827086296276557,,
ILE,-120,150,17,193,0.08808290155440414,-171.9505062841513,168.17770194962006,,,5.407638588878294,5.211967353669775,,
ILE,-120,150,8,193,0.04145077720207254,-67.56122004934936,77.27800345789171,,,17.88061960180718,9.025212701346295,,
ILE,-120,150,46,193,0.23834196891191708,-60.47690458620271,174.43815464977655,,,7.14373247042307,8.495238919799695,,
ILE,-120,150,23,193,0.11917098445595854,-55.90772545053246,-63.31899481562148,,,7.517700877483449,10.787969749548687,,
ILE,-90,-180,6,6,1.0,62.09131763942534,174.46284361550263,,,5.393483493190778,9.624440305426877,,
ILE,-90,-60,36,62,0.5806451612903226,-65.12410657859661,174.40438220256908,,,4.700572367340059,5.673716200052869,,
ILE,-90,-60,20,62,0.3225806451612903,-58.28238879155432,-58.5291088333855,,,6.434382391269116,3.990905814021227,,
ILE,-90,-30,16,115,0.1391304347826087,63.88471278464389,172.45707531083454,,,6.356882600864203,8.95785414368971,,
ILE,-90,-30,6,115,0.05217391304347826,-165.01286862864367,62.798057601824304,,,7.621703750438868,10.160854888916672,,
ILE,-90,-30,8,115,0.06956521739130435,-172.18385978975965,163.77054983225105,,,10.421234314053395,4.702951202609804,,
ILE,-90,-30,6,115,0.05217391304347826,-82.76098229289879,75.67044849672833,,,11.41621613244656,16.9153103499918,,
ILE,-90,-30,50,115,0.43478260869565216,-66.69989995387557,173.04985749389738,,,7.228319971329661,9.609194478878928,,
ILE,-90,-30,25,115,0.21739130434782608,-60.798400452012245,-57.11429034781864,,,12.265418509463258,11.06303108873847,,
ILE,-90,0,6,48,0.125,58.46993783776181,99.10360612102507,,,6.781639727090474,1.1599111464923448,,
ILE,-90,0,35,48,0.7291666666666666,64.96559684528049,171.43567883160398,,,4.099369655177029,9.097381097519689,,
ILE,-90,30,5,7,0.7142857142857143,63.45902328264437,169.8694755708663,,,2.953392269300089,3.9232941580578085,,
ILE,-90,90,22,36,0.6111111111111112,-56.94161939013249,179.85590841174687,,,5.854494004484324,4.8134845080744775,,
ILE,-90,90,11,36,0.3055555555555556,-50.355413050102484,-54.94115560600831,,,3.615825367619489,5.877527356159222,,
ILE,-90,120,18,298,0.06040268456375839,-66.16948822605069,83.49123763977613,,,6.842087718698852,10.410837068683382,,
ILE,-90,120,196,298,0.6577181208053692,-60.58752057904208,171.5853023705833,,,4.824847459265407,7.574318805358026,,
ILE,-90,120,79,298,0.2651006711409396,-53.632674464487216,-58.97667146540059,,,6.203030893851893,7.645347328980067,,
ILE,-90,150,17,70,0.24285714285714285,67.28325737604372,165.63651285637854,,,7.346329719839951,7.560516815410618,,
ILE,-90,150,28,70,0.4,-61.000215554836295,172.30084197593473,,,4.524440614376871,5.646846970791224,,
ILE,-90,150,19,70,0.2714285714285714,-56.61173468862151,-59.88002461774547,,,8.668804100447435,13.357842718095538,,
ILE,-60,-60,333,404,0.8242574257425742,-67.34256346555279,171.19180808510623,,,4.9746301477923005,6.488670747628531,,
ILE,-60,-60,65,404,0.1608910891089109,-60.69140101034713,-61.42711161811661,,,5.878682057334864,8.924804696432068,,
ILE,-60,-30,9,751,0.011984021304926764,60.60102837165452,92.61906112349796,,,16.575114512605793,7.242023232750995,,
ILE,-60,-30,35,751,0.04660452729693742,63.782803595897356,175.6555208184904,,,7.008039735233679,7.543521524558347,,
ILE,-60,-30,57,751,0.0758988015978695,-166.11765252885237,66.5092169806345,,,8.256226340427615,5.099391556787569,,
ILE,-60,-30,44,751,0.05858854860186418,-168.04787922005528,170.25504869772757,,,5.334121150672981,7.020776818093312,,
ILE,-60,-30,16,751,0.02130492676431425,-73.44439245354761,75.50965827259326,,,13.073891060504327,19.51329259252073,,
ILE,-60,-30,465,751,0.6191744340878829,-66.7734628908823,171.99846175540588,,,4.950327697086506,6.944487025518332,,
ILE,-60,-30,124,751,0.16511318242343542,-61.27170736428375,-58.915929445355474,,,7.442560154060993,9.096820151284533,,
ILE,-60,0,13,18,0.7222222222222222,63.65835914549012,164.08725798763493,,,4.531378491293456,8.504315527492475,,
ILE,-60,120,67,95,0.7052631578947368,-62.91219585072489,171.68827978550598,,,5.61181679009907,7.321133211395193,,
ILE,-60,120,21,95,0.22105263157894736,-56.62706232201512,-58.189598723382275,,,6.583815742266759,5.567713940719925,,
ILE,-60,150,14,72,0.19444444444444445,60.730074825181774,173.40607645065364,,,2.802302025225323,9.124219267030204,,
ILE,-60,150,5,72,0.06944444444444445,-167.25319030601383,65.25740701493794,,,3.484065405880112,9.879984982992804,,
ILE,-60,150,13,72,0.18055555555555555,-166.5254922908774,170.3982626037058,,,4.69730201163632,4.742973097763856,,
ILE,-60,150,22,72,0.3055555555555556,-63.55635114159055,172.3438986546638,,,5.974130156110591,9.254851659895499,,
ILE,-60,150,13,72,0.18055555555555555,-44.53870311106725,-45.45897661838119,,,26.751327119056025,28.266958456338923,,
ILE,-30,-60,8,12,0.6666666666666666,-62.965145552650476,178.83467998734983,,,4.893093713085163,4.8201691531155895,,
ILE,0,0,728,728,1.0,0.0,0.0,,,0.0,0.0,,
PHE,-180,150,6,11,0.5454545454545454,61.124530325903464,82.67973104943205,,,6.145454475326669,2.039961592363116,,
PHE,-150,-180,7,35,0.2,58.22218227490481,84.48239917543525,,,6.020701341434523,7.994732955271747,,
PHE,-150,-180,23,35,0.6571428571428571,63.337461819338266,-83.81043249292966,,,5.114407558318807,4.014603416161817,,
PHE,-150,90,6,11,0.5454545454545454,-179.44719503738673,60.68590547480036,,,7.048484399038087,10.741722565549248,,
PHE,-150,120,23,34,0.6764705882352942,-175.93588025087192,71.82992727593457,,,5.57352926331445,8.939465544627673,,
PHE,-150,150,41,123,0.3333333333333333,58.25503381661934,84.48598544793595,,,6.940842582144637,3.466169857031273,,
PHE,-150,150,50,123,0.4065040650406504,64.98746478653423,-84.12163793376946,,,5.464141755280454,3.730910840284166,,
PHE,-150,150,7,123,0.056910569105691054,-164.28418016697842,66.48726416686986,,,9.583735351276792,6.522151665425154,,
PHE,-150,150,11,123,0.08943089430894309,-59.361239785328785,83.68554171574922,,,5.830008777650392,4.235539077120818,,
PHE,-150,150,14,123,0.11382113821138211,-61.673529851372,-76.51861715961347,,,7.693042409558994,11.306513503531864,,
PHE,-120,-180,6,18,0.3333333333333333,-58.483663379705874,81.95313917645774,,,4.948984526056684,4.022068770351765,,
PHE,-120,-180,6,18,0.3333333333333333,-54.415363099049095,-80.38781474575399,,,14.956159085312958,10.967953761314794,,
PHE,-120,-30,5,27,0.18518518518518517,-63.476933341589934,83.20487232493215,,,5.528065002419495,4.19600856056548,,
PHE,-120,-30,17,27,0.6296296296296297,-56.565668843712366,-66.08118953546074,,,5.737631386866765,6.564061921752636,,
PHE,-120,0,10,55,0.18181818181818182,-68.80216532937023,84.31677310897098,,,6.958311690214724,3.0921690334643084,,
PHE,-120,0,44,55,0.8,-60.7012833402814,-74.41471051540763,,,6.652472662082633,9.293402380995662,,
PHE,-120,30,6,24,0.25,-65.15885211457497,79.59008358260309,,,2.033792256259151,3.5575048130319042,,
PHE,-120,30,15,24,0.625,-54.68994470194898,-70.70074178004731,,,5.3210000305832645,8.854853366942836,,
PHE,-120,60,12,17,0.7058823529411765,-56.59131691160761,-73.93241962447343,,,6.0866862639292,6.374767210197599,,
PHE,-120,90,6,29,0.20689655172413793,-170.84943926133698,49.984215303363115,,,9.754119613581238,9.60575790160377,,
PHE,-120,90,7,29,0.2413793103448276,-67.25073958308268,85.58427435467941,,,9.19085598960661,1.8903971546511336,,
PHE,-120,90,13,29,0.4482758620689655,-58.48272487481323,-79.9444827186634,,,7.778008238710495,9.80980145438949,,
PHE,-120,120,20,93,0.21505376344086022,177.6409336926556,70.15044689372358,,,5.203049909820952,12.051170115836536,,
PHE,-120,120,31,93,0.3333333333333333,-69.19325581071412,79.69259039002496,,,7.273988191854432,7.029950165189021,,
PHE,-120,120,37,93,0.3978494623655914,-62.32672281267863,-78.20875497966249,,,7.905195057789817,6.863256915544933,,
PHE,-120,150,50,138,0.36231884057971014,-64.14061909028267,81.67130917539804,,,7.02332060877898,4.503812537124411,,
PHE,-120,150,78,138,0.5652173913043478,-62.921797631905555,-79.2540645821581,,,6.856761364712532,8.574422826459827,,
PHE,-90,-180,8,22,0.36363636363636365,-65.66392878068535,67.37677901717176,,,6.442044308500612,14.04441316741984,,
PHE,-90,-180,12,22,0.5454545454545454,-65.98064616772707,-82.13169249731548,,,4.673315303627369,8.62513602118845,,
PHE,-90,-60,11,19,0.5789473684210527,177.7415015034695,69.6222894584235,,,11.196238456093942,10.090358483989489,,
PHE,-90,-60,6,19,0.3157894736842105,-60.92304072450397,-52.41098770342245,,,5.763679481992784,23.043807927120067,,
PHE,-90,-30,16,94,0.1702127659574468,-171.07900944307903,74.64546281034673,,,7.339266272491711,6.006615530209283,,
PHE,-90,-30,16,94,0.1702127659574468,-75.19353110930237,74.30237915698294,,,4.917241074885722,13.001565561413692,,
PHE,-90,-30,57,94,0.6063829787234043,-66.23790912824583,-71.3497790910894,,,7.364222515602206,12.11203438004527,,
PHE,-90,0,31,118,0.2627118644067797,-72.51829898544081,76.0321193004039,,,7.853785474615443,12.448003570472622,,
PHE,-90,0,79,118,0.6694915254237288,-64.78721752566277,-71.22437487423501,,,7.142864794255014,13.603080987269022,,
PHE,-90,60,6,8,0.75,-64.37107400213921,-61.02476361449352,,,10.460617498403517,23.51531927683949,,
PHE,-90,90,5,21,0.23809523809523808,-169.82210318871043,-84.2368125347426,,,5.098520358417305,5.60010516491692,,
PHE,-90,90,5,21,0.23809523809523808,-63.849645180194024,79.31259553483383,,,6.706821971185177,2.9718447953059863,,
PHE,-90,90,9,21,0.42857142857142855,-56.65416450374787,-71.34809303577403,,,9.036957375305464,7.027809046931912,,
PHE,-90,120,34,119,0.2857142857142857,-178.4634884249513,70.19795581775637,,,8.431759038796045,10.496740603800827,,
PHE,-90,120,10,119,0.08403361344537816,-169.77547554509323,-74.12157316519881,,,2.8117156622161947,14.424214014643649,,
PHE,-90,120,23,119,0.19327731092436976,-70.69143033009809,77.94846250776367,,,5.27759125615519,8.284391443022017,,
PHE,-90,120,52,119,0.4369747899159664,-67.99755147594719,-67.67149999938997,,,7.592121594306514,17.86447693097175,,
PHE,-90,150,9,99,0.09090909090909091,-175.42005626469245,80.47160426202656,,,19.245567653760375,5.077045009122098,,
PHE,-90,150,30,99,0.30303030303030304,-76.95136727769675,78.3668383240679,,,5.838460640693455,7.426073327803602,,
PHE,-90,150,57,99,0.5757575757575758,-69.45386660324823,-66.35252015137466,,,7.653188613926622,17.694221539500496,,
PHE,-60,-60,191,282,0.6773049645390071,178.44074951089002,73.27582302652034,,,7.577526511480828,9.038453757888638,,
PHE,-60,-60,43,282,0.1524822695035461,-177.27399059874656,-83.26009796282038,,,6.17338069242115,5.030035663842601,,
PHE,-60,-60,12,282,0.0425531914893617,-89.04963736826387,73.42639571772877,,,7.3070472712846595,13.901857763724683,,
PHE,-60,-60,36,282,0.1276595744680851,-72.10934932012063,-51.58979186259075,,,9.589174050084951,18.52379822615221,,
PHE,-60,-30,18,408,0.04411764705882353,76.02407675587364,82.6944895289912,,,11.717674566475223,4.050359162829305,,
PHE,-60,-30,13,408,0.031862745098039214,70.33083156408884,-81.93695388606899,,,8.302047356762039,2.644370289869849,,
PHE,-60,-30,168,408,0.4117647058823529,178.97615128779015,70.66540074781226,,,6.570986554293764,9.878554419343928,,
PHE,-60,-30,22,408,0.05392156862745098,-176.9433732600066,-83.83040184913668,,,8.386489838261522,3.8713336207523166,,
PHE,-60,-30,48,408,0.11764705882352941,-81.7513864584998,67.3424163142427,,,6.011129363686365,21.996632075153617,,
PHE,-60,-30,139,408,0.34068627450980393,-69.64467637342653,-53.777665777511935,,,7.987014444997216,21.08073583747336,,
PHE,-60,0,8,26,0.3076923076923077,-71.74057423474449,82.31940996430808,,,4.447394183264261,6.714780569064829,,
PHE,-60,0,9,26,0.34615384615384615,-67.64129527390574,-71.44716246491282,,,5.3994519709341064,20.36059396278609,,
PHE,-60,120,39,59,0.6610169491525424,179.4121617192098,74.5770743493813,,,6.751296180999269,7.335103186859192,,
PHE,-60,120,15,59,0.2542372881355932,-70.13758771843968,-54.60452023953378,,,11.631209897338747,12.976467374553359,,
PHE,-60,150,19,62,0.3064516129032258,-177.10571065289034,71.0306965347423,,,7.141641838171563,8.175814958715618,,
PHE,-60,150,13,62,0.20967741935483872,-76.65317109926288,64.98187054740734,,,8.763558568410618,22.103183788517196,,
PHE,-60,150,23,62,0.3709677419354839,-69.15411561526885,-68.02455141560299,,,5.6017544933060766,10.62561737277905,,
PHE,-30,-60,8,13,0.6153846153846154,178.64908403929016,74.51409194932857,,,8.215171915382491,10.863502950557628,,
PHE,0,0,502,502,1.0,0.0,0.0,,,0.0,0.0,,
PHE,60,30,9,23,0.391304347826087,-67.23497567632701,84.91602108133168,,,10.847051665077178,6.9120228674354385,,
PHE,60,30,14,23,0.6086956521739131,-56.29211282342368,-71.07744957703763,,,7.698083927450083,11.077850281854547,,
PHE,60,60,12,14,0.8571428571428571,-54.61682262064407,-76.60749667210091,,,7.771611555114564,6.734720397788514,,
PHE,90,0,5,5,1.0,-56.54221160228637,-57.940991261962964,,,11.705986483562876,21.651170513564303,,
PRO,-90,-180,50,54,0.9259259259259259,33.38794017514553,-36.35932780015876,,,3.8116848704400264,5.525377207550001,,
PRO,-90,-30,24,31,0.7741935483870968,28.356453116765838,-35.04941032413367,,,6.015235586011719,8.393892659666072,,
PRO,-90,0,70,75,0.9333333333333333,34.424304136306006,-36.23955756642307,,,3.6361338836630606,4.825695554226528,,
PRO,-90,30,11,13,0.8461538461538461,36.01473539384226,-39.17663726798986,,,3.450434296987942,3.4079273383745545,,
PRO,-90,60,16,19,0.8421052631578947,30.645361380477883,-33.73957858705121,,,2.2469805114111168,5.499533797407046,,
PRO,-90,90,9,12,0.75,30.149072115172874,-34.03404202751308,,,4.5557377304834406,5.038177977908737,,
PRO,-90,120,23,30,0.7666666666666667,31.754094169422,-36.09529383570362,,,2.5660903025451223,4.54718174212476,,
PRO,-90,120,5,30,0.16666666666666666,-10.21954343425976,29.338518419560433,,,5.432938926035497,5.481614701941387,,
PRO,-90,150,11,141,0.07801418439716312,8.393359752174392,8.886678616205966,,,2.795912340110443,3.4115964881309955,,
PRO,-90,150,111,141,0.7872340425531915,31.30536280621798,-34.901224074795955,,,2.855853322095097,4.7698656595386595,,
PRO,-90,150,18,141,0.1276595744680851,-13.056389126918795,31.038378700620495,,,5.639885111089689,6.23711249911538,,
PRO,-60,-180,47,74,0.6351351351351351,28.198781235812795,-35.069771722892916,,,3.4703497097836262,3.789613472672626,,
PRO,-60,-180,24,74,0.32432432432432434,-22.837984470774042,35.459309535292604,,,4.616555045507523,4.949388732336376,,
PRO,-60,-60,9,85,0.10588235294117647,26.233865541385207,-39.11351894859111,,,5.31035098192654,5.67302908302142,,
PRO,-60,-60,76,85,0.8941176470588236,-28.947076456468483,38.35645497096285,,,3.820049895581942,4.540581336906089,,
PRO,-60,-30,210,661,0.3177004538577912,23.28533337803293,-34.63345177553623,,,4.713797695769073,4.3898621063119325,,
PRO,-60,-30,447,661,0.6762481089258698,-26.715727480684468,37.10106839719887,,,4.039117988081588,4.266955653120736,,
PRO,-60,0,65,100,0.65,26.945709178334315,-35.86536766968232,,,4.1458162974399295,4.496823300372083,,
PRO,-60,0,34,100,0.34,-22.92114958971007,36.944217594873464,,,6.137275312551014,5.766865587049711,,
PRO,-60,60,5,9,0.5555555555555556,28.932019072143067,-36.824883243330085,,,2.3845347363403193,2.4198221148584564,,
PRO,-60,120,57,204,0.27941176470588236,22.066269021229438,-32.71306918598652,,,5.188320775372706,5.304712851508731,,
PRO,-60,120,145,204,0.7107843137254902,-26.257304985813235,37.15535454288963,,,4.23789625089581,4.519031043288812,,
PRO,-60,150,324,827,0.39177750906892383,25.671509738307535,-34.83019274698967,,,4.592671128221816,4.692413610296402,,
PRO,-60,150,500,827,0.6045949214026602,-23.891398236497498,35.325153541652305,,,4.785313927740232,4.624019665498331,,
PRO,-30,-60,18,19,0.9473684210526315,-33.05165661770222,37.09720874872663,,,2.53878197471322,7.6542821999339665,,
PRO,-30,-30,17,21,0.8095238095238095,-32.91978742902772,38.631172871260596,,,2.35092685231259,5.739901115046438,,
PRO,-30,120,11,13,0.8461538461538461,-32.550206397093575,40.35534034964354,,,1.6263294379842437,4.24150409640589,,
PRO,-30,150,9,9,1.0,-33.72843360758921,38.82536796193044,,,1.9167931197488899,4.636964181969281,,
PRO,0,0,535,535,1.0,0.0,0.0,,,0.0,0.0,,
TRP,-150,-180,5,8,0.625,56.22986574498108,-91.10271215113399,,,5.171000212384906,15.22185594887465,,
TRP,-150,150,9,23,0.391304347826087,52.03425353745674,-87.61533151822456,,,8.658465493576454,6.2679739083320225,,
TRP,-150,150,6,23,0.2608695652173913,175.18060854486393,86.64243886384959,,,2.3322499094528832,2.0585558580176433,,
TRP,-120,-180,5,5,1.0,-61.82413475855149,76.05451758604065,,,7.339251174087913,21.101124931774827,,
TRP,-120,0,5,7,0.7142857142857143,-55.4363510313101,-68.00128762328849,,,5.104370097824408,27.22499933391203,,
TRP,-120,120,12,24,0.5,-71.46644041133803,89.11910870037794,,,6.122737062017334,12.753857274613733,,
TRP,-120,120,6,24,0.25,-75.55486259101588,-87.90654803878593,,,8.767543436995073,5.149626905975014,,
TRP,-120,150,26,37,0.7027027027027027,-66.53395947519589,81.38148006660117,,,6.959127880556596,13.322101835406322,,
TRP,-120,150,6,37,0.16216216216216217,-62.347330010659874,-84.89538336317112,,,4.010472214260311,12.150755101073855,,
TRP,-90,-30,23,28,0.8214285714285714,-70.8133237834359,95.99051500493,,,6.260912259506775,19.47952215339934,,
TRP,-90,0,15,27,0.5555555555555556,-67.51349169284371,99.8974992569016,,,8.31546772192142,9.25077256337896,,
TRP,-90,0,5,27,0.18518518518518517,-67.36181347362024,-16.997747162227064,,,4.498025481805337,10.711311978458632,,
TRP,-90,120,7,22,0.3181818181818182,-173.37102306441722,-83.63773075039141,,,6.789062567729631,29.638435147403246,,
TRP,-90,120,12,22,0.5454545454545454,-73.86028957112416,93.8778045029946,,,10.014760518368023,11.30086232581856,,
TRP,-90,150,26,37,0.7027027027027027,-65.38351442665663,93.82865105704087,,,5.71863249622832,8.386225011754702,,
TRP,-60,-60,41,94,0.43617021276595747,179.16836695878897,83.09748735073333,,,6.6546820918117175,5.627379443395179,,
TRP,-60,-60,6,94,0.06382978723404255,-179.2675701607603,-129.801744281753,,,4.173306556239501,8.43217126925969,,
TRP,-60,-60,24,94,0.2553191489361702,-179.50720220204167,-95.080785628319,,,7.963161678536605,12.705353152954,,
TRP,-60,-60,9,94,0.09574468085106383,-87.03452747403044,109.8031599867452,,,9.873232628936288,5.014616178038177,,
TRP,-60,-60,10,94,0.10638297872340426,-67.06404373201087,-11.296824423223159,,,8.912996688243725,5.5617092676072355,,
TRP,-60,-30,29,187,0.15508021390374332,63.45067207586574,-93.07092490376121,,,6.849429004596906,6.764034833672942,,
TRP,-60,-30,43,187,0.22994652406417113,177.66048631556055,82.29134368574047,,,6.319328314134218,7.896499851289379,,
TRP,-60,-30,28,187,0.1497326203208556,179.19474432076848,-98.72377111378992,,,7.103864381511944,10.819574785815083,,
TRP,-60,-30,50,187,0.26737967914438504,-74.85929721918926,101.90028822932865,,,6.951143744299017,13.99992989210597,,
TRP,-60,-30,8,187,0.0427807486631016,-61.93402749298129,128.57311840517372,,,8.879269418363327,3.867661722730964,,
TRP,-60,-30,21,187,0.11229946524064172,-69.54356547923166,-18.218714076264888,,,9.648082649550059,13.059308979239248,,
TRP,-60,120,7,17,0.4117647058823529,-175.04780880543333,81.17608172300456,,,3.6771973808769833,8.154941707949886,,
TRP,-60,150,8,25,0.32,-168.6373711864388,-101.8868987479043,,,7.9744151518246005,8.544271989618275,,
TRP,-60,150,11,25,0.44,-63.628916443297136,92.84037215722647,,,7.862494411119123,17.423379735936955,,
TRP,0,0,126,126,1.0,0.0,0.0,,,0.0,0.0,,
TYR,-180,150,5,11,0.45454545454545453,58.32746930436294,87.62828634795125,,,10.47844327176383,3.947472268681737,,
TYR,-180,150,5,11,0.45454545454545453,64.97671244872564,-86.51845725020901,,,8.591629794867659,2.0135535916011404,,
TYR,-150,-180,14,29,0.4827586206896552,58.037464327345155,81.85383469586526,,,8.02707632213365,4.945854338913844,,
TYR,-150,-180,15,29,0.5172413793103449,69.4928803799484,-78.66435701472746,,,7.143809303217319,4.948550110367382,,
TYR,-150,120,17,26,0.6538461538461539,176.73629910880152,69.82383769836807,,,8.08740461941527,9.617375814796883,,
TYR,-150,150,27,95,0.28421052631578947,62.7177169069939,80.88773165290158,,,5.86147554885505,4.975413370198122,,
TYR,-150,150,28,95,0.29473684210526313,68.20596311916583,-83.02075529014553,,,4.9593172444183695,4.736267814765202,,
TYR,-150,150,10,95,0.10526315789473684,-168.48694137957222,75.6109699005512,,,11.72491396776286,7.684983528064453,,
TYR,-150,150,13,95,0.1368421052631579,-61.2841443720699,82.57497241443325,,,4.702263834015562,3.516762408058373,,
TYR,-150,150,16,95,0.16842105263157894,-62.25668257064912,-72.25057099036864,,,10.2115150759456,8.030312413685966,,
TYR,-120,-180,5,13,0.38461538461538464,-62.140110712153664,80.36841264420526,,,5.7785934290246805,5.313962038633011,,
TYR,-120,-180,6,13,0.46153846153846156,-54.72429285455243,-73.76094468737358,,,5.438694165955191,9.392121086718593,,
TYR,-120,-30,12,17,0.7058823529411765,-59.14154416627656,-75.91780406987866,,,5.955320031704157,6.262330618091787,,
TYR,-120,0,5,44,0.11363636363636363,-56.64506836069898,83.98638071543863,,,5.5314986669808155,2.9807277995668877,,
TYR,-120,0,34,44,0.7727272727272727,-62.857472964209805,-72.94402704929195,,,6.926433059245436,10.228366674852914,,
TYR,-120,30,8,32,0.25,-59.20914623777486,85.31986898377782,,,8.689313446591337,3.596342387654301,,
TYR,-120,30,22,32,0.6875,-56.5065005086937,-72.67178437046663,,,6.021796161435294,6.0844972219033115,,
TYR,-120,60,16,19,0.8421052631578947,-50.90289703178245,-72.80616755452904,,,5.34004696207885,9.59567278560677,,
TYR,-120,90,10,17,0.5882352941176471,-53.248068196386974,-66.86757509142423,,,7.196729004702748,10.148302502355385,,
TYR,-120,120,32,95,0.3368421052631579,175.31221681982302,66.26910563593015,,,7.399980734492823,13.085554223848323,,
TYR,-120,120,7,95,0.07368421052631578,-172.70226535154043,-76.14119552571785,,,11.464818104030494,15.059346715014211,,
TYR,-120,120,27,95,0.28421052631578947,-63.20952323505208,78.33655564502533,,,6.123056040383585,5.8892552988798315,,
TYR,-120,120,29,95,0.30526315789473685,-61.510932634405215,-71.58858482648817,,,7.646198865032432,15.167825557185385,,
TYR,-120,150,7,146,0.04794520547945205,62.70349365316558,78.9620703506463,,,1.8064146597985424,5.186741803020317,,
TYR,-120,150,7,146,0.04794520547945205,58.65503000096791,-82.72633264396381,,,5.500431008617944,1.971711281981152,,
TYR,-120,150,6,146,0.0410958904109589,176.60604277523436,77.2426090860009,,,3.6888057060681367,8.107009532219813,,
TYR,-120,150,56,146,0.3835616438356164,-65.89609344022678,79.61093156419317,,,7.4487728101450905,6.547601343457618,,
TYR,-120,150,69,146,0.4726027397260274,-61.7945222995277,-78.26648198275065,,,6.990471033040307,7.517464289452008,,
TYR,-90,-180,8,15,0.5333333333333333,-57.55948076138731,-68.09838806757409,,,12.05224785536082,21.031663044402432,,
TYR,-90,-60,6,14,0.42857142857142855,169.62231268187992,67.4050633474459,,,4.198254118632997,6.778361617504972,,
TYR,-90,-30,8,74,0.10810810810810811,-174.94089842631453,78.45156724489534,,,9.26440039426995,8.254796133900806,,
TYR,-90,-30,11,74,0.14864864864864866,-68.21960738142991,81.57425773197446,,,5.840729194275437,6.100659665352234,,
TYR,-90,-30,49,74,0.6621621621621622,-63.382911571384824,-62.18421946544744,,,9.522778944095652,16.994010423705024,,
TYR,-90,0,8,90,0.08888888888888889,62.037671290082,78.87709640648976,,,7.812402855969373,3.765527919399864,,
TYR,-90,0,16,90,0.17777777777777778,-71.44576527230276,83.69733468521217,,,6.998387971827836,6.563275432381489,,
TYR,-90,0,64,90,0.7111111111111111,-65.37429162029188,-71.69108925569333,,,6.587976320345376,11.77733708336048,,
TYR,-90,30,12,16,0.75,-60.722612490342435,-70.1910143324742,,,7.1049904542249465,8.025736345319082,,
TYR,-90,120,22,74,0.2972972972972973,177.52128548209058,68.16487027066157,,,6.601799325935179,11.523606516616704,,
TYR,-90,120,8,74,0.10810810810810811,-175.34729250500055,-81.52155242282217,,,9.374027416732144,6.650759452315805,,
TYR,-90,120,16,74,0.21621621621621623,-66.77474016189358,79.7512873242773,,,7.5306655394989255,10.204205638470999,,
TYR,-90,120,28,74,0.3783783783783784,-65.09812699830502,-79.04509772536105,,,7.125141662056988,6.1278872922637255,,
TYR,-90,150,5,84,0.05952380952380952,63.33498471491549,82.01105234494304,,,3.360668687800281,6.148660773329498,,
TYR,-90,150,7,84,0.08333333333333333,-176.4883735186002,70.42017822027661,,,9.347611681278515,7.430639524592272,,
TYR,-90,150,18,84,0.21428571428571427,-66.25762929529039,81.86461430992523,,,7.14994124630238,5.178014481929786,,
TYR,-90,150,50,84,0.5952380952380952,-67.82158063707378,-75.3414734936933,,,7.1422640634229735,9.640710477116931,,
TYR,-60,-60,198,317,0.6246056782334385,177.21300006002724,76.64186447648196,,,6.5629909080674995,7.629731079256677,,
TYR,-60,-60,56,317,0.17665615141955837,-175.54473864199215,-82.86349352158365,,,6.367713654353411,5.32956987467282,,
TYR,-60,-60,7,317,0.022082018927444796,-78.5826025421256,72.23984995852184,,,7.313612712602247,11.393144568194426,,
TYR,-60,-60,56,317,0.17665615141955837,-74.50789605415714,-43.83029905376887,,,11.464697787949572,17.643399350830528,,
TYR,-60,-30,16,438,0.0365296803652968,69.43747313129076,82.54775115137718,,,7.464865357488305,7.478830130010711,,
TYR,-60,-30,12,438,0.0273972602739726,75.05056269035771,-81.77679878836932,,,6.490740360765902,3.8235799711307967,,
TYR,-60,-30,183,438,0.4178082191780822,-179.25324808608622,74.94971315462378,,,7.089442285894898,8.986727935225323,,
TYR,-60,-30,38,438,0.0867579908675799,-176.29491451657148,-85.4783160671859,,,7.770613050800682,3.703930020759082,,
TYR,-60,-30,30,438,0.0684931506849315,-84.10279371346313,40.4631345759659,,,7.58351586838267,30.140395061121648,,
TYR,-60,-30,159,438,0.363013698630137,-72.04203312715592,-53.09796941878646,,,9.112189908113026,20.629720045493883,,
TYR,-60,0,8,21,0.38095238095238093,62.55232285313467,77.10584943764998,,,4.9180639975191855,6.955431741845721,,
TYR,-60,0,11,21,0.5238095238095238,-72.29586823273615,-49.06860749593218,,,12.154231233474993,27.338895400868253,,
TYR,-60,30,6,8,0.75,-174.1287485697392,59.926189808257305,,,9.587840724083279,4.504657823163573,,
TYR,-60,120,28,40,0.7,-178.6339905709062,72.63006806184936,,,6.057122793096276,8.864112991680564,,
TYR,-60,120,5,40,0.125,-168.13849079709902,-82.32813413227521,,,2.665395997567151,2.4398991429414423,,
TYR,-60,120,5,40,0.125,-77.24485751410656,-68.36064928284762,,,5.370359239690557,7.212834877517772,,
TYR,-60,150,17,47,0.3617021276595745,-177.6201579609884,76.75582681962977,,,6.979997460629333,6.379617789264434,,
TYR,-60,150,9,47,0.19148936170212766,-81.11409016459066,59.22467891164449,,,4.88857156612546,19.56821534230894,,
TYR,-60,150,19,47,0.40425531914893614,-68.09824495998183,-71.01880014205511,,,12.41901479117819,10.390940558315075,,
TYR,-30,-60,5,12,0.4166666666666667,179.43892506360294,74.46266833827677,,,3.7871256661236457,8.263427998532249,,
TYR,-30,-60,5,12,0.4166666666666667,-168.89494655312464,-76.5621010453859,,,3.6465751973333194,14.240618438930982,,
TYR,0,0,395,395,1.0,0.0,0.0,,,0.0,0.0,,
TYR,60,0,5,8,0.625,-58.14964834465717,-59.96131070508013,,,7.308435735546231,8.624101628908134,,
TYR,60,30,8,13,0.6153846153846154,-61.857858959556566,-72.53168365936499,,,7.570600516928633,4.486904275196805,,
TYR,60,60,5,7,0.7142857142857143,-56.89271477635425,-54.319787387527136,,,12.18787377331176,6.929962882574653,,
CYS,-180,-180,7,7,1.0,64.9051550943757,,,,6.892546771530703,,,
CYS,-180,150,5,7,0.7142857142857143,73.31629055037428,,,,8.025560280037608,,,
CYS,-150,-180,12,13,0.9230769230769231,61.98784280926638,,,,3.224710549385519,,,
CYS,-150,90,5,5,1.0,-173.28972738868802,,,,1.268761489863518,,,
CYS,-150,120,13,14,0.9285714285714286,-176.85487312044467,,,,8.641169726869448,,,
CYS,-150,150,26,38,0.6842105263157895,61.909017812227304,,,,5.51991503347773,,,
CYS,-150,150,10,38,0.2631578947368421,-177.55790845213667,,,,5.260402115249623,,,
CYS,-120,0,7,13,0.5384615384615384,73.02963924432791,,,,4.973337365558789,,,
CYS,-120,0,5,13,0.38461538461538464,-62.23049559444074,,,,7.405485312027737,,,
CYS,-120,30,5,12,0.4166666666666667,61.69396917942414,,,,12.003261114046811,,,
CYS,-120,30,7,12,0.5833333333333334,-62.23475685423807,,,,5.642346828552724,,,
CYS,-120,120,18,31,0.5806451612903226,-174.99289763137827,,,,8.62084073221668,,,
CYS,-120,120,12,31,0.3870967741935484,-60.50159479997236,,,,8.292334806686025,,,
CYS,-120,150,8,45,0.17777777777777778,63.74660305349936,,,,13.557327194151867,,,
CYS,-120,150,8,45,0.17777777777777778,-175.52356982148478,,,,5.598004743223779,,,
CYS,-120,150,29,45,0.6444444444444445,-59.65765460998333,,,,8.497372182805865,,,
CYS,-90,-60,5,6,0.8333333333333334,-27.231494003692422,,,,26.139784790594085,,,
CYS,-90,-30,5,28,0.17857142857142858,-172.40225231899595,,,,4.007135128517726,,,
CYS,-90,-30,19,28,0.6785714285714286,-67.33263097526014,,,,9.480042850817105,,,
CYS,-90,0,11,27,0.4074074074074074,64.16638838584929,,,,7.944924091389273,,,
CYS,-90,0,16,27,0.5925925925925926,-64.88604613939934,,,,3.9929185957594506,,,
CYS,-90,120,23,36,0.6388888888888888,-177.88522514318234,,,,6.667166214262695,,,
CYS,-90,120,13,36,0.3611111111111111,-59.539503355290826,,,,5.131983039916637,,,
CYS,-90,150,18,25,0.72,-66.02962143583665,,,,12.5047314851481,,,
CYS,-60,-60,24,67,0.3582089552238806,-175.87675355796458,,,,8.246527975230626,,,
CYS,-60,-60,43,67,0.6417910447761194,-71.91641780675798,,,,5.968711806026267,,,
CYS,-60,-30,10,139,0.07194244604316546,62.2220191527359,,,,4.195441832483315,,,
CYS,-60,-30,20,139,0.14388489208633093,-176.23734482675786,,,,11.480384785050566,,,
CYS,-60,-30,109,139,0.7841726618705036,-71.90971781973997,,,,5.7966511493801525,,,
CYS,-60,0,10,14,0.7142857142857143,-60.99637302808442,,,,10.583979607701748,,,
CYS,-60,120,18,24,0.75,-173.91101036005068,,,,6.599983454434446,,,
CYS,-60,120,6,24,0.25,-56.86124521548886,,,,8.470981353015564,,,
CYS,-60,150,10,30,0.3333333333333333,71.69798893866131,,,,10.098450525143,,,
CYS,-60,150,10,30,0.3333333333333333,-175.4505676423051,,,,5.391550093394594,,,
CYS,-60,150,10,30,0.3333333333333333,-60.67657067383164,,,,19.08189707939424,,,
CYS,0,0,148,148,1.0,0.0,,,,0.0,,,
SER,-180,-180,8,10,0.8,70.11758852461027,,,,12.487972757650146,,,
SER,-180,150,8,14,0.5714285714285714,61.90910753823598,,,,13.163032186441797,,,
SER,-180,150,6,14,0.42857142857142855,-176.48389031034807,,,,7.109325164642336,,,
SER,-150,-180,70,76,0.9210526315789473,65.72349342855121,,,,7.1996599476104075,,,
SER,-150,-150,5,6,0.8333333333333334,-176.9116484521164,,,,4.6424180156820665,,,
SER,-150,90,7,10,0.7,-173.52358435914223,,,,9.43016008437098,,,
SER,-150,120,5,49,0.10204081632653061,61.918419374257354,,,,7.296821891147065,,,
SER,-150,120,39,49,0.7959183673469388,-178.14400404211455,,,,6.344463116075062,,,
SER,-150,120,5,49,0.10204081632653061,-50.17088522570327,,,,32.73571822495157,,,
SER,-150,150,87,164,0.5304878048780488,65.34046144704423,,,,7.361321397625862,,,
SER,-150,150,58,164,0.35365853658536583,177.0950339819761,,,,9.110259684839187,,,
SER,-150,150,19,164,0.11585365853658537,-61.90819885573856,,,,11.743607491606424,,,
SER,-120,-180,21,46,0.45652173913043476,65.46539843267773,,,,7.525166183146433,,,
SER,-120,-180,7,46,0.15217391304347827,-177.6002794082416,,,,7.898725481897924,,,
SER,-120,-180,18,46,0.391304347826087,-60.183273466688284,,,,15.079695907409318,,,
SER,-120,-30,8,13,0.6153846153846154,-60.0842548361205,,,,3.6456268679239203,,,
SER,-120,0,24,37,0.6486486486486487,62.97578113108857,,,,7.167524880956798,,,
SER,-120,0,12,37,0.32432432432432434,-58.285695814115996,,,,8.681766862204809,,,
SER,-120,30,9,21,0.42857142857142855,61.179763350665034,,,,3.3983838750279,,,
SER,-120,30,11,21,0.5238095238095238,-59.74667155754736,,,,10.28957250126312,,,
SER,-120,90,7,14,0.5,173.23767431302093,,,,7.344462353960295,,,
SER,-120,90,5,14,0.35714285714285715,-48.59869956688523,,,,3.948194490716838,,,
SER,-120,120,11,65,0.16923076923076924,60.975207521123735,,,,7.212078037984749,,,
SER,-120,120,31,65,0.47692307692307695,177.93510220420598,,,,7.301245084619602,,,
SER,-120,120,23,65,0.35384615384615387,-62.13942108218298,,,,9.856971385236598,,,
SER,-120,150,35,116,0.3017241379310345,61.02045884542392,,,,8.169368533473326,,,
SER,-120,150,35,116,0.3017241379310345,173.06557088032494,,,,6.8195974402932364,,,
SER,-120,150,46,116,0.39655172413793105,-59.90683756735824,,,,7.893375925776568,,,
SER,-90,-180,33,46,0.717391304347826,63.95199252660845,,,,6.828391094467096,,,
SER,-90,-180,10,46,0.21739130434782608,-60.034517714944336,,,,8.698700639629545,,,
SER,-90,-60,5,18,0.2777777777777778,55.42589732839864,,,,2.077044748070853,,,
SER,-90,-60,7,18,0.3888888888888889,174.50437475570666,,,,10.115571773907783,,,
SER,-90,-60,6,18,0.3333333333333333,-67.88227957317172,,,,6.636365687087892,,,
SER,-90,-30,57,111,0.5135135135135135,64.76122085996197,,,,7.65458042169307,,,
SER,-90,-30,11,111,0.0990990990990991,174.54431653459716,,,,12.523276301014413,,,
SER,-90,-30,43,111,0.38738738738738737,-61.0075910983978,,,,7.444690813961787,,,
SER,-90,0,119,178,0.6685393258426966,65.69644594071427,,,,9.025408472395315,,,
SER,-90,0,57,178,0.3202247191011236,-61.307480407311836,,,,9.431857445825223,,,
SER,-90,30,10,18,0.5555555555555556,66.18112760142819,,,,7.4908514260468495,,,
SER,-90,30,7,18,0.3888888888888889,-64.8118425356868,,,,14.742905727439808,,,
SER,-90,90,10,15,0.6666666666666666,177.79796805684578,,,,11.243055066952342,,,
SER,-90,90,5,15,0.3333333333333333,-55.982999277614624,,,,5.271777967263805,,,
SER,-90,120,5,77,0.06493506493506493,46.70706575767003,,,,8.867192474141886,,,
SER,-90,120,47,77,0.6103896103896104,175.39660328506056,,,,8.682270819739454,,,
SER,-90,120,25,77,0.3246753246753247,-60.04052753964531,,,,7.049205148347814,,,
SER,-90,150,75,149,0.5033557046979866,66.628440180938,,,,6.722973993062103,,,
SER,-90,150,40,149,0.2684563758389262,171.71608400862772,,,,7.381597017176845,,,
SER,-90,150,34,149,0.22818791946308725,-63.65148942943824,,,,7.016421586800751,,,
SER,-60,-180,19,31,0.6129032258064516,61.840715262350734,,,,8.717669053553323,,,
SER,-60,-180,8,31,0.25806451612903225,-37.048459218360634,,,,21.568260192372225,,,
SER,-60,-60,32,217,0.14746543778801843,63.40729652780247,,,,11.824050009851883,,,
SER,-60,-60,88,217,0.4055299539170507,179.4579404095464,,,,8.923454073252215,,,
SER,-60,-60,97,217,0.4470046082949309,-61.65007361016527,,,,12.22342835298117,,,
SER,-60,-30,350,768,0.4557291666666667,64.73620159813186,,,,8.867635405569574,,,
SER,-60,-30,141,768,0.18359375,177.1334074051643,,,,9.257632177691352,,,
SER,-60,-30,277,768,0.3606770833333333,-65.20484301314407,,,,7.282743361691648,,,
SER,-60,0,54,76,0.7105263157894737,66.03961992686608,,,,7.011189089836581,,,
SER,-60,0,7,76,0.09210526315789473,163.19502354082115,,,,12.391211307792641,,,
SER,-60,0,15,76,0.19736842105263158,-64.12783987890425,,,,13.115197709656092,,,
SER,-60,120,9,53,0.16981132075471697,70.25812842566671,,,,7.001759372286263,,,
SER,-60,120,38,53,0.7169811320754716,175.2871220533546,,,,6.824173881406615,,,
SER,-60,120,6,53,0.11320754716981132,-62.27891426805389,,,,4.579814654352923,,,
SER,-60,150,96,221,0.4343891402714932,68.00509115643031,,,,7.226500373772156,,,
SER,-60,150,79,221,0.3574660633484163,176.31179899445405,,,,7.5464411967867875,,,
SER,-60,150,46,221,0.2081447963800905,-65.88402682155485,,,,6.99007880775692,,,
SER,-30,-60,6,13,0.46153846153846156,-77.32143342563184,,,,15.650842712292834,,,
SER,-30,-30,5,10,0.5,170.87517905034736,,,,13.62130513839356,,,
SER,0,0,599,600,0.9983333333333333,0.0,,,,0.0,,,
SER,60,-150,7,8,0.875,175.53646409641237,,,,7.829503187230829,,,
SER,60,30,22,27,0.8148148148148148,-59.00178980514258,,,,5.7239725625068525,,,
SER,60,60,9,13,0.6923076923076923,-52.64160667356512,,,,14.43827788881519,,,
THR,-180,150,8,10,0.8,174.08945268581596,,,,8.241619758062908,,,
THR,-150,-180,21,49,0.42857142857142855,64.29496206105516,,,,7.463420480070649,,,
THR,-150,-180,27,49,0.5510204081632653,-171.68898719748103,,,,4.367681786878528,,,
THR,-150,0,6,9,0.6666666666666666,61.347124371193125,,,,8.481193137186851,,,
THR,-150,120,5,27,0.18518518518518517,170.63633501340738,,,,6.377705677555678,,,
THR,-150,120,20,27,0.7407407407407407,-58.899101338655306,,,,6.62736003728193,,,
THR,-150,150,48,127,0.3779527559055118,59.764822410194135,,,,7.426429723740287,,,
THR,-150,150,53,127,0.41732283464566927,-178.4544286658633,,,,6.4855466892275215,,,
THR,-150,150,26,127,0.2047244094488189,-52.89102444634892,,,,10.326381598345083,,,
THR,-120,-180,56,63,0.8888888888888888,63.69800155154462,,,,6.619319970634541,,,
THR,-120,-180,5,63,0.07936507936507936,-165.52683245018804,,,,10.31769992558058,,,
THR,-120,-60,6,11,0.5454545454545454,63.940687148308385,,,,15.473989285940052,,,
THR,-120,-30,42,52,0.8076923076923077,60.21765815597548,,,,5.3223068114030285,,,
THR,-120,-30,5,52,0.09615384615384616,-166.7547775078599,,,,18.28580523400535,,,
THR,-120,-30,5,52,0.09615384615384616,-88.79352527444965,,,,17.41295077502025,,,
THR,-120,0,76,82,0.926829268292683,60.83455828456765,,,,4.643891315031156,,,
THR,-120,30,34,37,0.918918918918919,55.43971980072166,,,,6.1066879327958645,,,
THR,-120,60,6,6,1.0,57.298412723772444,,,,2.1766191788348084,,,
THR,-120,90,7,17,0.4117647058823529,56.890456511244246,,,,3.8905000380038053,,,
THR,-120,90,10,17,0.5882352941176471,-54.96355614113808,,,,10.069606800590845,,,
THR,-120,120,17,136,0.125,63.35137721712727,,,,11.575910039660096,,,
THR,-120,120,8,136,0.058823529411764705,177.99102272120976,,,,5.255712718215849,,,
THR,-120,120,111,136,0.8161764705882353,-58.638428455669946,,,,5.564400375063892,,,
THR,-120,150,125,200,0.625,61.517006153430906,,,,6.3961300832499495,,,
THR,-120,150,24,200,0.12,-179.04570246398842,,,,9.482269785258541,,,
THR,-120,150,51,200,0.255,-58.145620081636906,,,,10.817317390866746,,,
THR,-90,-180,64,73,0.8767123287671232,64.23563138655538,,,,5.311811692414384,,,
THR,-90,-180,5,73,0.0684931506849315,-42.45426268665487,,,,24.942406654051045,,,
THR,-90,-60,10,13,0.7692307692307693,-61.39705909936242,,,,5.073633692268991,,,
THR,-90,-30,80,129,0.6201550387596899,60.89520388256005,,,,6.86294035508815,,,
THR,-90,-30,11,129,0.08527131782945736,-176.67432186096812,,,,15.92826812330919,,,
THR,-90,-30,38,129,0.29457364341085274,-57.64529470250083,,,,8.226374223857604,,,
THR,-90,0,123,136,0.9044117647058824,60.437286755727236,,,,5.925618317234503,,,
THR,-90,0,10,136,0.07352941176470588,-40.51483855980846,,,,25.470043285453276,,,
THR,-90,30,15,17,0.8823529411764706,57.471251065748554,,,,6.905962948129511,,,
THR,-90,60,8,12,0.6666666666666666,63.15426785641113,,,,9.414505244840228,,,
THR,-90,90,9,13,0.6923076923076923,-53.17336309666291,,,,4.5737771248163375,,,
THR,-90,120,12,121,0.09917355371900827,55.87057524466659,,,,7.634561652802767,,,
THR,-90,120,109,121,0.9008264462809917,-60.04198865950381,,,,6.404422164655977,,,
THR,-90,150,85,124,0.6854838709677419,62.819373426882585,,,,7.114731006337252,,,
THR,-90,150,11,124,0.08870967741935484,-175.87579189950486,,,,10.46651428450829,,,
THR,-90,150,28,124,0.22580645161290322,-54.84729931917017,,,,10.229890210069396,,,
THR,-60,-180,18,21,0.8571428571428571,65.23318662930727,,,,6.415995305356987,,,
THR,-60,-60,30,234,0.1282051282051282,55.37019327079768,,,,14.311777640212958,,,
THR,-60,-60,204,234,0.8717948717948718,-60.9599820037456,,,,6.740018831912714,,,
THR,-60,-30,166,513,0.3235867446393762,60.269278837537115,,,,8.036286008222369,,,
THR,-60,-30,16,513,0.031189083820662766,-176.51219079615436,,,,9.366092524341502,,,
THR,-60,-30,331,513,0.645224171539961,-60.00408688643454,,,,7.463486242960157,,,
THR,-60,0,27,31,0.8709677419354839,62.61378906162183,,,,6.661701809307844,,,
THR,-60,120,60,65,0.9230769230769231,-56.90058297941725,,,,6.567634860134841,,,
THR,-60,150,63,109,0.5779816513761468,64.91010878772593,,,,6.862351030204009,,,
THR,-60,150,12,109,0.11009174311926606,177.5984825706923,,,,9.621183176440812,,,
THR,-60,150,34,109,0.3119266055045872,-59.45805834710792,,,,11.277572101691433,,,
THR,-30,-60,6,9,0.6666666666666666,-58.475266480936455,,,,2.549470442243463,,,
THR,0,0,543,543,1.0,0.0,,,,0.0,,,
VAL,-150,-180,18,19,0.9473684210526315,-64.14839990310115,,,,5.104590589368673,,,
VAL,-150,90,7,7,1.0,178.6523209549654,,,,3.592558344612145,,,
VAL,-150,120,8,46,0.17391304347826086,56.31467772141524,,,,4.719446301769527,,,
VAL,-150,120,31,46,0.6739130434782609,177.48807785356993,,,,5.704719895714988,,,
VAL,-150,120,7,46,0.15217391304347827,-45.090214303788,,,,29.76746896900233,,,
VAL,-150,150,27,128,0.2109375,63.079056728459044,,,,5.758218089318821,,,
VAL,-150,150,32,128,0.25,177.14036972028612,,,,9.991957773178502,,,
VAL,-150,150,69,128,0.5390625,-62.83792119571783,,,,6.365154542418888,,,
VAL,-120,-180,33,41,0.8048780487804879,-61.73284129991887,,,,6.258781303416452,,,
VAL,-120,-60,10,12,0.8333333333333334,174.1325959306739,,,,5.633793620886613,,,
VAL,-120,-30,6,39,0.15384615384615385,65.60639939807199,,,,11.392104409697902,,,
VAL,-120,-30,16,39,0.41025641025641024,172.1732625625335,,,,18.445882252542145,,,
VAL,-120,-30,17,39,0.4358974358974359,-61.788748015961716,,,,11.448456691338126,,,
VAL,-120,0,7,49,0.14285714285714285,80.60686161390471,,,,6.109594360189549,,,
VAL,-120,0,38,49,0.7755102040816326,-61.79544033213097,,,,5.981974979888191,,,
VAL,-120,30,16,23,0.6956521739130435,-60.78387365141021,,,,5.725976802251689,,,
VAL,-120,90,38,39,0.9743589743589743,-179.88243348171258,,,,4.263561495094705,,,
VAL,-120,120,20,430,0.046511627906976744,50.79589113388471,,,,14.091985521684236,,,
VAL,-120,120,394,430,0.9162790697674419,177.93596703285934,,,,4.951605953973572,,,
VAL,-120,120,16,430,0.037209302325581395,-55.488171190143674,,,,20.762906902753183,,,
VAL,-120,150,32,290,0.1103448275862069,61.24892453148074,,,,6.967618876212192,,,
VAL,-120,150,129,290,0.44482758620689655,178.08962610494294,,,,7.043296116153638,,,
VAL,-120,150,129,290,0.44482758620689655,-60.077393972106144,,,,6.5533778462716255,,,
VAL,-90,-180,5,6,0.8333333333333334,-64.64265484854779,,,,9.275949578840608,,,
VAL,-90,-60,51,56,0.9107142857142857,176.0234035401478,,,,4.666232155817053,,,
VAL,-90,-30,13,121,0.10743801652892562,69.85879091746506,,,,11.338691138590795,,,
VAL,-90,-30,72,121,0.5950413223140496,174.634692367389,,,,5.55797374257384,,,
VAL,-90,-30,36,121,0.2975206611570248,-54.76137723527723,,,,13.063408147543992,,,
VAL,-90,0,7,48,0.14583333333333334,78.45105967607178,,,,8.456723965672742,,,
VAL,-90,0,37,48,0.7708333333333334,-59.26969597230179,,,,7.519029731797443,,,
VAL,-90,30,5,5,1.0,-59.47911559023884,,,,2.7940992648184797,,,
VAL,-90,90,5,31,0.16129032258064516,36.893190394978774,,,,8.05920136567065,,,
VAL,-90,90,26,31,0.8387096774193549,178.14762329420978,,,,4.685701288230605,,,
VAL,-90,120,13,321,0.040498442367601244,46.188885931570745,,,,12.569439294500333,,,
VAL,-90,120,301,321,0.9376947040498442,177.39217803089957,,,,4.450633769031465,,,
VAL,-90,120,7,321,0.021806853582554516,-14.882252730855146,,,,23.807734189379964,,,
VAL,-90,150,9,105,0.08571428571428572,61.5260571936361,,,,11.46639948930174,,,
VAL,-90,150,73,105,0.6952380952380952,177.3852864270686,,,,6.467084987403528,,,
VAL,-90,150,23,105,0.21904761904761905,-59.431752808404916,,,,7.216712826637269,,,
VAL,-60,-60,7,384,0.018229166666666668,51.90528071997161,,,,15.316411012873395,,,
VAL,-60,-60,373,384,0.9713541666666666,172.63983663119842,,,,4.903717516234832,,,
VAL,-60,-30,95,725,0.1310344827586207,62.2676088526917,,,,9.748770494206438,,,
VAL,-60,-30,539,725,0.743448275862069,172.89381496671695,,,,5.98807123418254,,,
VAL,-60,-30,91,725,0.12551724137931033,-58.18739457933785,,,,9.97183994926692,,,
VAL,-60,0,6,20,0.3,81.67042429504939,,,,1.0775155656942081,,,
VAL,-60,0,11,20,0.55,-60.077651295191416,,,,2.5475630720953313,,,
VAL,-60,120,8,104,0.07692307692307693,59.359994760547465,,,,14.652585708681745,,,
VAL,-60,120,91,104,0.875,175.4885688005256,,,,4.910154842678363,,,
VAL,-60,120,5,104,0.04807692307692308,-71.77281040143608,,,,4.7661126337232105,,,
VAL,-60,150,11,75,0.14666666666666667,63.017012158792106,,,,6.59000896645564,,,
VAL,-60,150,39,75,0.52,174.44996781245467,,,,6.248880166703125,,,
VAL,-60,150,25,75,0.3333333333333333,-64.04154735108258,,,,7.185175871482426,,,
VAL,-30,-60,6,7,0.8571428571428571,172.4517448361668,,,,5.420252059541511,,,
VAL,-30,-30,5,6,0.8333333333333334,-179.78705807776444,,,,3.4660359598116424,,,
VAL,0,0,787,787,1.0,0.0,,,,0.0,,,
